symbol,name,market,csv
920270.SH,天铭科技,A股,..\data\a_share\920270.SH.csv
920438.SH,戈碧迦,A股,..\data\a_share\920438.SH.csv
301028.SZ,鼎熔岩,A股,..\data\a_share\301028.SZ.csv
300488.SZ,恒锋工具,A股,..\data\a_share\300488.SZ.csv
688260.SH,昀冢科技,A股,..\data\a_share\688260.SH.csv
300283.SZ,温州宏丰,A股,..\data\a_share\300283.SZ.csv
301183.SZ,东田微,A股,..\data\a_share\301183.SZ.csv
688818.SH,电科蓝天,A股,..\data\a_share\688818.SH.csv
300258.SZ,精锻科技,A股,..\data\a_share\300258.SZ.csv
300716.SZ,*ST泉为,A股,..\data\a_share\300716.SZ.csv
301369.SZ,联动科技,A股,..\data\a_share\301369.SZ.csv
920036.SH,觅睿科技,A股,..\data\a_share\920036.SH.csv
301666.SZ,大普微-UW,A股,..\data\a_share\301666.SZ.csv
300736.SZ,百邦科技,A股,..\data\a_share\300736.SZ.csv
301030.SZ,*ST仕净,A股,..\data\a_share\301030.SZ.csv
688033.SH,*ST天宜,A股,..\data\a_share\688033.SH.csv
688523.SH,航天环宇,A股,..\data\a_share\688523.SH.csv
688655.SH,迅捷兴,A股,..\data\a_share\688655.SH.csv
688017.SH,绿的谐波,A股,..\data\a_share\688017.SH.csv
301387.SZ,光大同创,A股,..\data\a_share\301387.SZ.csv
688096.SH,京源环保,A股,..\data\a_share\688096.SH.csv
300106.SZ,西部牧业,A股,..\data\a_share\300106.SZ.csv
300819.SZ,聚杰微纤,A股,..\data\a_share\300819.SZ.csv
300247.SZ,融捷健康,A股,..\data\a_share\300247.SZ.csv
301696.SZ,三瑞智能,A股,..\data\a_share\301696.SZ.csv
688693.SH,锴威特,A股,..\data\a_share\688693.SH.csv
300839.SZ,博汇股份,A股,..\data\a_share\300839.SZ.csv
688449.SH,联芸科技,A股,..\data\a_share\688449.SH.csv
688001.SH,华兴源创,A股,..\data\a_share\688001.SH.csv
920002.SH,万达轴承,A股,..\data\a_share\920002.SH.csv
300840.SZ,酷特智能,A股,..\data\a_share\300840.SZ.csv
920028.SH,新恒泰,A股,..\data\a_share\920028.SH.csv
300671.SZ,富满微,A股,..\data\a_share\300671.SZ.csv
688048.SH,长光华芯,A股,..\data\a_share\688048.SH.csv
920078.SH,族兴新材,A股,..\data\a_share\920078.SH.csv
688511.SH,天微电子,A股,..\data\a_share\688511.SH.csv
688783.SH,西安奕材-U,A股,..\data\a_share\688783.SH.csv
300834.SZ,星辉环材,A股,..\data\a_share\300834.SZ.csv
300095.SZ,华伍股份,A股,..\data\a_share\300095.SZ.csv
301111.SZ,粤万年青,A股,..\data\a_share\301111.SZ.csv
920571.SH,国航远洋,A股,..\data\a_share\920571.SH.csv
000839.SZ,国安股份,A股,..\data\a_share\000839.SZ.csv
300983.SZ,尤安设计,A股,..\data\a_share\300983.SZ.csv
600076.SH,康欣新材,A股,..\data\a_share\600076.SH.csv
600724.SH,宁波富达,A股,..\data\a_share\600724.SH.csv
603028.SH,赛福天,A股,..\data\a_share\603028.SH.csv
600222.SH,太龙药业,A股,..\data\a_share\600222.SH.csv
002642.SZ,荣联科技,A股,..\data\a_share\002642.SZ.csv
000720.SZ,新能泰山,A股,..\data\a_share\000720.SZ.csv
600984.SH,建设机械,A股,..\data\a_share\600984.SH.csv
600480.SH,凌云股份,A股,..\data\a_share\600480.SH.csv
603278.SH,大业股份,A股,..\data\a_share\603278.SH.csv
600748.SH,上实发展,A股,..\data\a_share\600748.SH.csv
002798.SZ,帝欧水华,A股,..\data\a_share\002798.SZ.csv
603878.SH,武进不锈,A股,..\data\a_share\603878.SH.csv
605169.SH,洪通燃气,A股,..\data\a_share\605169.SH.csv
600683.SH,京投发展,A股,..\data\a_share\600683.SH.csv
000678.SZ,襄阳轴承,A股,..\data\a_share\000678.SZ.csv
600589.SH,大位科技,A股,..\data\a_share\600589.SH.csv
600992.SH,贵绳股份,A股,..\data\a_share\600992.SH.csv
000782.SZ,恒申新材,A股,..\data\a_share\000782.SZ.csv
002624.SZ,完美世界,A股,..\data\a_share\002624.SZ.csv
002474.SZ,榕基软件,A股,..\data\a_share\002474.SZ.csv
603012.SH,创力集团,A股,..\data\a_share\603012.SH.csv
002965.SZ,祥鑫科技,A股,..\data\a_share\002965.SZ.csv
600130.SH,波导股份,A股,..\data\a_share\600130.SH.csv
603937.SH,丽岛新材,A股,..\data\a_share\603937.SH.csv
002629.SZ,仁智股份,A股,..\data\a_share\002629.SZ.csv
605566.SH,福莱蒽特,A股,..\data\a_share\605566.SH.csv
600855.SH,航天长峰,A股,..\data\a_share\600855.SH.csv
600783.SH,鲁信创投,A股,..\data\a_share\600783.SH.csv
000710.SZ,贝瑞基因,A股,..\data\a_share\000710.SZ.csv
002866.SZ,传艺科技,A股,..\data\a_share\002866.SZ.csv
002865.SZ,钧达股份,A股,..\data\a_share\002865.SZ.csv
603400.SH,华之杰,A股,..\data\a_share\603400.SH.csv
603373.SH,安邦护卫,A股,..\data\a_share\603373.SH.csv
000547.SZ,航天发展,A股,..\data\a_share\000547.SZ.csv
002930.SZ,宏川智慧,A股,..\data\a_share\002930.SZ.csv
603667.SH,五洲新春,A股,..\data\a_share\603667.SH.csv
600343.SH,航天动力,A股,..\data\a_share\600343.SH.csv
002491.SZ,通鼎互联,A股,..\data\a_share\002491.SZ.csv
002902.SZ,铭普光磁,A股,..\data\a_share\002902.SZ.csv
002256.SZ,兆新股份,A股,..\data\a_share\002256.SZ.csv
603636.SH,南威软件,A股,..\data\a_share\603636.SH.csv
002655.SZ,共达电声,A股,..\data\a_share\002655.SZ.csv
600234.SH,科新发展,A股,..\data\a_share\600234.SH.csv
002281.SZ,光迅科技,A股,..\data\a_share\002281.SZ.csv
002317.SZ,众生药业,A股,..\data\a_share\002317.SZ.csv
002979.SZ,雷赛智能,A股,..\data\a_share\002979.SZ.csv
603459.SH,红板科技,A股,..\data\a_share\603459.SH.csv
002132.SZ,恒星科技,A股,..\data\a_share\002132.SZ.csv
002222.SZ,福晶科技,A股,..\data\a_share\002222.SZ.csv
002929.SZ,润建股份,A股,..\data\a_share\002929.SZ.csv
600936.SH,北投科技,A股,..\data\a_share\600936.SH.csv
000659.SZ,珠海中富,A股,..\data\a_share\000659.SZ.csv
001267.SZ,汇绿生态,A股,..\data\a_share\001267.SZ.csv
605189.SH,富春染织,A股,..\data\a_share\605189.SH.csv
605289.SH,罗曼股份,A股,..\data\a_share\605289.SH.csv
605055.SH,迎丰股份,A股,..\data\a_share\605055.SH.csv
002580.SZ,圣阳股份,A股,..\data\a_share\002580.SZ.csv
003036.SZ,泰坦股份,A股,..\data\a_share\003036.SZ.csv
002009.SZ,天奇股份,A股,..\data\a_share\002009.SZ.csv
603618.SH,杭电股份,A股,..\data\a_share\603618.SH.csv
600498.SH,烽火通信,A股,..\data\a_share\600498.SH.csv
603311.SH,金海高科,A股,..\data\a_share\603311.SH.csv
002536.SZ,飞龙股份,A股,..\data\a_share\002536.SZ.csv
002091.SZ,江苏国泰,A股,..\data\a_share\002091.SZ.csv
600391.SH,航发科技,A股,..\data\a_share\600391.SH.csv
603045.SH,福达合金,A股,..\data\a_share\603045.SH.csv
600536.SH,中国软件,A股,..\data\a_share\600536.SH.csv
605358.SH,立昂微,A股,..\data\a_share\605358.SH.csv
605006.SH,山东玻纤,A股,..\data\a_share\605006.SH.csv
603738.SH,泰晶科技,A股,..\data\a_share\603738.SH.csv
001333.SZ,光华股份,A股,..\data\a_share\001333.SZ.csv
600078.SH,澄星股份,A股,..\data\a_share\600078.SH.csv
002997.SZ,瑞鹄模具,A股,..\data\a_share\002997.SZ.csv
605086.SH,龙高股份,A股,..\data\a_share\605086.SH.csv
600345.SH,长江通信,A股,..\data\a_share\600345.SH.csv
002259.SZ,升达林业,A股,..\data\a_share\002259.SZ.csv
600545.SH,卓郎智能,A股,..\data\a_share\600545.SH.csv
002918.SZ,蒙娜丽莎,A股,..\data\a_share\002918.SZ.csv
000582.SZ,北部湾港,A股,..\data\a_share\000582.SZ.csv
603758.SH,秦安股份,A股,..\data\a_share\603758.SH.csv
002552.SZ,宝鼎科技,A股,..\data\a_share\002552.SZ.csv
600530.SH,交大昂立,A股,..\data\a_share\600530.SH.csv
002031.SZ,巨轮智能,A股,..\data\a_share\002031.SZ.csv
000036.SZ,华联控股,A股,..\data\a_share\000036.SZ.csv
000863.SZ,三湘印象,A股,..\data\a_share\000863.SZ.csv
002397.SZ,梦洁股份,A股,..\data\a_share\002397.SZ.csv
002520.SZ,日发精机,A股,..\data\a_share\002520.SZ.csv
002030.SZ,达安基因,A股,..\data\a_share\002030.SZ.csv
601991.SH,大唐发电,A股,..\data\a_share\601991.SH.csv
300755.SZ,华致酒行,A股,..\data\a_share\300755.SZ.csv
300129.SZ,泰胜风能,A股,..\data\a_share\300129.SZ.csv
300864.SZ,南大环境,A股,..\data\a_share\300864.SZ.csv
920510.SH,丰光精密,A股,..\data\a_share\920510.SH.csv
688282.SH,理工导航,A股,..\data\a_share\688282.SH.csv
688182.SH,灿勤科技,A股,..\data\a_share\688182.SH.csv
300599.SZ,雄塑科技,A股,..\data\a_share\300599.SZ.csv
920156.SH,海昌智能,A股,..\data\a_share\920156.SH.csv
300905.SZ,宝丽迪,A股,..\data\a_share\300905.SZ.csv
920533.SH,骏创科技,A股,..\data\a_share\920533.SH.csv
300321.SZ,同大股份,A股,..\data\a_share\300321.SZ.csv
300049.SZ,福瑞医科,A股,..\data\a_share\300049.SZ.csv
301000.SZ,肇民科技,A股,..\data\a_share\301000.SZ.csv
920100.SH,三协电机,A股,..\data\a_share\920100.SH.csv
688307.SH,中润光学,A股,..\data\a_share\688307.SH.csv
002008.SZ,大族激光,A股,..\data\a_share\002008.SZ.csv
301595.SZ,太力科技,A股,..\data\a_share\301595.SZ.csv
300901.SZ,中胤时尚,A股,..\data\a_share\300901.SZ.csv
603010.SH,万盛股份,A股,..\data\a_share\603010.SH.csv
300946.SZ,恒而达,A股,..\data\a_share\300946.SZ.csv
003001.SZ,中岩大地,A股,..\data\a_share\003001.SZ.csv
605598.SH,上海港湾,A股,..\data\a_share\605598.SH.csv
300594.SZ,ST朗进,A股,..\data\a_share\300594.SZ.csv
688456.SH,有研粉材,A股,..\data\a_share\688456.SH.csv
300849.SZ,锦盛新材,A股,..\data\a_share\300849.SZ.csv
603418.SH,友升股份,A股,..\data\a_share\603418.SH.csv
300561.SZ,*ST汇科,A股,..\data\a_share\300561.SZ.csv
300570.SZ,太辰光,A股,..\data\a_share\300570.SZ.csv
301261.SZ,恒工精密,A股,..\data\a_share\301261.SZ.csv
002244.SZ,滨江集团,A股,..\data\a_share\002244.SZ.csv
603637.SH,镇海股份,A股,..\data\a_share\603637.SH.csv
002213.SZ,大为股份,A股,..\data\a_share\002213.SZ.csv
920663.SH,明阳科技,A股,..\data\a_share\920663.SH.csv
001278.SZ,一彬科技,A股,..\data\a_share\001278.SZ.csv
301207.SZ,华兰疫苗,A股,..\data\a_share\301207.SZ.csv
301603.SZ,乔锋智能,A股,..\data\a_share\301603.SZ.csv
688568.SH,中科星图,A股,..\data\a_share\688568.SH.csv
688692.SH,达梦数据,A股,..\data\a_share\688692.SH.csv
301089.SZ,拓新药业,A股,..\data\a_share\301089.SZ.csv
301680.SZ,固德电材,A股,..\data\a_share\301680.SZ.csv
300900.SZ,广联航空,A股,..\data\a_share\300900.SZ.csv
301525.SZ,儒竞科技,A股,..\data\a_share\301525.SZ.csv
301328.SZ,维峰电子,A股,..\data\a_share\301328.SZ.csv
300790.SZ,宇瞳光学,A股,..\data\a_share\300790.SZ.csv
920183.SH,海菲曼,A股,..\data\a_share\920183.SH.csv
301687.SZ,新广益,A股,..\data\a_share\301687.SZ.csv
688350.SH,富淼科技,A股,..\data\a_share\688350.SH.csv
301088.SZ,戎美股份,A股,..\data\a_share\301088.SZ.csv
300461.SZ,田中精机,A股,..\data\a_share\300461.SZ.csv
603915.SH,国茂股份,A股,..\data\a_share\603915.SH.csv
920180.SH,爱得科技,A股,..\data\a_share\920180.SH.csv
301319.SZ,唯特偶,A股,..\data\a_share\301319.SZ.csv
603950.SH,长源东谷,A股,..\data\a_share\603950.SH.csv
300518.SZ,新迅达,A股,..\data\a_share\300518.SZ.csv
002428.SZ,云南锗业,A股,..\data\a_share\002428.SZ.csv
605222.SH,起帆电缆,A股,..\data\a_share\605222.SH.csv
301629.SZ,矽电股份,A股,..\data\a_share\301629.SZ.csv
688076.SH,ST诺泰,A股,..\data\a_share\688076.SH.csv
301682.SZ,宏明电子,A股,..\data\a_share\301682.SZ.csv
300507.SZ,苏奥传感,A股,..\data\a_share\300507.SZ.csv
688203.SH,海正生材,A股,..\data\a_share\688203.SH.csv
603608.SH,天创时尚,A股,..\data\a_share\603608.SH.csv
301413.SZ,安培龙,A股,..\data\a_share\301413.SZ.csv
920953.SH,国子软件,A股,..\data\a_share\920953.SH.csv
688229.SH,博睿数据,A股,..\data\a_share\688229.SH.csv
600249.SH,两面针,A股,..\data\a_share\600249.SH.csv
000697.SZ,炼石航空,A股,..\data\a_share\000697.SZ.csv
000700.SZ,模塑科技,A股,..\data\a_share\000700.SZ.csv
603037.SH,凯众股份,A股,..\data\a_share\603037.SH.csv
600743.SH,华远控股,A股,..\data\a_share\600743.SH.csv
688799.SH,华纳药厂,A股,..\data\a_share\688799.SH.csv
300052.SZ,中青宝,A股,..\data\a_share\300052.SZ.csv
688807.SH,优迅股份,A股,..\data\a_share\688807.SH.csv
688757.SH,胜科纳米,A股,..\data\a_share\688757.SH.csv
688178.SH,万德斯,A股,..\data\a_share\688178.SH.csv
688510.SH,航亚科技,A股,..\data\a_share\688510.SH.csv
920111.SH,聚星科技,A股,..\data\a_share\920111.SH.csv
300852.SZ,四会富仕,A股,..\data\a_share\300852.SZ.csv
001313.SZ,粤海饲料,A股,..\data\a_share\001313.SZ.csv
688545.SH,兴福电子,A股,..\data\a_share\688545.SH.csv
300672.SZ,国科微,A股,..\data\a_share\300672.SZ.csv
002943.SZ,宇晶股份,A股,..\data\a_share\002943.SZ.csv
300572.SZ,安车检测,A股,..\data\a_share\300572.SZ.csv
688485.SH,九州一轨,A股,..\data\a_share\688485.SH.csv
920578.SH,巨能股份,A股,..\data\a_share\920578.SH.csv
688820.SH,盛合晶微,A股,..\data\a_share\688820.SH.csv
001331.SZ,胜通能源,A股,..\data\a_share\001331.SZ.csv
603293.SH,埃泰克,A股,..\data\a_share\603293.SH.csv
688418.SH,震有科技,A股,..\data\a_share\688418.SH.csv
301220.SZ,亚香股份,A股,..\data\a_share\301220.SZ.csv
300508.SZ,维宏股份,A股,..\data\a_share\300508.SZ.csv
300718.SZ,长盛轴承,A股,..\data\a_share\300718.SZ.csv
300421.SZ,力星股份,A股,..\data\a_share\300421.SZ.csv
601882.SH,海天精工,A股,..\data\a_share\601882.SH.csv
603030.SH,全筑股份,A股,..\data\a_share\603030.SH.csv
600522.SH,中天科技,A股,..\data\a_share\600522.SH.csv
301079.SZ,邵阳液压,A股,..\data\a_share\301079.SZ.csv
688781.SH,视涯科技-UW,A股,..\data\a_share\688781.SH.csv
603162.SH,海通发展,A股,..\data\a_share\603162.SH.csv
688061.SH,灿瑞科技,A股,..\data\a_share\688061.SH.csv
300955.SZ,嘉亨家化,A股,..\data\a_share\300955.SZ.csv
603289.SH,泰瑞机器,A股,..\data\a_share\603289.SH.csv
605111.SH,新洁能,A股,..\data\a_share\605111.SH.csv
600118.SH,中国卫星,A股,..\data\a_share\600118.SH.csv
300865.SZ,大宏立,A股,..\data\a_share\300865.SZ.csv
920873.SH,中设咨询,A股,..\data\a_share\920873.SH.csv
601003.SH,柳钢股份,A股,..\data\a_share\601003.SH.csv
300948.SZ,冠中生态,A股,..\data\a_share\300948.SZ.csv
688184.SH,ST帕瓦,A股,..\data\a_share\688184.SH.csv
300854.SZ,中兰环保,A股,..\data\a_share\300854.SZ.csv
920011.SH,晨光电机,A股,..\data\a_share\920011.SH.csv
000026.SZ,飞亚达,A股,..\data\a_share\000026.SZ.csv
301003.SZ,江苏博云,A股,..\data\a_share\301003.SZ.csv
920124.SH,南特科技,A股,..\data\a_share\920124.SH.csv
301115.SZ,联检科技,A股,..\data\a_share\301115.SZ.csv
920116.SH,星图测控,A股,..\data\a_share\920116.SH.csv
300828.SZ,锐新科技,A股,..\data\a_share\300828.SZ.csv
920055.SH,隆源股份,A股,..\data\a_share\920055.SH.csv
300345.SZ,华民股份,A股,..\data\a_share\300345.SZ.csv
603399.SH,永杉锂业,A股,..\data\a_share\603399.SH.csv
002189.SZ,中光学,A股,..\data\a_share\002189.SZ.csv
300381.SZ,溢多利,A股,..\data\a_share\300381.SZ.csv
603331.SH,百达精工,A股,..\data\a_share\603331.SH.csv
003009.SZ,中天火箭,A股,..\data\a_share\003009.SZ.csv
920418.SH,苏轴股份,A股,..\data\a_share\920418.SH.csv
300845.SZ,捷安高科,A股,..\data\a_share\300845.SZ.csv
002800.SZ,天顺股份,A股,..\data\a_share\002800.SZ.csv
300476.SZ,胜宏科技,A股,..\data\a_share\300476.SZ.csv
603353.SH,和顺石油,A股,..\data\a_share\603353.SH.csv
603773.SH,沃格光电,A股,..\data\a_share\603773.SH.csv
600929.SH,雪天盐业,A股,..\data\a_share\600929.SH.csv
002827.SZ,高争民爆,A股,..\data\a_share\002827.SZ.csv
001312.SZ,福恩股份,A股,..\data\a_share\001312.SZ.csv
688811.SH,有研复材,A股,..\data\a_share\688811.SH.csv
300872.SZ,天阳科技,A股,..\data\a_share\300872.SZ.csv
300695.SZ,兆丰股份,A股,..\data\a_share\300695.SZ.csv
300469.SZ,信息发展,A股,..\data\a_share\300469.SZ.csv
601126.SH,四方股份,A股,..\data\a_share\601126.SH.csv
300102.SZ,乾照光电,A股,..\data\a_share\300102.SZ.csv
002489.SZ,浙江永强,A股,..\data\a_share\002489.SZ.csv
300270.SZ,中威电子,A股,..\data\a_share\300270.SZ.csv
002755.SZ,奥赛康,A股,..\data\a_share\002755.SZ.csv
603334.SH,丰倍生物,A股,..\data\a_share\603334.SH.csv
688816.SH,易思维,A股,..\data\a_share\688816.SH.csv
603629.SH,利通电子,A股,..\data\a_share\603629.SH.csv
000801.SZ,四川九洲,A股,..\data\a_share\000801.SZ.csv
688102.SH,斯瑞新材,A股,..\data\a_share\688102.SH.csv
603657.SH,春光科技,A股,..\data\a_share\603657.SH.csv
002396.SZ,星网锐捷,A股,..\data\a_share\002396.SZ.csv
600751.SH,海航科技,A股,..\data\a_share\600751.SH.csv
002203.SZ,海亮股份,A股,..\data\a_share\002203.SZ.csv
002075.SZ,沙钢股份,A股,..\data\a_share\002075.SZ.csv
603488.SH,展鹏科技,A股,..\data\a_share\603488.SH.csv
000738.SZ,航发控制,A股,..\data\a_share\000738.SZ.csv
300301.SZ,ST长方,A股,..\data\a_share\300301.SZ.csv
688223.SH,晶科能源,A股,..\data\a_share\688223.SH.csv
000791.SZ,甘肃能源,A股,..\data\a_share\000791.SZ.csv
301055.SZ,张小泉,A股,..\data\a_share\301055.SZ.csv
601872.SH,招商轮船,A股,..\data\a_share\601872.SH.csv
688127.SH,蓝特光学,A股,..\data\a_share\688127.SH.csv
601515.SH,衢州东峰,A股,..\data\a_share\601515.SH.csv
603960.SH,克来机电,A股,..\data\a_share\603960.SH.csv
000042.SZ,中洲控股,A股,..\data\a_share\000042.SZ.csv
603296.SH,华勤技术,A股,..\data\a_share\603296.SH.csv
688109.SH,品茗科技,A股,..\data\a_share\688109.SH.csv
300920.SZ,润阳科技,A股,..\data\a_share\300920.SZ.csv
300863.SZ,卡倍亿,A股,..\data\a_share\300863.SZ.csv
603868.SH,飞科电器,A股,..\data\a_share\603868.SH.csv
600368.SH,五洲交通,A股,..\data\a_share\600368.SH.csv
600331.SH,宏达股份,A股,..\data\a_share\600331.SH.csv
301046.SZ,能辉科技,A股,..\data\a_share\301046.SZ.csv
300159.SZ,*ST新研,A股,..\data\a_share\300159.SZ.csv
002683.SZ,广东宏大,A股,..\data\a_share\002683.SZ.csv
920821.SH,则成电子,A股,..\data\a_share\920821.SH.csv
688191.SH,智洋创新,A股,..\data\a_share\688191.SH.csv
603231.SH,索宝蛋白,A股,..\data\a_share\603231.SH.csv
603223.SH,恒通股份,A股,..\data\a_share\603223.SH.csv
603380.SH,易德龙,A股,..\data\a_share\603380.SH.csv
603298.SH,杭叉集团,A股,..\data\a_share\603298.SH.csv
688552.SH,航天南湖,A股,..\data\a_share\688552.SH.csv
301225.SZ,恒勃股份,A股,..\data\a_share\301225.SZ.csv
300639.SZ,凯普生物,A股,..\data\a_share\300639.SZ.csv
300302.SZ,同有科技,A股,..\data\a_share\300302.SZ.csv
003031.SZ,中瓷电子,A股,..\data\a_share\003031.SZ.csv
002134.SZ,天津普林,A股,..\data\a_share\002134.SZ.csv
002357.SZ,富临运业,A股,..\data\a_share\002357.SZ.csv
002664.SZ,信质集团,A股,..\data\a_share\002664.SZ.csv
002599.SZ,盛通股份,A股,..\data\a_share\002599.SZ.csv
688085.SH,三友医疗,A股,..\data\a_share\688085.SH.csv
600389.SH,江山股份,A股,..\data\a_share\600389.SH.csv
605068.SH,明新旭腾,A股,..\data\a_share\605068.SH.csv
688066.SH,*ST航图,A股,..\data\a_share\688066.SH.csv
605369.SH,拱东医疗,A股,..\data\a_share\605369.SH.csv
000626.SZ,远大控股,A股,..\data\a_share\000626.SZ.csv
920593.SH,鼎智科技,A股,..\data\a_share\920593.SH.csv
688432.SH,有研硅,A股,..\data\a_share\688432.SH.csv
600319.SH,亚星化学,A股,..\data\a_share\600319.SH.csv
002861.SZ,瀛通通讯,A股,..\data\a_share\002861.SZ.csv
300075.SZ,数字政通,A股,..\data\a_share\300075.SZ.csv
300536.SZ,农尚环境,A股,..\data\a_share\300536.SZ.csv
601026.SH,道生天合,A股,..\data\a_share\601026.SH.csv
603117.SH,万林物流,A股,..\data\a_share\603117.SH.csv
600790.SH,轻纺城,A股,..\data\a_share\600790.SH.csv
300516.SZ,久之洋,A股,..\data\a_share\300516.SZ.csv
603681.SH,永冠新材,A股,..\data\a_share\603681.SH.csv
300234.SZ,开尔新材,A股,..\data\a_share\300234.SZ.csv
600100.SH,同方股份,A股,..\data\a_share\600100.SH.csv
600879.SH,航天电子,A股,..\data\a_share\600879.SH.csv
301066.SZ,万事利,A股,..\data\a_share\301066.SZ.csv
920576.SH,天力复合,A股,..\data\a_share\920576.SH.csv
603007.SH,花王股份,A股,..\data\a_share\603007.SH.csv
600221.SH,海航控股,A股,..\data\a_share\600221.SH.csv
688712.SH,北芯生命,A股,..\data\a_share\688712.SH.csv
300342.SZ,天银机电,A股,..\data\a_share\300342.SZ.csv
301368.SZ,丰立智能,A股,..\data\a_share\301368.SZ.csv
300027.SZ,ST华谊,A股,..\data\a_share\300027.SZ.csv
601698.SH,中国卫通,A股,..\data\a_share\601698.SH.csv
301005.SZ,超捷股份,A股,..\data\a_share\301005.SZ.csv
603392.SH,万泰生物,A股,..\data\a_share\603392.SH.csv
002669.SZ,康达新材,A股,..\data\a_share\002669.SZ.csv
300858.SZ,科拓生物,A股,..\data\a_share\300858.SZ.csv
003027.SZ,同兴科技,A股,..\data\a_share\003027.SZ.csv
603341.SH,龙旗科技,A股,..\data\a_share\603341.SH.csv
301213.SZ,观想科技,A股,..\data\a_share\301213.SZ.csv
688387.SH,信科移动-U,A股,..\data\a_share\688387.SH.csv
920080.SH,奥美森,A股,..\data\a_share\920080.SH.csv
301395.SZ,仁信新材,A股,..\data\a_share\301395.SZ.csv
300044.SZ,*ST赛为,A股,..\data\a_share\300044.SZ.csv
603665.SH,康隆达,A股,..\data\a_share\603665.SH.csv
688309.SH,恒誉环保,A股,..\data\a_share\688309.SH.csv
603257.SH,中国瑞林,A股,..\data\a_share\603257.SH.csv
600336.SH,澳柯玛,A股,..\data\a_share\600336.SH.csv
600207.SH,安彩高科,A股,..\data\a_share\600207.SH.csv
301613.SZ,新铝时代,A股,..\data\a_share\301613.SZ.csv
688581.SH,安杰思,A股,..\data\a_share\688581.SH.csv
002976.SZ,瑞玛精密,A股,..\data\a_share\002976.SZ.csv
300349.SZ,金卡智能,A股,..\data\a_share\300349.SZ.csv
000016.SZ,*ST康佳A,A股,..\data\a_share\000016.SZ.csv
600826.SH,兰生股份,A股,..\data\a_share\600826.SH.csv
600105.SH,永鼎股份,A股,..\data\a_share\600105.SH.csv
603916.SH,苏博特,A股,..\data\a_share\603916.SH.csv
002048.SZ,宁波华翔,A股,..\data\a_share\002048.SZ.csv
000911.SZ,*ST广糖,A股,..\data\a_share\000911.SZ.csv
002183.SZ,怡 亚 通,A股,..\data\a_share\002183.SZ.csv
000545.SZ,金浦钛业,A股,..\data\a_share\000545.SZ.csv
600228.SH,*ST返利,A股,..\data\a_share\600228.SH.csv
920857.SH,泓禧科技,A股,..\data\a_share\920857.SH.csv
000826.SZ,*ST启环,A股,..\data\a_share\000826.SZ.csv
600381.SH,*ST春天,A股,..\data\a_share\600381.SH.csv
688279.SH,峰岹科技,A股,..\data\a_share\688279.SH.csv
002429.SZ,兆驰股份,A股,..\data\a_share\002429.SZ.csv
002693.SZ,*ST双成,A股,..\data\a_share\002693.SZ.csv
603031.SH,安孚科技,A股,..\data\a_share\603031.SH.csv
603189.SH,*ST网达,A股,..\data\a_share\603189.SH.csv
603843.SH,*ST正平,A股,..\data\a_share\603843.SH.csv
605336.SH,*ST帅电,A股,..\data\a_share\605336.SH.csv
301199.SZ,迈赫股份,A股,..\data\a_share\301199.SZ.csv
301288.SZ,*ST清研,A股,..\data\a_share\301288.SZ.csv
002207.SZ,*ST准油,A股,..\data\a_share\002207.SZ.csv
003004.SZ,*ST声迅,A股,..\data\a_share\003004.SZ.csv
600892.SH,*ST大晟,A股,..\data\a_share\600892.SH.csv
002289.SZ,*ST宇顺,A股,..\data\a_share\002289.SZ.csv
003032.SZ,*ST传智,A股,..\data\a_share\003032.SZ.csv
002569.SZ,*ST步森,A股,..\data\a_share\002569.SZ.csv
688028.SH,沃尔德,A股,..\data\a_share\688028.SH.csv
603580.SH,*ST艾艾,A股,..\data\a_share\603580.SH.csv
002211.SZ,ST宏达,A股,..\data\a_share\002211.SZ.csv
603869.SH,ST智知,A股,..\data\a_share\603869.SH.csv
002519.SZ,银河电子,A股,..\data\a_share\002519.SZ.csv
603959.SH,ST百利,A股,..\data\a_share\603959.SH.csv
600476.SH,*ST湘邮,A股,..\data\a_share\600476.SH.csv
000668.SZ,*ST荣控,A股,..\data\a_share\000668.SZ.csv
002199.SZ,*ST东晶,A股,..\data\a_share\002199.SZ.csv
600337.SH,ST美克,A股,..\data\a_share\600337.SH.csv
002691.SZ,*ST冀凯,A股,..\data\a_share\002691.SZ.csv
600761.SH,安徽合力,A股,..\data\a_share\600761.SH.csv
600734.SH,*ST实达,A股,..\data\a_share\600734.SH.csv
002522.SZ,浙江众成,A股,..\data\a_share\002522.SZ.csv
688375.SH,国博电子,A股,..\data\a_share\688375.SH.csv
600730.SH,*ST高科,A股,..\data\a_share\600730.SH.csv
920351.SH,华光源海,A股,..\data\a_share\920351.SH.csv
603194.SH,中力股份,A股,..\data\a_share\603194.SH.csv
300553.SZ,集智股份,A股,..\data\a_share\300553.SZ.csv
688448.SH,磁谷科技,A股,..\data\a_share\688448.SH.csv
000909.SZ,*ST数源,A股,..\data\a_share\000909.SZ.csv
603828.SH,*ST利达,A股,..\data\a_share\603828.SH.csv
301371.SZ,敷尔佳,A股,..\data\a_share\301371.SZ.csv
688584.SH,上海合晶,A股,..\data\a_share\688584.SH.csv
300809.SZ,华辰装备,A股,..\data\a_share\300809.SZ.csv
603709.SH,中源家居,A股,..\data\a_share\603709.SH.csv
600988.SH,赤峰黄金,A股,..\data\a_share\600988.SH.csv
001279.SZ,强邦新材,A股,..\data\a_share\001279.SZ.csv
002040.SZ,南 京 港,A股,..\data\a_share\002040.SZ.csv
301499.SZ,维科精密,A股,..\data\a_share\301499.SZ.csv
688306.SH,均普智能,A股,..\data\a_share\688306.SH.csv
301196.SZ,唯科科技,A股,..\data\a_share\301196.SZ.csv
688315.SH,诺禾致源,A股,..\data\a_share\688315.SH.csv
000070.SZ,特发信息,A股,..\data\a_share\000070.SZ.csv
300076.SZ,*ST宁视,A股,..\data\a_share\300076.SZ.csv
301234.SZ,五洲医疗,A股,..\data\a_share\301234.SZ.csv
601799.SH,星宇股份,A股,..\data\a_share\601799.SH.csv
603119.SH,浙江荣泰,A股,..\data\a_share\603119.SH.csv
301312.SZ,智立方,A股,..\data\a_share\301312.SZ.csv
002490.SZ,山东墨龙,A股,..\data\a_share\002490.SZ.csv
600223.SH,福瑞达,A股,..\data\a_share\600223.SH.csv
688160.SH,步科股份,A股,..\data\a_share\688160.SH.csv
301683.SZ,慧谷新材,A股,..\data\a_share\301683.SZ.csv
920168.SH,通宝光电,A股,..\data\a_share\920168.SH.csv
002350.SZ,北京科锐,A股,..\data\a_share\002350.SZ.csv
688585.SH,上纬新材,A股,..\data\a_share\688585.SH.csv
002334.SZ,英威腾,A股,..\data\a_share\002334.SZ.csv
300581.SZ,晨曦航空,A股,..\data\a_share\300581.SZ.csv
301517.SZ,陕西华达,A股,..\data\a_share\301517.SZ.csv
688298.SH,东方生物,A股,..\data\a_share\688298.SH.csv
002214.SZ,*ST大立,A股,..\data\a_share\002214.SZ.csv
301188.SZ,力诺药包,A股,..\data\a_share\301188.SZ.csv
300939.SZ,秋田微,A股,..\data\a_share\300939.SZ.csv
301105.SZ,鸿铭股份,A股,..\data\a_share\301105.SZ.csv
603982.SH,泉峰汽车,A股,..\data\a_share\603982.SH.csv
920046.SH,亿能电力,A股,..\data\a_share\920046.SH.csv
603355.SH,莱克电气,A股,..\data\a_share\603355.SH.csv
001396.SZ,誉帆科技,A股,..\data\a_share\001396.SZ.csv
002913.SZ,奥士康,A股,..\data\a_share\002913.SZ.csv
603001.SH,奥康国际,A股,..\data\a_share\603001.SH.csv
000997.SZ,新 大 陆,A股,..\data\a_share\000997.SZ.csv
002401.SZ,中远海科,A股,..\data\a_share\002401.SZ.csv
920690.SH,捷众科技,A股,..\data\a_share\920690.SH.csv
300354.SZ,东华测试,A股,..\data\a_share\300354.SZ.csv
002472.SZ,双环传动,A股,..\data\a_share\002472.SZ.csv
601615.SH,明阳智能,A股,..\data\a_share\601615.SH.csv
600776.SH,东方通信,A股,..\data\a_share\600776.SH.csv
300780.SZ,德恩精工,A股,..\data\a_share\300780.SZ.csv
301398.SZ,星源卓镁,A股,..\data\a_share\301398.SZ.csv
688562.SH,航天软件,A股,..\data\a_share\688562.SH.csv
920177.SH,恒道科技,A股,..\data\a_share\920177.SH.csv
920145.SH,恒合股份,A股,..\data\a_share\920145.SH.csv
300403.SZ,汉宇集团,A股,..\data\a_share\300403.SZ.csv
301027.SZ,华蓝集团,A股,..\data\a_share\301027.SZ.csv
600358.SH,国旅联合,A股,..\data\a_share\600358.SH.csv
920693.SH,阿为特,A股,..\data\a_share\920693.SH.csv
301323.SZ,新莱福,A股,..\data\a_share\301323.SZ.csv
600610.SH,中毅达,A股,..\data\a_share\600610.SH.csv
301479.SZ,弘景光电,A股,..\data\a_share\301479.SZ.csv
300943.SZ,春晖智控,A股,..\data\a_share\300943.SZ.csv
688201.SH,ST信安,A股,..\data\a_share\688201.SH.csv
002677.SZ,浙江美大,A股,..\data\a_share\002677.SZ.csv
000977.SZ,浪潮信息,A股,..\data\a_share\000977.SZ.csv
000711.SZ,ST京蓝,A股,..\data\a_share\000711.SZ.csv
300540.SZ,蜀道装备,A股,..\data\a_share\300540.SZ.csv
300668.SZ,杰恩股份,A股,..\data\a_share\300668.SZ.csv
300303.SZ,聚飞光电,A股,..\data\a_share\300303.SZ.csv
300592.SZ,华凯易佰,A股,..\data\a_share\300592.SZ.csv
600119.SH,*ST长投,A股,..\data\a_share\600119.SH.csv
301056.SZ,森赫股份,A股,..\data\a_share\301056.SZ.csv
600501.SH,航天晨光,A股,..\data\a_share\600501.SH.csv
300676.SZ,华大基因,A股,..\data\a_share\300676.SZ.csv
688313.SH,仕佳光子,A股,..\data\a_share\688313.SH.csv
603919.SH,金徽酒,A股,..\data\a_share\603919.SH.csv
002164.SZ,宁波东力,A股,..\data\a_share\002164.SZ.csv
002676.SZ,顺威股份,A股,..\data\a_share\002676.SZ.csv
300952.SZ,恒辉安防,A股,..\data\a_share\300952.SZ.csv
688606.SH,奥泰生物,A股,..\data\a_share\688606.SH.csv
920012.SH,创达新材,A股,..\data\a_share\920012.SH.csv
920009.SH,丹娜生物,A股,..\data\a_share\920009.SH.csv
002857.SZ,三晖电气,A股,..\data\a_share\002857.SZ.csv
603015.SH,弘讯科技,A股,..\data\a_share\603015.SH.csv
301058.SZ,中粮科工,A股,..\data\a_share\301058.SZ.csv
300598.SZ,诚迈科技,A股,..\data\a_share\300598.SZ.csv
002927.SZ,泰永长征,A股,..\data\a_share\002927.SZ.csv
002875.SZ,安奈儿,A股,..\data\a_share\002875.SZ.csv
920086.SH,科马材料,A股,..\data\a_share\920086.SH.csv
301008.SZ,宏昌科技,A股,..\data\a_share\301008.SZ.csv
002883.SZ,*ST中设,A股,..\data\a_share\002883.SZ.csv
301226.SZ,祥明智能,A股,..\data\a_share\301226.SZ.csv
603051.SH,鹿山新材,A股,..\data\a_share\603051.SH.csv
002757.SZ,南兴股份,A股,..\data\a_share\002757.SZ.csv
600088.SH,中视传媒,A股,..\data\a_share\600088.SH.csv
300591.SZ,万里马,A股,..\data\a_share\300591.SZ.csv
688271.SH,联影医疗,A股,..\data\a_share\688271.SH.csv
600330.SH,天通股份,A股,..\data\a_share\600330.SH.csv
000768.SZ,中航西飞,A股,..\data\a_share\000768.SZ.csv
688165.SH,埃夫特-U,A股,..\data\a_share\688165.SH.csv
301282.SZ,金禄电子,A股,..\data\a_share\301282.SZ.csv
000929.SZ,*ST兰黄,A股,..\data\a_share\000929.SZ.csv
301075.SZ,多瑞医药,A股,..\data\a_share\301075.SZ.csv
603267.SH,鸿远电子,A股,..\data\a_share\603267.SH.csv
301290.SZ,东星医疗,A股,..\data\a_share\301290.SZ.csv
600889.SH,*ST京化,A股,..\data\a_share\600889.SH.csv
688785.SH,恒运昌,A股,..\data\a_share\688785.SH.csv
920978.SH,开特股份,A股,..\data\a_share\920978.SH.csv
300115.SZ,长盈精密,A股,..\data\a_share\300115.SZ.csv
688290.SH,景业智能,A股,..\data\a_share\688290.SH.csv
300449.SZ,汉邦高科,A股,..\data\a_share\300449.SZ.csv
603052.SH,可川科技,A股,..\data\a_share\603052.SH.csv
002512.SZ,ST达华,A股,..\data\a_share\002512.SZ.csv
605555.SH,德昌股份,A股,..\data\a_share\605555.SH.csv
603778.SH,国晟科技,A股,..\data\a_share\603778.SH.csv
300649.SZ,杭州园林,A股,..\data\a_share\300649.SZ.csv
300501.SZ,海顺新材,A股,..\data\a_share\300501.SZ.csv
300323.SZ,华灿光电,A股,..\data\a_share\300323.SZ.csv
301260.SZ,格力博,A股,..\data\a_share\301260.SZ.csv
002413.SZ,雷科防务,A股,..\data\a_share\002413.SZ.csv
001314.SZ,亿道信息,A股,..\data\a_share\001314.SZ.csv
000546.SZ,金圆股份,A股,..\data\a_share\000546.SZ.csv
300918.SZ,南山智尚,A股,..\data\a_share\300918.SZ.csv
603938.SH,三孚股份,A股,..\data\a_share\603938.SH.csv
688622.SH,*ST禾信,A股,..\data\a_share\688622.SH.csv
601069.SH,西部黄金,A股,..\data\a_share\601069.SH.csv
688168.SH,安博通,A股,..\data\a_share\688168.SH.csv
600584.SH,长电科技,A股,..\data\a_share\600584.SH.csv
688496.SH,ST清越,A股,..\data\a_share\688496.SH.csv
688656.SH,浩欧博,A股,..\data\a_share\688656.SH.csv
300907.SZ,康平科技,A股,..\data\a_share\300907.SZ.csv
300560.SZ,中富通,A股,..\data\a_share\300560.SZ.csv
920896.SH,旺成科技,A股,..\data\a_share\920896.SH.csv
688207.SH,格灵深瞳,A股,..\data\a_share\688207.SH.csv
301163.SZ,宏德股份,A股,..\data\a_share\301163.SZ.csv
301332.SZ,德尔玛,A股,..\data\a_share\301332.SZ.csv
002434.SZ,万里扬,A股,..\data\a_share\002434.SZ.csv
301550.SZ,斯菱智驱,A股,..\data\a_share\301550.SZ.csv
300353.SZ,东土科技,A股,..\data\a_share\300353.SZ.csv
301349.SZ,信德新材,A股,..\data\a_share\301349.SZ.csv
300400.SZ,劲拓股份,A股,..\data\a_share\300400.SZ.csv
603091.SH,众鑫股份,A股,..\data\a_share\603091.SH.csv
603662.SH,柯力传感,A股,..\data\a_share\603662.SH.csv
301538.SZ,骏鼎达,A股,..\data\a_share\301538.SZ.csv
002377.SZ,国创高新,A股,..\data\a_share\002377.SZ.csv
603009.SH,北特科技,A股,..\data\a_share\603009.SH.csv
688592.SH,司南导航,A股,..\data\a_share\688592.SH.csv
000978.SZ,桂林旅游,A股,..\data\a_share\000978.SZ.csv
002816.SZ,*ST和科,A股,..\data\a_share\002816.SZ.csv
688765.SH,禾元生物-U,A股,..\data\a_share\688765.SH.csv
301302.SZ,华如科技,A股,..\data\a_share\301302.SZ.csv
600866.SH,星湖科技,A股,..\data\a_share\600866.SH.csv
300613.SZ,富瀚微,A股,..\data\a_share\300613.SZ.csv
301051.SZ,信濠光电,A股,..\data\a_share\301051.SZ.csv
688790.SH,昂瑞微-UW,A股,..\data\a_share\688790.SH.csv
605377.SH,华旺科技,A股,..\data\a_share\605377.SH.csv
002565.SZ,顺灏股份,A股,..\data\a_share\002565.SZ.csv
688055.SH,龙腾光电,A股,..\data\a_share\688055.SH.csv
300385.SZ,ST雪浪,A股,..\data\a_share\300385.SZ.csv
300056.SZ,中创环保,A股,..\data\a_share\300056.SZ.csv
002831.SZ,裕同科技,A股,..\data\a_share\002831.SZ.csv
002297.SZ,博云新材,A股,..\data\a_share\002297.SZ.csv
300465.SZ,高伟达,A股,..\data\a_share\300465.SZ.csv
301556.SZ,托普云农,A股,..\data\a_share\301556.SZ.csv
600580.SH,卧龙电驱,A股,..\data\a_share\600580.SH.csv
002295.SZ,精艺股份,A股,..\data\a_share\002295.SZ.csv
002694.SZ,*ST顾地,A股,..\data\a_share\002694.SZ.csv
002615.SZ,哈尔斯,A股,..\data\a_share\002615.SZ.csv
920152.SH,昆工科技,A股,..\data\a_share\920152.SH.csv
688246.SH,嘉和美康,A股,..\data\a_share\688246.SH.csv
002600.SZ,领益智造,A股,..\data\a_share\002600.SZ.csv
601111.SH,中国国航,A股,..\data\a_share\601111.SH.csv
002011.SZ,盾安环境,A股,..\data\a_share\002011.SZ.csv
002772.SZ,众兴菌业,A股,..\data\a_share\002772.SZ.csv
002896.SZ,中大力德,A股,..\data\a_share\002896.SZ.csv
603116.SH,红蜻蜓,A股,..\data\a_share\603116.SH.csv
002200.SZ,*ST交投,A股,..\data\a_share\002200.SZ.csv
603261.SH,*ST立航,A股,..\data\a_share\603261.SH.csv
002036.SZ,联创电子,A股,..\data\a_share\002036.SZ.csv
603239.SH,浙江仙通,A股,..\data\a_share\603239.SH.csv
688556.SH,高测股份,A股,..\data\a_share\688556.SH.csv
688379.SH,华光新材,A股,..\data\a_share\688379.SH.csv
002780.SZ,三夫户外,A股,..\data\a_share\002780.SZ.csv
300607.SZ,拓斯达,A股,..\data\a_share\300607.SZ.csv
000975.SZ,山金国际,A股,..\data\a_share\000975.SZ.csv
688358.SH,祥生医疗,A股,..\data\a_share\688358.SH.csv
002611.SZ,东方精工,A股,..\data\a_share\002611.SZ.csv
300703.SZ,创源股份,A股,..\data\a_share\300703.SZ.csv
920837.SH,华原股份,A股,..\data\a_share\920837.SH.csv
688289.SH,圣湘生物,A股,..\data\a_share\688289.SH.csv
300351.SZ,永贵电器,A股,..\data\a_share\300351.SZ.csv
920665.SH,科强股份,A股,..\data\a_share\920665.SH.csv
600791.SH,京能置业,A股,..\data\a_share\600791.SH.csv
301212.SZ,联盛化学,A股,..\data\a_share\301212.SZ.csv
600603.SH,广汇物流,A股,..\data\a_share\600603.SH.csv
601689.SH,拓普集团,A股,..\data\a_share\601689.SH.csv
000815.SZ,美利云,A股,..\data\a_share\000815.SZ.csv
920344.SH,三元基因,A股,..\data\a_share\920344.SH.csv
300816.SZ,艾可蓝,A股,..\data\a_share\300816.SZ.csv
300157.SZ,新锦动力,A股,..\data\a_share\300157.SZ.csv
002047.SZ,*ST宝鹰,A股,..\data\a_share\002047.SZ.csv
605299.SH,舒华体育,A股,..\data\a_share\605299.SH.csv
605100.SH,华丰股份,A股,..\data\a_share\605100.SH.csv
603297.SH,永新光学,A股,..\data\a_share\603297.SH.csv
301118.SZ,恒光股份,A股,..\data\a_share\301118.SZ.csv
920179.SH,凯德石英,A股,..\data\a_share\920179.SH.csv
300564.SZ,筑博设计,A股,..\data\a_share\300564.SZ.csv
300478.SZ,杭州高新,A股,..\data\a_share\300478.SZ.csv
920076.SH,国亮新材,A股,..\data\a_share\920076.SH.csv
603718.SH,*ST海利,A股,..\data\a_share\603718.SH.csv
920579.SH,机科股份,A股,..\data\a_share\920579.SH.csv
600396.SH,华电辽能,A股,..\data\a_share\600396.SH.csv
600893.SH,航发动力,A股,..\data\a_share\600893.SH.csv
603598.SH,引力传媒,A股,..\data\a_share\603598.SH.csv
600137.SH,浪莎股份,A股,..\data\a_share\600137.SH.csv
600206.SH,有研新材,A股,..\data\a_share\600206.SH.csv
600279.SH,重庆港,A股,..\data\a_share\600279.SH.csv
605123.SH,派克新材,A股,..\data\a_share\605123.SH.csv
300318.SZ,博晖创新,A股,..\data\a_share\300318.SZ.csv
603358.SH,华达科技,A股,..\data\a_share\603358.SH.csv
605088.SH,冠盛股份,A股,..\data\a_share\605088.SH.csv
603291.SH,联合水务,A股,..\data\a_share\603291.SH.csv
300673.SZ,佩蒂股份,A股,..\data\a_share\300673.SZ.csv
688651.SH,盛邦安全,A股,..\data\a_share\688651.SH.csv
300486.SZ,东杰智能,A股,..\data\a_share\300486.SZ.csv
600692.SH,亚通股份,A股,..\data\a_share\600692.SH.csv
688317.SH,之江生物,A股,..\data\a_share\688317.SH.csv
002153.SZ,石基信息,A股,..\data\a_share\002153.SZ.csv
688667.SH,菱电电控,A股,..\data\a_share\688667.SH.csv
920166.SH,海圣医疗,A股,..\data\a_share\920166.SH.csv
600592.SH,龙溪股份,A股,..\data\a_share\600592.SH.csv
688543.SH,国科军工,A股,..\data\a_share\688543.SH.csv
688805.SH,健信超导,A股,..\data\a_share\688805.SH.csv
600643.SH,爱建集团,A股,..\data\a_share\600643.SH.csv
300969.SZ,恒帅股份,A股,..\data\a_share\300969.SZ.csv
600756.SH,浪潮软件,A股,..\data\a_share\600756.SH.csv
600760.SH,中航沈飞,A股,..\data\a_share\600760.SH.csv
301295.SZ,美硕科技,A股,..\data\a_share\301295.SZ.csv
301237.SZ,和顺科技,A股,..\data\a_share\301237.SZ.csv
600497.SH,驰宏锌锗,A股,..\data\a_share\600497.SH.csv
002444.SZ,巨星科技,A股,..\data\a_share\002444.SZ.csv
002969.SZ,嘉美包装,A股,..\data\a_share\002969.SZ.csv
600058.SH,五矿发展,A股,..\data\a_share\600058.SH.csv
300722.SZ,新余国科,A股,..\data\a_share\300722.SZ.csv
600963.SH,岳阳林纸,A股,..\data\a_share\600963.SH.csv
300397.SZ,天和防务,A股,..\data\a_share\300397.SZ.csv
920491.SH,奥迪威,A股,..\data\a_share\920491.SH.csv
002485.SZ,ST雪发,A股,..\data\a_share\002485.SZ.csv
300007.SZ,汉威科技,A股,..\data\a_share\300007.SZ.csv
600712.SH,南宁百货,A股,..\data\a_share\600712.SH.csv
603728.SH,鸣志电器,A股,..\data\a_share\603728.SH.csv
301210.SZ,金杨精密,A股,..\data\a_share\301210.SZ.csv
301449.SZ,天溯计量,A股,..\data\a_share\301449.SZ.csv
301205.SZ,联特科技,A股,..\data\a_share\301205.SZ.csv
688586.SH,江航装备,A股,..\data\a_share\688586.SH.csv
300424.SZ,航新科技,A股,..\data\a_share\300424.SZ.csv
300868.SZ,杰美特,A股,..\data\a_share\300868.SZ.csv
600862.SH,中航高科,A股,..\data\a_share\600862.SH.csv
600184.SH,光电股份,A股,..\data\a_share\600184.SH.csv
301023.SZ,奕帆传动,A股,..\data\a_share\301023.SZ.csv
000635.SZ,英 力 特,A股,..\data\a_share\000635.SZ.csv
603688.SH,石英股份,A股,..\data\a_share\603688.SH.csv
300268.SZ,*ST佳沃,A股,..\data\a_share\300268.SZ.csv
300077.SZ,国民技术,A股,..\data\a_share\300077.SZ.csv
300984.SZ,金沃股份,A股,..\data\a_share\300984.SZ.csv
688480.SH,赛恩斯,A股,..\data\a_share\688480.SH.csv
920159.SH,农大科技,A股,..\data\a_share\920159.SH.csv
301459.SZ,丰茂股份,A股,..\data\a_share\301459.SZ.csv
688267.SH,中触媒,A股,..\data\a_share\688267.SH.csv
920906.SH,舜宇精工,A股,..\data\a_share\920906.SH.csv
603712.SH,七一二,A股,..\data\a_share\603712.SH.csv
301622.SZ,英思特,A股,..\data\a_share\301622.SZ.csv
300109.SZ,新开源,A股,..\data\a_share\300109.SZ.csv
300732.SZ,设研院,A股,..\data\a_share\300732.SZ.csv
301002.SZ,崧盛股份,A股,..\data\a_share\301002.SZ.csv
603284.SH,林平发展,A股,..\data\a_share\603284.SH.csv
603528.SH,多伦科技,A股,..\data\a_share\603528.SH.csv
603120.SH,肯特催化,A股,..\data\a_share\603120.SH.csv
001208.SZ,华菱线缆,A股,..\data\a_share\001208.SZ.csv
300433.SZ,蓝思科技,A股,..\data\a_share\300433.SZ.csv
002265.SZ,建设工业,A股,..\data\a_share\002265.SZ.csv
301273.SZ,瑞晨环保,A股,..\data\a_share\301273.SZ.csv
300164.SZ,通源石油,A股,..\data\a_share\300164.SZ.csv
603226.SH,菲林格尔,A股,..\data\a_share\603226.SH.csv
301365.SZ,矩阵股份,A股,..\data\a_share\301365.SZ.csv
603601.SH,再升科技,A股,..\data\a_share\603601.SH.csv
603305.SH,旭升集团,A股,..\data\a_share\603305.SH.csv
603721.SH,*ST天择,A股,..\data\a_share\603721.SH.csv
920748.SH,路桥信息,A股,..\data\a_share\920748.SH.csv
002427.SZ,尤夫股份,A股,..\data\a_share\002427.SZ.csv
920091.SH,大鹏工业,A股,..\data\a_share\920091.SH.csv
920932.SH,科达自控,A股,..\data\a_share\920932.SH.csv
000426.SZ,兴业银锡,A股,..\data\a_share\000426.SZ.csv
688517.SH,金冠电气,A股,..\data\a_share\688517.SH.csv
600626.SH,申达股份,A股,..\data\a_share\600626.SH.csv
603268.SH,松发股份,A股,..\data\a_share\603268.SH.csv
603538.SH,美诺华,A股,..\data\a_share\603538.SH.csv
300808.SZ,久量股份,A股,..\data\a_share\300808.SZ.csv
300767.SZ,震安科技,A股,..\data\a_share\300767.SZ.csv
002542.SZ,*ST中岩,A股,..\data\a_share\002542.SZ.csv
603256.SH,宏和科技,A股,..\data\a_share\603256.SH.csv
601086.SH,国芳集团,A股,..\data\a_share\601086.SH.csv
600606.SH,绿地控股,A股,..\data\a_share\600606.SH.csv
920187.SH,通领科技,A股,..\data\a_share\920187.SH.csv
003025.SZ,思进智能,A股,..\data\a_share\003025.SZ.csv
688750.SH,金天钛业,A股,..\data\a_share\688750.SH.csv
605376.SH,博迁新材,A股,..\data\a_share\605376.SH.csv
002829.SZ,星网宇达,A股,..\data\a_share\002829.SZ.csv
002547.SZ,*ST春兴,A股,..\data\a_share\002547.SZ.csv
300680.SZ,隆盛科技,A股,..\data\a_share\300680.SZ.csv
603110.SH,东方材料,A股,..\data\a_share\603110.SH.csv
603258.SH,电魂网络,A股,..\data\a_share\603258.SH.csv
920169.SH,七丰精工,A股,..\data\a_share\920169.SH.csv
603124.SH,江南新材,A股,..\data\a_share\603124.SH.csv
688563.SH,航材股份,A股,..\data\a_share\688563.SH.csv
920839.SH,万通液压,A股,..\data\a_share\920839.SH.csv
300626.SZ,华瑞股份,A股,..\data\a_share\300626.SZ.csv
301429.SZ,森泰股份,A股,..\data\a_share\301429.SZ.csv
688719.SH,爱科赛博,A股,..\data\a_share\688719.SH.csv
002933.SZ,新兴装备,A股,..\data\a_share\002933.SZ.csv
002196.SZ,方正电机,A股,..\data\a_share\002196.SZ.csv
600026.SH,中远海能,A股,..\data\a_share\600026.SH.csv
601868.SH,中国能建,A股,..\data\a_share\601868.SH.csv
920221.SH,易实精密,A股,..\data\a_share\920221.SH.csv
300401.SZ,花园生物,A股,..\data\a_share\300401.SZ.csv
001323.SZ,慕思股份,A股,..\data\a_share\001323.SZ.csv
301157.SZ,华塑科技,A股,..\data\a_share\301157.SZ.csv
002597.SZ,金禾实业,A股,..\data\a_share\002597.SZ.csv
688501.SH,青达环保,A股,..\data\a_share\688501.SH.csv
300276.SZ,三丰智能,A股,..\data\a_share\300276.SZ.csv
600463.SH,空港股份,A股,..\data\a_share\600463.SH.csv
300836.SZ,佰奥智能,A股,..\data\a_share\300836.SZ.csv
600576.SH,祥源文旅,A股,..\data\a_share\600576.SH.csv
002273.SZ,水晶光电,A股,..\data\a_share\002273.SZ.csv
920003.SH,中诚咨询,A股,..\data\a_share\920003.SH.csv
300596.SZ,利安隆,A股,..\data\a_share\300596.SZ.csv
300539.SZ,横河精密,A股,..\data\a_share\300539.SZ.csv
001259.SZ,利仁科技,A股,..\data\a_share\001259.SZ.csv
603909.SH,建发合诚,A股,..\data\a_share\603909.SH.csv
600173.SH,卧龙新能,A股,..\data\a_share\600173.SH.csv
002766.SZ,索菱股份,A股,..\data\a_share\002766.SZ.csv
603179.SH,新泉股份,A股,..\data\a_share\603179.SH.csv
002284.SZ,亚太股份,A股,..\data\a_share\002284.SZ.csv
603017.SH,中衡设计,A股,..\data\a_share\603017.SH.csv
301321.SZ,翰博高新,A股,..\data\a_share\301321.SZ.csv
301326.SZ,捷邦科技,A股,..\data\a_share\301326.SZ.csv
603816.SH,顾家家居,A股,..\data\a_share\603816.SH.csv
000603.SZ,盛达资源,A股,..\data\a_share\000603.SZ.csv
300482.SZ,万孚生物,A股,..\data\a_share\300482.SZ.csv
002682.SZ,龙洲股份,A股,..\data\a_share\002682.SZ.csv
000632.SZ,ST三木,A股,..\data\a_share\000632.SZ.csv
603083.SH,剑桥科技,A股,..\data\a_share\603083.SH.csv
605069.SH,正和生态,A股,..\data\a_share\605069.SH.csv
002052.SZ,同洲电子,A股,..\data\a_share\002052.SZ.csv
002931.SZ,锋龙股份,A股,..\data\a_share\002931.SZ.csv
003023.SZ,彩虹集团,A股,..\data\a_share\003023.SZ.csv
601199.SH,江南水务,A股,..\data\a_share\601199.SH.csv
002887.SZ,绿茵生态,A股,..\data\a_share\002887.SZ.csv
002892.SZ,科力尔,A股,..\data\a_share\002892.SZ.csv
603988.SH,中电电机,A股,..\data\a_share\603988.SH.csv
603020.SH,爱普股份,A股,..\data\a_share\603020.SH.csv
300533.SZ,冰川网络,A股,..\data\a_share\300533.SZ.csv
603402.SH,陕西旅游,A股,..\data\a_share\603402.SH.csv
600871.SH,石化油服,A股,..\data\a_share\600871.SH.csv
605058.SH,澳弘电子,A股,..\data\a_share\605058.SH.csv
301529.SZ,福赛科技,A股,..\data\a_share\301529.SZ.csv
603583.SH,捷昌驱动,A股,..\data\a_share\603583.SH.csv
920475.SH,三友科技,A股,..\data\a_share\920475.SH.csv
000736.SZ,*ST中地,A股,..\data\a_share\000736.SZ.csv
688314.SH,康拓医疗,A股,..\data\a_share\688314.SH.csv
600742.SH,富维股份,A股,..\data\a_share\600742.SH.csv
301600.SZ,慧翰股份,A股,..\data\a_share\301600.SZ.csv
002729.SZ,好利科技,A股,..\data\a_share\002729.SZ.csv
002209.SZ,达 意 隆,A股,..\data\a_share\002209.SZ.csv
300862.SZ,蓝盾光电,A股,..\data\a_share\300862.SZ.csv
300447.SZ,全信股份,A股,..\data\a_share\300447.SZ.csv
002093.SZ,国脉科技,A股,..\data\a_share\002093.SZ.csv
001319.SZ,铭科精技,A股,..\data\a_share\001319.SZ.csv
000631.SZ,顺发恒能,A股,..\data\a_share\000631.SZ.csv
603615.SH,茶花股份,A股,..\data\a_share\603615.SH.csv
001400.SZ,江顺科技,A股,..\data\a_share\001400.SZ.csv
301057.SZ,汇隆新材,A股,..\data\a_share\301057.SZ.csv
920245.SH,威博液压,A股,..\data\a_share\920245.SH.csv
603811.SH,诚意药业,A股,..\data\a_share\603811.SH.csv
688360.SH,德马科技,A股,..\data\a_share\688360.SH.csv
600372.SH,中航机载,A股,..\data\a_share\600372.SH.csv
301285.SZ,鸿日达,A股,..\data\a_share\301285.SZ.csv
920943.SH,优机股份,A股,..\data\a_share\920943.SH.csv
002717.SZ,*ST岭南,A股,..\data\a_share\002717.SZ.csv
920260.SH,中寰股份,A股,..\data\a_share\920260.SH.csv
002981.SZ,朝阳科技,A股,..\data\a_share\002981.SZ.csv
688272.SH,富吉瑞,A股,..\data\a_share\688272.SH.csv
301125.SZ,腾亚精工,A股,..\data\a_share\301125.SZ.csv
002066.SZ,瑞泰科技,A股,..\data\a_share\002066.SZ.csv
603165.SH,荣晟环保,A股,..\data\a_share\603165.SH.csv
300977.SZ,深圳瑞捷,A股,..\data\a_share\300977.SZ.csv
002554.SZ,惠博普,A股,..\data\a_share\002554.SZ.csv
603429.SH,*ST集友,A股,..\data\a_share\603429.SH.csv
300711.SZ,广哈通信,A股,..\data\a_share\300711.SZ.csv
688311.SH,盟升电子,A股,..\data\a_share\688311.SH.csv
600714.SH,金瑞矿业,A股,..\data\a_share\600714.SH.csv
003033.SZ,征和工业,A股,..\data\a_share\003033.SZ.csv
002360.SZ,ST同德,A股,..\data\a_share\002360.SZ.csv
300879.SZ,大叶股份,A股,..\data\a_share\300879.SZ.csv
920720.SH,吉冈精密,A股,..\data\a_share\920720.SH.csv
300681.SZ,英搏尔,A股,..\data\a_share\300681.SZ.csv
600967.SH,内蒙一机,A股,..\data\a_share\600967.SH.csv
301133.SZ,金钟股份,A股,..\data\a_share\301133.SZ.csv
688297.SH,中无人机,A股,..\data\a_share\688297.SH.csv
300860.SZ,锋尚文化,A股,..\data\a_share\300860.SZ.csv
603166.SH,福达股份,A股,..\data\a_share\603166.SH.csv
600715.SH,文投控股,A股,..\data\a_share\600715.SH.csv
603131.SH,上海沪工,A股,..\data\a_share\603131.SH.csv
688678.SH,福立旺,A股,..\data\a_share\688678.SH.csv
600523.SH,贵航股份,A股,..\data\a_share\600523.SH.csv
300466.SZ,赛摩智能,A股,..\data\a_share\300466.SZ.csv
301596.SZ,瑞迪智驱,A股,..\data\a_share\301596.SZ.csv
002872.SZ,ST天圣,A股,..\data\a_share\002872.SZ.csv
301626.SZ,苏州天脉,A股,..\data\a_share\301626.SZ.csv
002205.SZ,国统股份,A股,..\data\a_share\002205.SZ.csv
000008.SZ,神州高铁,A股,..\data\a_share\000008.SZ.csv
300817.SZ,双飞集团,A股,..\data\a_share\300817.SZ.csv
002553.SZ,南方精工,A股,..\data\a_share\002553.SZ.csv
603313.SH,梦百合,A股,..\data\a_share\603313.SH.csv
603089.SH,正裕工业,A股,..\data\a_share\603089.SH.csv
605287.SH,德才股份,A股,..\data\a_share\605287.SH.csv
688179.SH,阿拉丁,A股,..\data\a_share\688179.SH.csv
600189.SH,泉阳泉,A股,..\data\a_share\600189.SH.csv
301191.SZ,菲菱科思,A股,..\data\a_share\301191.SZ.csv
688302.SH,海创药业-U,A股,..\data\a_share\688302.SH.csv
002111.SZ,威海广泰,A股,..\data\a_share\002111.SZ.csv
603387.SH,基蛋生物,A股,..\data\a_share\603387.SH.csv
688623.SH,双元科技,A股,..\data\a_share\688623.SH.csv
688283.SH,坤恒顺维,A股,..\data\a_share\688283.SH.csv
600765.SH,中航重机,A股,..\data\a_share\600765.SH.csv
600962.SH,国投中鲁,A股,..\data\a_share\600962.SH.csv
688682.SH,霍莱沃,A股,..\data\a_share\688682.SH.csv
603990.SH,麦迪科技,A股,..\data\a_share\603990.SH.csv
688167.SH,炬光科技,A股,..\data\a_share\688167.SH.csv
688571.SH,杭华股份,A股,..\data\a_share\688571.SH.csv
603969.SH,银龙股份,A股,..\data\a_share\603969.SH.csv
688195.SH,腾景科技,A股,..\data\a_share\688195.SH.csv
002848.SZ,*ST高斯,A股,..\data\a_share\002848.SZ.csv
600500.SH,中化国际,A股,..\data\a_share\600500.SH.csv
300050.SZ,世纪鼎利,A股,..\data\a_share\300050.SZ.csv
688053.SH,ST思科瑞,A股,..\data\a_share\688053.SH.csv
600769.SH,祥龙电业,A股,..\data\a_share\600769.SH.csv
301392.SZ,汇成真空,A股,..\data\a_share\301392.SZ.csv
300244.SZ,迪安诊断,A股,..\data\a_share\300244.SZ.csv
301033.SZ,迈普医学,A股,..\data\a_share\301033.SZ.csv
002921.SZ,联诚精密,A股,..\data\a_share\002921.SZ.csv
300211.SZ,*ST亿通,A股,..\data\a_share\300211.SZ.csv
603132.SH,金徽股份,A股,..\data\a_share\603132.SH.csv
000636.SZ,风华高科,A股,..\data\a_share\000636.SZ.csv
300899.SZ,*ST凯鑫,A股,..\data\a_share\300899.SZ.csv
600399.SH,抚顺特钢,A股,..\data\a_share\600399.SH.csv
300566.SZ,激智科技,A股,..\data\a_share\300566.SZ.csv
000595.SZ,*ST宝实,A股,..\data\a_share\000595.SZ.csv
002383.SZ,合众思壮,A股,..\data\a_share\002383.SZ.csv
603158.SH,腾龙股份,A股,..\data\a_share\603158.SH.csv
001373.SZ,翔腾新材,A股,..\data\a_share\001373.SZ.csv
920069.SH,普昂医疗,A股,..\data\a_share\920069.SH.csv
601168.SH,西部矿业,A股,..\data\a_share\601168.SH.csv
300455.SZ,航天智装,A股,..\data\a_share\300455.SZ.csv
688728.SH,格科微,A股,..\data\a_share\688728.SH.csv
920527.SH,夜光明,A股,..\data\a_share\920527.SH.csv
002439.SZ,启明星辰,A股,..\data\a_share\002439.SZ.csv
603376.SH,大明电子,A股,..\data\a_share\603376.SH.csv
300961.SZ,深水海纳,A股,..\data\a_share\300961.SZ.csv
301255.SZ,通力科技,A股,..\data\a_share\301255.SZ.csv
920088.SH,科力股份,A股,..\data\a_share\920088.SH.csv
002702.SZ,海欣食品,A股,..\data\a_share\002702.SZ.csv
603767.SH,中马传动,A股,..\data\a_share\603767.SH.csv
000937.SZ,冀中能源,A股,..\data\a_share\000937.SZ.csv
603182.SH,嘉华股份,A股,..\data\a_share\603182.SH.csv
301197.SZ,工大科雅,A股,..\data\a_share\301197.SZ.csv
600157.SH,永泰能源,A股,..\data\a_share\600157.SH.csv
002144.SZ,宏达高科,A股,..\data\a_share\002144.SZ.csv
002828.SZ,贝肯能源,A股,..\data\a_share\002828.SZ.csv
000610.SZ,*ST西旅,A股,..\data\a_share\000610.SZ.csv
300929.SZ,华骐环保,A股,..\data\a_share\300929.SZ.csv
300414.SZ,中光防雷,A股,..\data\a_share\300414.SZ.csv
001220.SZ,世盟股份,A股,..\data\a_share\001220.SZ.csv
301469.SZ,恒达新材,A股,..\data\a_share\301469.SZ.csv
603409.SH,汇通控股,A股,..\data\a_share\603409.SH.csv
002527.SZ,新时达,A股,..\data\a_share\002527.SZ.csv
301024.SZ,霍普股份,A股,..\data\a_share\301024.SZ.csv
601133.SH,柏诚股份,A股,..\data\a_share\601133.SH.csv
300253.SZ,卫宁健康,A股,..\data\a_share\300253.SZ.csv
000509.SZ,华塑控股,A股,..\data\a_share\000509.SZ.csv
920087.SH,秋乐种业,A股,..\data\a_share\920087.SH.csv
002791.SZ,坚朗五金,A股,..\data\a_share\002791.SZ.csv
000559.SZ,万向钱潮,A股,..\data\a_share\000559.SZ.csv
300693.SZ,盛弘股份,A股,..\data\a_share\300693.SZ.csv
688718.SH,唯赛勃,A股,..\data\a_share\688718.SH.csv
002286.SZ,保龄宝,A股,..\data\a_share\002286.SZ.csv
603337.SH,杰克科技,A股,..\data\a_share\603337.SH.csv
000565.SZ,渝三峡Ａ,A股,..\data\a_share\000565.SZ.csv
603730.SH,岱美股份,A股,..\data\a_share\603730.SH.csv
300196.SZ,长海股份,A股,..\data\a_share\300196.SZ.csv
300719.SZ,安达维尔,A股,..\data\a_share\300719.SZ.csv
920119.SH,美德乐,A股,..\data\a_share\920119.SH.csv
301061.SZ,匠心家居,A股,..\data\a_share\301061.SZ.csv
600768.SH,宁波富邦,A股,..\data\a_share\600768.SH.csv
002802.SZ,洪汇新材,A股,..\data\a_share\002802.SZ.csv
600444.SH,国机通用,A股,..\data\a_share\600444.SH.csv
002347.SZ,泰尔股份,A股,..\data\a_share\002347.SZ.csv
301591.SZ,肯特股份,A股,..\data\a_share\301591.SZ.csv
300878.SZ,维康药业,A股,..\data\a_share\300878.SZ.csv
300081.SZ,ST恒信,A股,..\data\a_share\300081.SZ.csv
605133.SH,嵘泰股份,A股,..\data\a_share\605133.SH.csv
920242.SH,建邦科技,A股,..\data\a_share\920242.SH.csv
301278.SZ,快可电子,A股,..\data\a_share\301278.SZ.csv
688686.SH,奥普特,A股,..\data\a_share\688686.SH.csv
300660.SZ,江苏雷利,A股,..\data\a_share\300660.SZ.csv
300246.SZ,宝莱特,A股,..\data\a_share\300246.SZ.csv
300209.SZ,行云科技,A股,..\data\a_share\300209.SZ.csv
603912.SH,佳力图,A股,..\data\a_share\603912.SH.csv
002890.SZ,弘宇股份,A股,..\data\a_share\002890.SZ.csv
920191.SH,瑞尔竞达,A股,..\data\a_share\920191.SH.csv
688288.SH,鸿泉技术,A股,..\data\a_share\688288.SH.csv
302132.SZ,中航成飞,A股,..\data\a_share\302132.SZ.csv
605177.SH,东亚药业,A股,..\data\a_share\605177.SH.csv
600664.SH,哈药股份,A股,..\data\a_share\600664.SH.csv
603352.SH,至信股份,A股,..\data\a_share\603352.SH.csv
003021.SZ,兆威机电,A股,..\data\a_share\003021.SZ.csv
002998.SZ,优彩资源,A股,..\data\a_share\002998.SZ.csv
002708.SZ,光洋股份,A股,..\data\a_share\002708.SZ.csv
300451.SZ,创业慧康,A股,..\data\a_share\300451.SZ.csv
300956.SZ,英力股份,A股,..\data\a_share\300956.SZ.csv
603169.SH,兰石重装,A股,..\data\a_share\603169.SH.csv
300295.SZ,*ST三六,A股,..\data\a_share\300295.SZ.csv
002855.SZ,捷荣技术,A股,..\data\a_share\002855.SZ.csv
603220.SH,中贝通信,A股,..\data\a_share\603220.SH.csv
920368.SH,连城数控,A股,..\data\a_share\920368.SH.csv
002050.SZ,三花智控,A股,..\data\a_share\002050.SZ.csv
002879.SZ,长缆科技,A股,..\data\a_share\002879.SZ.csv
605167.SH,利柏特,A股,..\data\a_share\605167.SH.csv
920651.SH,天罡股份,A股,..\data\a_share\920651.SH.csv
603789.SH,*ST星农,A股,..\data\a_share\603789.SH.csv
002166.SZ,莱茵生物,A股,..\data\a_share\002166.SZ.csv
300746.SZ,汉嘉数智,A股,..\data\a_share\300746.SZ.csv
301628.SZ,强达电路,A股,..\data\a_share\301628.SZ.csv
001360.SZ,南矿集团,A股,..\data\a_share\001360.SZ.csv
300635.SZ,中达安,A股,..\data\a_share\300635.SZ.csv
002443.SZ,金洲管道,A股,..\data\a_share\002443.SZ.csv
002062.SZ,宏润建设,A股,..\data\a_share\002062.SZ.csv
300643.SZ,万通智控,A股,..\data\a_share\300643.SZ.csv
603075.SH,热威股份,A股,..\data\a_share\603075.SH.csv
300100.SZ,双林股份,A股,..\data\a_share\300100.SZ.csv
301186.SZ,超达装备,A股,..\data\a_share\301186.SZ.csv
002752.SZ,昇兴股份,A股,..\data\a_share\002752.SZ.csv
603826.SH,坤彩科技,A股,..\data\a_share\603826.SH.csv
000901.SZ,航天科技,A股,..\data\a_share\000901.SZ.csv
600850.SH,电科数字,A股,..\data\a_share\600850.SH.csv
301535.SZ,浙江华远,A股,..\data\a_share\301535.SZ.csv
603150.SH,万朗磁塑,A股,..\data\a_share\603150.SH.csv
603370.SH,华新精科,A股,..\data\a_share\603370.SH.csv
000518.SZ,*ST四环,A股,..\data\a_share\000518.SZ.csv
603192.SH,汇得科技,A股,..\data\a_share\603192.SH.csv
301135.SZ,瑞德智能,A股,..\data\a_share\301135.SZ.csv
300125.SZ,*ST聆达,A股,..\data\a_share\300125.SZ.csv
301359.SZ,东南电子,A股,..\data\a_share\301359.SZ.csv
920454.SH,同心传动,A股,..\data\a_share\920454.SH.csv
300997.SZ,欢乐家,A股,..\data\a_share\300997.SZ.csv
603809.SH,豪能股份,A股,..\data\a_share\603809.SH.csv
000609.SZ,*ST中迪,A股,..\data\a_share\000609.SZ.csv
920212.SH,智新电子,A股,..\data\a_share\920212.SH.csv
688119.SH,中钢洛耐,A股,..\data\a_share\688119.SH.csv
001299.SZ,美能能源,A股,..\data\a_share\001299.SZ.csv
002747.SZ,埃斯顿,A股,..\data\a_share\002747.SZ.csv
002305.SZ,*ST南置,A股,..\data\a_share\002305.SZ.csv
603025.SH,大豪科技,A股,..\data\a_share\603025.SH.csv
002592.SZ,ST八菱,A股,..\data\a_share\002592.SZ.csv
301156.SZ,美农生物,A股,..\data\a_share\301156.SZ.csv
603966.SH,法兰泰克,A股,..\data\a_share\603966.SH.csv
688210.SH,统联精密,A股,..\data\a_share\688210.SH.csv
605488.SH,福莱新材,A股,..\data\a_share\605488.SH.csv
600282.SH,南钢股份,A股,..\data\a_share\600282.SH.csv
600802.SH,福建水泥,A股,..\data\a_share\600802.SH.csv
603375.SH,盛景微,A股,..\data\a_share\603375.SH.csv
300829.SZ,金丹科技,A股,..\data\a_share\300829.SZ.csv
603118.SH,共进股份,A股,..\data\a_share\603118.SH.csv
688163.SH,赛伦生物,A股,..\data\a_share\688163.SH.csv
000902.SZ,新洋丰,A股,..\data\a_share\000902.SZ.csv
300810.SZ,中科海讯,A股,..\data\a_share\300810.SZ.csv
600051.SH,宁波联合,A股,..\data\a_share\600051.SH.csv
920834.SH,三维装备,A股,..\data\a_share\920834.SH.csv
002571.SZ,德力股份,A股,..\data\a_share\002571.SZ.csv
601512.SH,中新集团,A股,..\data\a_share\601512.SH.csv
688515.SH,裕太微-U,A股,..\data\a_share\688515.SH.csv
688320.SH,禾川科技,A股,..\data\a_share\688320.SH.csv
300096.SZ,ST易联众,A股,..\data\a_share\300096.SZ.csv
603082.SH,北自科技,A股,..\data\a_share\603082.SH.csv
300463.SZ,迈克生物,A股,..\data\a_share\300463.SZ.csv
002235.SZ,安妮股份,A股,..\data\a_share\002235.SZ.csv
300053.SZ,航宇微,A股,..\data\a_share\300053.SZ.csv
001369.SZ,双欣材料,A股,..\data\a_share\001369.SZ.csv
600271.SH,航天信息,A股,..\data\a_share\600271.SH.csv
600698.SH,湖南天雁,A股,..\data\a_share\600698.SH.csv
000652.SZ,泰达股份,A股,..\data\a_share\000652.SZ.csv
600107.SH,*ST尔雅,A股,..\data\a_share\600107.SH.csv
600969.SH,郴电国际,A股,..\data\a_share\600969.SH.csv
002638.SZ,勤上股份,A股,..\data\a_share\002638.SZ.csv
002475.SZ,立讯精密,A股,..\data\a_share\002475.SZ.csv
002899.SZ,英派斯,A股,..\data\a_share\002899.SZ.csv
300036.SZ,超图软件,A股,..\data\a_share\300036.SZ.csv
001270.SZ,*ST铖昌,A股,..\data\a_share\001270.SZ.csv
300509.SZ,新美星,A股,..\data\a_share\300509.SZ.csv
301513.SZ,尚水智能,A股,..\data\a_share\301513.SZ.csv
300269.SZ,联建光电,A股,..\data\a_share\300269.SZ.csv
002718.SZ,友邦吊顶,A股,..\data\a_share\002718.SZ.csv
002331.SZ,皖通科技,A股,..\data\a_share\002331.SZ.csv
920121.SH,江天科技,A股,..\data\a_share\920121.SH.csv
603042.SH,华脉科技,A股,..\data\a_share\603042.SH.csv
605166.SH,聚合顺,A股,..\data\a_share\605166.SH.csv
920642.SH,通易航天,A股,..\data\a_share\920642.SH.csv
300532.SZ,今天国际,A股,..\data\a_share\300532.SZ.csv
300938.SZ,信测标准,A股,..\data\a_share\300938.SZ.csv
600990.SH,四创电子,A股,..\data\a_share\600990.SH.csv
600316.SH,洪都航空,A股,..\data\a_share\600316.SH.csv
920799.SH,艾融软件,A股,..\data\a_share\920799.SH.csv
002715.SZ,登云股份,A股,..\data\a_share\002715.SZ.csv
600658.SH,电子城,A股,..\data\a_share\600658.SH.csv
920768.SH,拾比佰,A股,..\data\a_share\920768.SH.csv
002652.SZ,扬子新材,A股,..\data\a_share\002652.SZ.csv
603535.SH,嘉诚国际,A股,..\data\a_share\603535.SH.csv
301130.SZ,西点药业,A股,..\data\a_share\301130.SZ.csv
601588.SH,北辰实业,A股,..\data\a_share\601588.SH.csv
605318.SH,法狮龙,A股,..\data\a_share\605318.SH.csv
688539.SH,高华科技,A股,..\data\a_share\688539.SH.csv
300417.SZ,南华仪器,A股,..\data\a_share\300417.SZ.csv
600235.SH,民丰特纸,A股,..\data\a_share\600235.SH.csv
301363.SZ,美好医疗,A股,..\data\a_share\301363.SZ.csv
000561.SZ,烽火电子,A股,..\data\a_share\000561.SZ.csv
600710.SH,苏美达,A股,..\data\a_share\600710.SH.csv
000798.SZ,中水渔业,A股,..\data\a_share\000798.SZ.csv
688722.SH,同益中,A股,..\data\a_share\688722.SH.csv
002903.SZ,宇环数控,A股,..\data\a_share\002903.SZ.csv
920026.SH,卓兆点胶,A股,..\data\a_share\920026.SH.csv
300212.SZ,*ST易录,A股,..\data\a_share\300212.SZ.csv
603903.SH,中持股份,A股,..\data\a_share\603903.SH.csv
002403.SZ,爱仕达,A股,..\data\a_share\002403.SZ.csv
603825.SH,ST华扬,A股,..\data\a_share\603825.SH.csv
600594.SH,益佰制药,A股,..\data\a_share\600594.SH.csv
300826.SZ,测绘股份,A股,..\data\a_share\300826.SZ.csv
002779.SZ,中坚科技,A股,..\data\a_share\002779.SZ.csv
000761.SZ,本钢板材,A股,..\data\a_share\000761.SZ.csv
920564.SH,天润科技,A股,..\data\a_share\920564.SH.csv
603458.SH,勘设股份,A股,..\data\a_share\603458.SH.csv
600429.SH,三元股份,A股,..\data\a_share\600429.SH.csv
002574.SZ,明牌珠宝,A股,..\data\a_share\002574.SZ.csv
002242.SZ,九阳股份,A股,..\data\a_share\002242.SZ.csv
002012.SZ,凯恩股份,A股,..\data\a_share\002012.SZ.csv
600082.SH,ST海泰,A股,..\data\a_share\600082.SH.csv
601880.SH,辽港股份,A股,..\data\a_share\601880.SH.csv
300823.SZ,建科智能,A股,..\data\a_share\300823.SZ.csv
600362.SH,江西铜业,A股,..\data\a_share\600362.SH.csv
002139.SZ,拓邦股份,A股,..\data\a_share\002139.SZ.csv
300441.SZ,鲍斯股份,A股,..\data\a_share\300441.SZ.csv
000505.SZ,京粮控股,A股,..\data\a_share\000505.SZ.csv
300278.SZ,华昌达,A股,..\data\a_share\300278.SZ.csv
300460.SZ,ST惠伦,A股,..\data\a_share\300460.SZ.csv
002730.SZ,电光科技,A股,..\data\a_share\002730.SZ.csv
002412.SZ,汉森制药,A股,..\data\a_share\002412.SZ.csv
603092.SH,德力佳,A股,..\data\a_share\603092.SH.csv
920039.SH,国义招标,A股,..\data\a_share\920039.SH.csv
002389.SZ,航天彩虹,A股,..\data\a_share\002389.SZ.csv
300838.SZ,浙江力诺,A股,..\data\a_share\300838.SZ.csv
000908.SZ,ST景峰,A股,..\data\a_share\000908.SZ.csv
688286.SH,敏芯股份,A股,..\data\a_share\688286.SH.csv
300453.SZ,三鑫医疗,A股,..\data\a_share\300453.SZ.csv
688788.SH,科思科技,A股,..\data\a_share\688788.SH.csv
603567.SH,珍宝岛,A股,..\data\a_share\603567.SH.csv
300396.SZ,ST迪瑞,A股,..\data\a_share\300396.SZ.csv
002856.SZ,*ST美芝,A股,..\data\a_share\002856.SZ.csv
002279.SZ,久其软件,A股,..\data\a_share\002279.SZ.csv
000506.SZ,招金黄金,A股,..\data\a_share\000506.SZ.csv
000988.SZ,华工科技,A股,..\data\a_share\000988.SZ.csv
001212.SZ,中旗新材,A股,..\data\a_share\001212.SZ.csv
000576.SZ,甘化科工,A股,..\data\a_share\000576.SZ.csv
300311.SZ,ST任子行,A股,..\data\a_share\300311.SZ.csv
605005.SH,合兴股份,A股,..\data\a_share\605005.SH.csv
300175.SZ,ST朗源,A股,..\data\a_share\300175.SZ.csv
300855.SZ,图南股份,A股,..\data\a_share\300855.SZ.csv
300557.SZ,理工光科,A股,..\data\a_share\300557.SZ.csv
688079.SH,美迪凯,A股,..\data\a_share\688079.SH.csv
300806.SZ,斯迪克,A股,..\data\a_share\300806.SZ.csv
688359.SH,三孚新科,A股,..\data\a_share\688359.SH.csv
301348.SZ,蓝箭电子,A股,..\data\a_share\301348.SZ.csv
002544.SZ,普天科技,A股,..\data\a_share\002544.SZ.csv
688146.SH,中船特气,A股,..\data\a_share\688146.SH.csv
300446.SZ,航天智造,A股,..\data\a_share\300446.SZ.csv
688677.SH,海泰新光,A股,..\data\a_share\688677.SH.csv
002777.SZ,久远银海,A股,..\data\a_share\002777.SZ.csv
301080.SZ,百普赛斯,A股,..\data\a_share\301080.SZ.csv
920961.SH,创远信科,A股,..\data\a_share\920961.SH.csv
600182.SH,S佳通,A股,..\data\a_share\600182.SH.csv
688169.SH,石头科技,A股,..\data\a_share\688169.SH.csv
301228.SZ,实朴检测,A股,..\data\a_share\301228.SZ.csv
300898.SZ,熊猫乳品,A股,..\data\a_share\300898.SZ.csv
301060.SZ,兰卫医学,A股,..\data\a_share\301060.SZ.csv
300844.SZ,山水比德,A股,..\data\a_share\300844.SZ.csv
001325.SZ,元创股份,A股,..\data\a_share\001325.SZ.csv
000029.SZ,深深房Ａ,A股,..\data\a_share\000029.SZ.csv
002813.SZ,路畅科技,A股,..\data\a_share\002813.SZ.csv
002243.SZ,力合科创,A股,..\data\a_share\002243.SZ.csv
600333.SH,长春燃气,A股,..\data\a_share\600333.SH.csv
920339.SH,恒太照明,A股,..\data\a_share\920339.SH.csv
688426.SH,康为世纪,A股,..\data\a_share\688426.SH.csv
301586.SZ,佳力奇,A股,..\data\a_share\301586.SZ.csv
603406.SH,天富龙,A股,..\data\a_share\603406.SH.csv
920022.SH,世昌股份,A股,..\data\a_share\920022.SH.csv
300580.SZ,贝斯特,A股,..\data\a_share\300580.SZ.csv
000716.SZ,黑芝麻,A股,..\data\a_share\000716.SZ.csv
920885.SH,星辰科技,A股,..\data\a_share\920885.SH.csv
002452.SZ,长高电新,A股,..\data\a_share\002452.SZ.csv
300814.SZ,中富电路,A股,..\data\a_share\300814.SZ.csv
002225.SZ,濮耐股份,A股,..\data\a_share\002225.SZ.csv
300484.SZ,蓝海华腾,A股,..\data\a_share\300484.SZ.csv
002649.SZ,博彦科技,A股,..\data\a_share\002649.SZ.csv
688371.SH,菲沃泰,A股,..\data\a_share\688371.SH.csv
000031.SZ,大悦城,A股,..\data\a_share\000031.SZ.csv
000586.SZ,汇源通信,A股,..\data\a_share\000586.SZ.csv
002079.SZ,苏州固锝,A股,..\data\a_share\002079.SZ.csv
688786.SH,悦安新材,A股,..\data\a_share\688786.SH.csv
688697.SH,纽威数控,A股,..\data\a_share\688697.SH.csv
002382.SZ,蓝帆医疗,A股,..\data\a_share\002382.SZ.csv
000733.SZ,振华科技,A股,..\data\a_share\000733.SZ.csv
920014.SH,特瑞斯,A股,..\data\a_share\920014.SH.csv
600749.SH,西藏旅游,A股,..\data\a_share\600749.SH.csv
300248.SZ,新开普,A股,..\data\a_share\300248.SZ.csv
002250.SZ,联化科技,A股,..\data\a_share\002250.SZ.csv
605077.SH,华康股份,A股,..\data\a_share\605077.SH.csv
002762.SZ,*ST金比,A股,..\data\a_share\002762.SZ.csv
001391.SZ,国货航,A股,..\data\a_share\001391.SZ.csv
300271.SZ,华宇软件,A股,..\data\a_share\300271.SZ.csv
002775.SZ,文科股份,A股,..\data\a_share\002775.SZ.csv
002094.SZ,青岛金王,A股,..\data\a_share\002094.SZ.csv
002949.SZ,华阳国际,A股,..\data\a_share\002949.SZ.csv
920000.SH,安徽凤凰,A股,..\data\a_share\920000.SH.csv
002480.SZ,新筑股份,A股,..\data\a_share\002480.SZ.csv
301093.SZ,华兰股份,A股,..\data\a_share\301093.SZ.csv
920130.SH,立方控股,A股,..\data\a_share\920130.SH.csv
000011.SZ,深物业A,A股,..\data\a_share\000011.SZ.csv
002446.SZ,盛路通信,A股,..\data\a_share\002446.SZ.csv
600257.SH,大湖股份,A股,..\data\a_share\600257.SH.csv
300652.SZ,雷迪克,A股,..\data\a_share\300652.SZ.csv
600973.SH,宝胜股份,A股,..\data\a_share\600973.SH.csv
603048.SH,浙江黎明,A股,..\data\a_share\603048.SH.csv
603336.SH,宏辉果蔬,A股,..\data\a_share\603336.SH.csv
300833.SZ,浩洋股份,A股,..\data\a_share\300833.SZ.csv
300825.SZ,阿尔特,A股,..\data\a_share\300825.SZ.csv
000560.SZ,我爱我家,A股,..\data\a_share\000560.SZ.csv
301235.SZ,华康洁净,A股,..\data\a_share\301235.SZ.csv
603838.SH,*ST四通,A股,..\data\a_share\603838.SH.csv
920726.SH,朱老六,A股,..\data\a_share\920726.SH.csv
301095.SZ,广立微,A股,..\data\a_share\301095.SZ.csv
300078.SZ,思创智联,A股,..\data\a_share\300078.SZ.csv
920833.SH,美心翼申,A股,..\data\a_share\920833.SH.csv
300034.SZ,钢研高纳,A股,..\data\a_share\300034.SZ.csv
920006.SH,晟楠科技,A股,..\data\a_share\920006.SH.csv
300818.SZ,耐普矿机,A股,..\data\a_share\300818.SZ.csv
600397.SH,江钨装备,A股,..\data\a_share\600397.SH.csv
000410.SZ,沈阳机床,A股,..\data\a_share\000410.SZ.csv
002494.SZ,华斯股份,A股,..\data\a_share\002494.SZ.csv
600185.SH,珠免集团,A股,..\data\a_share\600185.SH.csv
688597.SH,煜邦电力,A股,..\data\a_share\688597.SH.csv
920751.SH,惠同新材,A股,..\data\a_share\920751.SH.csv
603800.SH,洪田股份,A股,..\data\a_share\603800.SH.csv
301172.SZ,君逸数码,A股,..\data\a_share\301172.SZ.csv
002037.SZ,保利联合,A股,..\data\a_share\002037.SZ.csv
300912.SZ,凯龙高科,A股,..\data\a_share\300912.SZ.csv
002023.SZ,海特高新,A股,..\data\a_share\002023.SZ.csv
002098.SZ,浔兴股份,A股,..\data\a_share\002098.SZ.csv
000551.SZ,创元科技,A股,..\data\a_share\000551.SZ.csv
002496.SZ,*ST辉丰,A股,..\data\a_share\002496.SZ.csv
603697.SH,有友食品,A股,..\data\a_share\603697.SH.csv
600579.SH,中化装备,A股,..\data\a_share\600579.SH.csv
688281.SH,华秦科技,A股,..\data\a_share\688281.SH.csv
300161.SZ,华中数控,A股,..\data\a_share\300161.SZ.csv
002065.SZ,东华软件,A股,..\data\a_share\002065.SZ.csv
002327.SZ,富安娜,A股,..\data\a_share\002327.SZ.csv
603093.SH,南华期货,A股,..\data\a_share\603093.SH.csv
001296.SZ,长江材料,A股,..\data\a_share\001296.SZ.csv
603822.SH,ST嘉澳,A股,..\data\a_share\603822.SH.csv
600322.SH,津投城开,A股,..\data\a_share\600322.SH.csv
000887.SZ,中鼎股份,A股,..\data\a_share\000887.SZ.csv
003030.SZ,祖名股份,A股,..\data\a_share\003030.SZ.csv
688727.SH,恒坤新材,A股,..\data\a_share\688727.SH.csv
300279.SZ,和晶科技,A股,..\data\a_share\300279.SZ.csv
603787.SH,新日股份,A股,..\data\a_share\603787.SH.csv
600736.SH,苏州高新,A股,..\data\a_share\600736.SH.csv
301041.SZ,金百泽,A股,..\data\a_share\301041.SZ.csv
603936.SH,博敏电子,A股,..\data\a_share\603936.SH.csv
301181.SZ,标榜股份,A股,..\data\a_share\301181.SZ.csv
300967.SZ,晓鸣股份,A股,..\data\a_share\300967.SZ.csv
600798.SH,宁波海运,A股,..\data\a_share\600798.SH.csv
920092.SH,汉鑫科技,A股,..\data\a_share\920092.SH.csv
002165.SZ,红 宝 丽,A股,..\data\a_share\002165.SZ.csv
002252.SZ,上海莱士,A股,..\data\a_share\002252.SZ.csv
002626.SZ,金达威,A股,..\data\a_share\002626.SZ.csv
920407.SH,驰诚股份,A股,..\data\a_share\920407.SH.csv
300589.SZ,江龙船艇,A股,..\data\a_share\300589.SZ.csv
300627.SZ,华测导航,A股,..\data\a_share\300627.SZ.csv
300472.SZ,*ST新元,A股,..\data\a_share\300472.SZ.csv
603396.SH,金辰股份,A股,..\data\a_share\603396.SH.csv
688132.SH,邦彦技术,A股,..\data\a_share\688132.SH.csv
002864.SZ,盘龙药业,A股,..\data\a_share\002864.SZ.csv
600215.SH,派斯林,A股,..\data\a_share\600215.SH.csv
300731.SZ,科创新源,A股,..\data\a_share\300731.SZ.csv
600764.SH,中国海防,A股,..\data\a_share\600764.SH.csv
000593.SZ,德龙汇能,A股,..\data\a_share\000593.SZ.csv
002863.SZ,今飞凯达,A股,..\data\a_share\002863.SZ.csv
002219.SZ,新里程,A股,..\data\a_share\002219.SZ.csv
603818.SH,曲美家居,A股,..\data\a_share\603818.SH.csv
300024.SZ,机器人,A股,..\data\a_share\300024.SZ.csv
002046.SZ,国机精工,A股,..\data\a_share\002046.SZ.csv
300147.SZ,*ST香雪,A股,..\data\a_share\300147.SZ.csv
000838.SZ,*ST发展,A股,..\data\a_share\000838.SZ.csv
000906.SZ,浙商中拓,A股,..\data\a_share\000906.SZ.csv
000813.SZ,德展健康,A股,..\data\a_share\000813.SZ.csv
002197.SZ,证通电子,A股,..\data\a_share\002197.SZ.csv
300784.SZ,利安科技,A股,..\data\a_share\300784.SZ.csv
688031.SH,星环科技-U,A股,..\data\a_share\688031.SH.csv
301117.SZ,佳缘科技,A股,..\data\a_share\301117.SZ.csv
600605.SH,汇通能源,A股,..\data\a_share\600605.SH.csv
688420.SH,美腾科技,A股,..\data\a_share\688420.SH.csv
300503.SZ,昊志机电,A股,..\data\a_share\300503.SZ.csv
688443.SH,智翔金泰-U,A股,..\data\a_share\688443.SH.csv
603172.SH,万丰股份,A股,..\data\a_share\603172.SH.csv
688355.SH,明志科技,A股,..\data\a_share\688355.SH.csv
300876.SZ,蒙泰高新,A股,..\data\a_share\300876.SZ.csv
300674.SZ,宇信科技,A股,..\data\a_share\300674.SZ.csv
603369.SH,今世缘,A股,..\data\a_share\603369.SH.csv
300985.SZ,致远新能,A股,..\data\a_share\300985.SZ.csv
002878.SZ,元隆雅图,A股,..\data\a_share\002878.SZ.csv
920160.SH,北矿检测,A股,..\data\a_share\920160.SH.csv
002492.SZ,恒基达鑫,A股,..\data\a_share\002492.SZ.csv
301050.SZ,雷电微力,A股,..\data\a_share\301050.SZ.csv
300869.SZ,康泰医学,A股,..\data\a_share\300869.SZ.csv
000825.SZ,太钢不锈,A股,..\data\a_share\000825.SZ.csv
603085.SH,天成自控,A股,..\data\a_share\603085.SH.csv
002471.SZ,中超控股,A股,..\data\a_share\002471.SZ.csv
002724.SZ,海洋王,A股,..\data\a_share\002724.SZ.csv
920066.SH,科拜尔,A股,..\data\a_share\920066.SH.csv
603626.SH,科森科技,A股,..\data\a_share\603626.SH.csv
300131.SZ,英唐智控,A股,..\data\a_share\300131.SZ.csv
688458.SH,美芯晟,A股,..\data\a_share\688458.SH.csv
688661.SH,和林微纳,A股,..\data\a_share\688661.SH.csv
002628.SZ,成都路桥,A股,..\data\a_share\002628.SZ.csv
688767.SH,博拓生物,A股,..\data\a_share\688767.SH.csv
688189.SH,南新制药,A股,..\data\a_share\688189.SH.csv
002465.SZ,海格通信,A股,..\data\a_share\002465.SZ.csv
688618.SH,三旺通信,A股,..\data\a_share\688618.SH.csv
000837.SZ,秦川机床,A股,..\data\a_share\000837.SZ.csv
601208.SH,东材科技,A股,..\data\a_share\601208.SH.csv
688558.SH,国盛智科,A股,..\data\a_share\688558.SH.csv
002768.SZ,国恩股份,A股,..\data\a_share\002768.SZ.csv
002249.SZ,大洋电机,A股,..\data\a_share\002249.SZ.csv
920640.SH,富士达,A股,..\data\a_share\920640.SH.csv
920050.SH,爱舍伦,A股,..\data\a_share\920050.SH.csv
300822.SZ,贝仕达克,A股,..\data\a_share\300822.SZ.csv
003035.SZ,南网能源,A股,..\data\a_share\003035.SZ.csv
600308.SH,华泰股份,A股,..\data\a_share\600308.SH.csv
002634.SZ,*ST棒杰,A股,..\data\a_share\002634.SZ.csv
920158.SH,长江能科,A股,..\data\a_share\920158.SH.csv
002651.SZ,利君股份,A股,..\data\a_share\002651.SZ.csv
301503.SZ,智迪科技,A股,..\data\a_share\301503.SZ.csv
605080.SH,浙江自然,A股,..\data\a_share\605080.SH.csv
002803.SZ,吉宏股份,A股,..\data\a_share\002803.SZ.csv
601869.SH,长飞光纤,A股,..\data\a_share\601869.SH.csv
920469.SH,富恒新材,A股,..\data\a_share\920469.SH.csv
000430.SZ,ST张家界,A股,..\data\a_share\000430.SZ.csv
920976.SH,视声智能,A股,..\data\a_share\920976.SH.csv
601155.SH,新城控股,A股,..\data\a_share\601155.SH.csv
002790.SZ,瑞尔特,A股,..\data\a_share\002790.SZ.csv
603208.SH,江山欧派,A股,..\data\a_share\603208.SH.csv
688277.SH,天智航-U,A股,..\data\a_share\688277.SH.csv
301337.SZ,亚华电子,A股,..\data\a_share\301337.SZ.csv
000886.SZ,海南高速,A股,..\data\a_share\000886.SZ.csv
920019.SH,铜冠矿建,A股,..\data\a_share\920019.SH.csv
300694.SZ,蠡湖股份,A股,..\data\a_share\300694.SZ.csv
301232.SZ,飞沃科技,A股,..\data\a_share\301232.SZ.csv
002630.SZ,*ST华西,A股,..\data\a_share\002630.SZ.csv
600543.SH,*ST莫高,A股,..\data\a_share\600543.SH.csv
001222.SZ,源飞宠物,A股,..\data\a_share\001222.SZ.csv
300225.SZ,*ST金泰,A股,..\data\a_share\300225.SZ.csv
601975.SH,招商南油,A股,..\data\a_share\601975.SH.csv
300471.SZ,厚普股份,A股,..\data\a_share\300471.SZ.csv
002303.SZ,美盈森,A股,..\data\a_share\002303.SZ.csv
688659.SH,元琛科技,A股,..\data\a_share\688659.SH.csv
300031.SZ,宝通科技,A股,..\data\a_share\300031.SZ.csv
300386.SZ,飞天诚信,A股,..\data\a_share\300386.SZ.csv
300837.SZ,浙矿股份,A股,..\data\a_share\300837.SZ.csv
000503.SZ,国新健康,A股,..\data\a_share\000503.SZ.csv
301127.SZ,武汉天源,A股,..\data\a_share\301127.SZ.csv
301618.SZ,长联科技,A股,..\data\a_share\301618.SZ.csv
301038.SZ,深水规院,A股,..\data\a_share\301038.SZ.csv
002022.SZ,科华生物,A股,..\data\a_share\002022.SZ.csv
001282.SZ,三联锻造,A股,..\data\a_share\001282.SZ.csv
920414.SH,欧普泰,A股,..\data\a_share\920414.SH.csv
000566.SZ,海南海药,A股,..\data\a_share\000566.SZ.csv
300597.SZ,吉大通信,A股,..\data\a_share\300597.SZ.csv
300294.SZ,博雅生物,A股,..\data\a_share\300294.SZ.csv
002968.SZ,新大正,A股,..\data\a_share\002968.SZ.csv
600515.SH,海南机场,A股,..\data\a_share\600515.SH.csv
301511.SZ,德福科技,A股,..\data\a_share\301511.SZ.csv
603698.SH,航天工程,A股,..\data\a_share\603698.SH.csv
603282.SH,亚光股份,A股,..\data\a_share\603282.SH.csv
920112.SH,巴兰仕,A股,..\data\a_share\920112.SH.csv
688007.SH,光峰科技,A股,..\data\a_share\688007.SH.csv
603725.SH,天安新材,A股,..\data\a_share\603725.SH.csv
600203.SH,福日电子,A股,..\data\a_share\600203.SH.csv
688126.SH,沪硅产业,A股,..\data\a_share\688126.SH.csv
300123.SZ,ST亚光,A股,..\data\a_share\300123.SZ.csv
002719.SZ,ST麦趣,A股,..\data\a_share\002719.SZ.csv
301217.SZ,铜冠铜箔,A股,..\data\a_share\301217.SZ.csv
603897.SH,长城科技,A股,..\data\a_share\603897.SH.csv
600960.SH,渤海汽车,A股,..\data\a_share\600960.SH.csv
002705.SZ,新宝股份,A股,..\data\a_share\002705.SZ.csv
002462.SZ,嘉事堂,A股,..\data\a_share\002462.SZ.csv
920608.SH,丰安股份,A股,..\data\a_share\920608.SH.csv
300555.SZ,ST路通,A股,..\data\a_share\300555.SZ.csv
002728.SZ,特一药业,A股,..\data\a_share\002728.SZ.csv
300775.SZ,三角防务,A股,..\data\a_share\300775.SZ.csv
300777.SZ,中简科技,A股,..\data\a_share\300777.SZ.csv
600816.SH,建元信托,A股,..\data\a_share\600816.SH.csv
001376.SZ,百通能源,A股,..\data\a_share\001376.SZ.csv
300099.SZ,尤洛卡,A股,..\data\a_share\300099.SZ.csv
600152.SH,维科技术,A股,..\data\a_share\600152.SH.csv
920132.SH,泰鹏智能,A股,..\data\a_share\920132.SH.csv
002623.SZ,亚玛顿,A股,..\data\a_share\002623.SZ.csv
002302.SZ,西部建设,A股,..\data\a_share\002302.SZ.csv
920186.SH,中科仪,A股,..\data\a_share\920186.SH.csv
300751.SZ,迈为股份,A股,..\data\a_share\300751.SZ.csv
300697.SZ,电工合金,A股,..\data\a_share\300697.SZ.csv
603595.SH,ST东尼,A股,..\data\a_share\603595.SH.csv
000517.SZ,荣安地产,A股,..\data\a_share\000517.SZ.csv
300296.SZ,利亚德,A股,..\data\a_share\300296.SZ.csv
688051.SH,佳华科技,A股,..\data\a_share\688051.SH.csv
300332.SZ,天壕能源,A股,..\data\a_share\300332.SZ.csv
301581.SZ,黄山谷捷,A股,..\data\a_share\301581.SZ.csv
603125.SH,常青科技,A股,..\data\a_share\603125.SH.csv
600135.SH,乐凯胶片,A股,..\data\a_share\600135.SH.csv
600681.SH,百川能源,A股,..\data\a_share\600681.SH.csv
688239.SH,航宇科技,A股,..\data\a_share\688239.SH.csv
688011.SH,新光光电,A股,..\data\a_share\688011.SH.csv
603385.SH,惠达卫浴,A股,..\data\a_share\603385.SH.csv
002763.SZ,汇洁股份,A股,..\data\a_share\002763.SZ.csv
300369.SZ,绿盟科技,A股,..\data\a_share\300369.SZ.csv
002488.SZ,金固股份,A股,..\data\a_share\002488.SZ.csv
300950.SZ,德固特,A股,..\data\a_share\300950.SZ.csv
600794.SH,保税科技,A股,..\data\a_share\600794.SH.csv
002187.SZ,广百股份,A股,..\data\a_share\002187.SZ.csv
920694.SH,中裕科技,A股,..\data\a_share\920694.SH.csv
301065.SZ,本立科技,A股,..\data\a_share\301065.SZ.csv
300636.SZ,同和药业,A股,..\data\a_share\300636.SZ.csv
000520.SZ,凤凰航运,A股,..\data\a_share\000520.SZ.csv
002324.SZ,普利特,A股,..\data\a_share\002324.SZ.csv
600860.SH,京城股份,A股,..\data\a_share\600860.SH.csv
002678.SZ,珠江钢琴,A股,..\data\a_share\002678.SZ.csv
688396.SH,华润微,A股,..\data\a_share\688396.SH.csv
600284.SH,浦东建设,A股,..\data\a_share\600284.SH.csv
300543.SZ,朗科智能,A股,..\data\a_share\300543.SZ.csv
000955.SZ,欣龙控股,A股,..\data\a_share\000955.SZ.csv
688433.SH,华曙高科,A股,..\data\a_share\688433.SH.csv
002614.SZ,奥佳华,A股,..\data\a_share\002614.SZ.csv
002707.SZ,众信旅游,A股,..\data\a_share\002707.SZ.csv
300669.SZ,沪宁股份,A股,..\data\a_share\300669.SZ.csv
300687.SZ,赛意信息,A股,..\data\a_share\300687.SZ.csv
600435.SH,北方导航,A股,..\data\a_share\600435.SH.csv
300552.SZ,万集科技,A股,..\data\a_share\300552.SZ.csv
600117.SH,西宁特钢,A股,..\data\a_share\600117.SH.csv
002915.SZ,中欣氟材,A股,..\data\a_share\002915.SZ.csv
603848.SH,好太太,A股,..\data\a_share\603848.SH.csv
300500.SZ,启迪设计,A股,..\data\a_share\300500.SZ.csv
001380.SZ,华纬科技,A股,..\data\a_share\001380.SZ.csv
000554.SZ,泰山石油,A股,..\data\a_share\000554.SZ.csv
600143.SH,金发科技,A股,..\data\a_share\600143.SH.csv
688083.SH,中望软件,A股,..\data\a_share\688083.SH.csv
002656.SZ,*ST摩登,A股,..\data\a_share\002656.SZ.csv
603596.SH,伯特利,A股,..\data\a_share\603596.SH.csv
002163.SZ,海南发展,A股,..\data\a_share\002163.SZ.csv
300815.SZ,玉禾田,A股,..\data\a_share\300815.SZ.csv
301159.SZ,三维天地,A股,..\data\a_share\301159.SZ.csv
002117.SZ,东港股份,A股,..\data\a_share\002117.SZ.csv
920786.SH,骑士乳业,A股,..\data\a_share\920786.SH.csv
002906.SZ,华阳集团,A股,..\data\a_share\002906.SZ.csv
688590.SH,新致软件,A股,..\data\a_share\688590.SH.csv
603122.SH,合富中国,A股,..\data\a_share\603122.SH.csv
300002.SZ,神州泰岳,A股,..\data\a_share\300002.SZ.csv
605580.SH,恒盛能源,A股,..\data\a_share\605580.SH.csv
601000.SH,唐山港,A股,..\data\a_share\601000.SH.csv
920199.SH,倍益康,A股,..\data\a_share\920199.SH.csv
300290.SZ,荣科科技,A股,..\data\a_share\300290.SZ.csv
300065.SZ,海兰信,A股,..\data\a_share\300065.SZ.csv
600423.SH,*ST柳化,A股,..\data\a_share\600423.SH.csv
688671.SH,碧兴物联,A股,..\data\a_share\688671.SH.csv
300339.SZ,润和软件,A股,..\data\a_share\300339.SZ.csv
002735.SZ,王子新材,A股,..\data\a_share\002735.SZ.csv
000965.SZ,天保基建,A股,..\data\a_share\000965.SZ.csv
001336.SZ,楚环科技,A股,..\data\a_share\001336.SZ.csv
920262.SH,太湖雪,A股,..\data\a_share\920262.SH.csv
605020.SH,永和股份,A股,..\data\a_share\605020.SH.csv
002836.SZ,新宏泽,A股,..\data\a_share\002836.SZ.csv
300616.SZ,尚品宅配,A股,..\data\a_share\300616.SZ.csv
001257.SZ,盛龙股份,A股,..\data\a_share\001257.SZ.csv
600882.SH,妙可蓝多,A股,..\data\a_share\600882.SH.csv
300529.SZ,健帆生物,A股,..\data\a_share\300529.SZ.csv
001285.SZ,瑞立科密,A股,..\data\a_share\001285.SZ.csv
601083.SH,锦江航运,A股,..\data\a_share\601083.SH.csv
301616.SZ,浙江华业,A股,..\data\a_share\301616.SZ.csv
603949.SH,雪龙集团,A股,..\data\a_share\603949.SH.csv
688081.SH,兴图新科,A股,..\data\a_share\688081.SH.csv
301185.SZ,鸥玛软件,A股,..\data\a_share\301185.SZ.csv
600649.SH,城投控股,A股,..\data\a_share\600649.SH.csv
603678.SH,火炬电子,A股,..\data\a_share\603678.SH.csv
002657.SZ,中科金财,A股,..\data\a_share\002657.SZ.csv
001378.SZ,德冠新材,A股,..\data\a_share\001378.SZ.csv
688190.SH,云路股份,A股,..\data\a_share\688190.SH.csv
002671.SZ,龙泉股份,A股,..\data\a_share\002671.SZ.csv
000905.SZ,厦门港务,A股,..\data\a_share\000905.SZ.csv
603032.SH,德新科技,A股,..\data\a_share\603032.SH.csv
300172.SZ,中电环保,A股,..\data\a_share\300172.SZ.csv
002406.SZ,远东传动,A股,..\data\a_share\002406.SZ.csv
920060.SH,万源通,A股,..\data\a_share\920060.SH.csv
300554.SZ,三超新材,A股,..\data\a_share\300554.SZ.csv
300402.SZ,宝色股份,A股,..\data\a_share\300402.SZ.csv
688522.SH,纳睿雷达,A股,..\data\a_share\688522.SH.csv
920855.SH,浙江大农,A股,..\data\a_share\920855.SH.csv
600531.SH,豫光金铅,A股,..\data\a_share\600531.SH.csv
600977.SH,中国电影,A股,..\data\a_share\600977.SH.csv
688005.SH,容百科技,A股,..\data\a_share\688005.SH.csv
688479.SH,友车科技,A股,..\data\a_share\688479.SH.csv
688211.SH,中科微至,A股,..\data\a_share\688211.SH.csv
002194.SZ,武汉凡谷,A股,..\data\a_share\002194.SZ.csv
000878.SZ,云南铜业,A股,..\data\a_share\000878.SZ.csv
000608.SZ,*ST阳光,A股,..\data\a_share\000608.SZ.csv
603344.SH,星德胜,A股,..\data\a_share\603344.SH.csv
688529.SH,豪森智能,A股,..\data\a_share\688529.SH.csv
300629.SZ,新劲刚,A股,..\data\a_share\300629.SZ.csv
601116.SH,三江购物,A股,..\data\a_share\601116.SH.csv
001979.SZ,招商蛇口,A股,..\data\a_share\001979.SZ.csv
603803.SH,瑞斯康达,A股,..\data\a_share\603803.SH.csv
600469.SH,风神股份,A股,..\data\a_share\600469.SH.csv
301300.SZ,远翔新材,A股,..\data\a_share\301300.SZ.csv
300875.SZ,捷强装备,A股,..\data\a_share\300875.SZ.csv
301136.SZ,招标股份,A股,..\data\a_share\301136.SZ.csv
003007.SZ,直真科技,A股,..\data\a_share\003007.SZ.csv
000630.SZ,铜陵有色,A股,..\data\a_share\000630.SZ.csv
600996.SH,贵广网络,A股,..\data\a_share\600996.SH.csv
301636.SZ,泽润新能,A股,..\data\a_share\301636.SZ.csv
300582.SZ,英飞特,A股,..\data\a_share\300582.SZ.csv
001205.SZ,盛航股份,A股,..\data\a_share\001205.SZ.csv
300326.SZ,ST凯利,A股,..\data\a_share\300326.SZ.csv
000525.SZ,红太阳,A股,..\data\a_share\000525.SZ.csv
300375.SZ,鹏翎股份,A股,..\data\a_share\300375.SZ.csv
002021.SZ,中捷资源,A股,..\data\a_share\002021.SZ.csv
600708.SH,光明地产,A股,..\data\a_share\600708.SH.csv
603886.SH,元祖股份,A股,..\data\a_share\603886.SH.csv
603867.SH,新化股份,A股,..\data\a_share\603867.SH.csv
001322.SZ,箭牌家居,A股,..\data\a_share\001322.SZ.csv
688185.SH,康希诺,A股,..\data\a_share\688185.SH.csv
300601.SZ,康泰生物,A股,..\data\a_share\300601.SZ.csv
920570.SH,坤博精工,A股,..\data\a_share\920570.SH.csv
920304.SH,迪尔化工,A股,..\data\a_share\920304.SH.csv
301592.SZ,六九一二,A股,..\data\a_share\301592.SZ.csv
301062.SZ,上海艾录,A股,..\data\a_share\301062.SZ.csv
300664.SZ,鹏鹞环保,A股,..\data\a_share\300664.SZ.csv
002026.SZ,山东威达,A股,..\data\a_share\002026.SZ.csv
301013.SZ,利和兴,A股,..\data\a_share\301013.SZ.csv
603098.SH,森特股份,A股,..\data\a_share\603098.SH.csv
300976.SZ,达瑞电子,A股,..\data\a_share\300976.SZ.csv
688186.SH,广大特材,A股,..\data\a_share\688186.SH.csv
603669.SH,灵康药业,A股,..\data\a_share\603669.SH.csv
003019.SZ,宸展光电,A股,..\data\a_share\003019.SZ.csv
688255.SH,凯尔达,A股,..\data\a_share\688255.SH.csv
603685.SH,晨丰科技,A股,..\data\a_share\603685.SH.csv
688670.SH,金迪克,A股,..\data\a_share\688670.SH.csv
600151.SH,航天机电,A股,..\data\a_share\600151.SH.csv
603236.SH,移远通信,A股,..\data\a_share\603236.SH.csv
603958.SH,哈森股份,A股,..\data\a_share\603958.SH.csv
603004.SH,鼎龙科技,A股,..\data\a_share\603004.SH.csv
002516.SZ,旷达科技,A股,..\data\a_share\002516.SZ.csv
300928.SZ,华安鑫创,A股,..\data\a_share\300928.SZ.csv
688516.SH,奥特维,A股,..\data\a_share\688516.SH.csv
002590.SZ,万安科技,A股,..\data\a_share\002590.SZ.csv
301608.SZ,博实结,A股,..\data\a_share\301608.SZ.csv
301007.SZ,德迈仕,A股,..\data\a_share\301007.SZ.csv
688669.SH,聚石化学,A股,..\data\a_share\688669.SH.csv
605018.SH,长华集团,A股,..\data\a_share\605018.SH.csv
300429.SZ,强力新材,A股,..\data\a_share\300429.SZ.csv
603058.SH,永吉股份,A股,..\data\a_share\603058.SH.csv
301126.SZ,达嘉维康,A股,..\data\a_share\301126.SZ.csv
002526.SZ,山东矿机,A股,..\data\a_share\002526.SZ.csv
002076.SZ,*ST星光,A股,..\data\a_share\002076.SZ.csv
301009.SZ,可靠股份,A股,..\data\a_share\301009.SZ.csv
603505.SH,金石资源,A股,..\data\a_share\603505.SH.csv
600981.SH,苏豪汇鸿,A股,..\data\a_share\600981.SH.csv
603176.SH,汇通集团,A股,..\data\a_share\603176.SH.csv
920925.SH,锦好医疗,A股,..\data\a_share\920925.SH.csv
600115.SH,中国东航,A股,..\data\a_share\600115.SH.csv
300583.SZ,赛托生物,A股,..\data\a_share\300583.SZ.csv
002786.SZ,银宝山新,A股,..\data\a_share\002786.SZ.csv
601279.SH,英利汽车,A股,..\data\a_share\601279.SH.csv
300155.SZ,安居宝,A股,..\data\a_share\300155.SZ.csv
300729.SZ,乐歌股份,A股,..\data\a_share\300729.SZ.csv
301083.SZ,百胜智能,A股,..\data\a_share\301083.SZ.csv
920056.SH,能之光,A股,..\data\a_share\920056.SH.csv
688276.SH,百克生物,A股,..\data\a_share\688276.SH.csv
000429.SZ,粤高速Ａ,A股,..\data\a_share\000429.SZ.csv
688609.SH,九联科技,A股,..\data\a_share\688609.SH.csv
603890.SH,春秋电子,A股,..\data\a_share\603890.SH.csv
001229.SZ,魅视科技,A股,..\data\a_share\001229.SZ.csv
603071.SH,物产环能,A股,..\data\a_share\603071.SH.csv
600693.SH,东百集团,A股,..\data\a_share\600693.SH.csv
920765.SH,美之高,A股,..\data\a_share\920765.SH.csv
300245.SZ,ST天玑,A股,..\data\a_share\300245.SZ.csv
301383.SZ,天键股份,A股,..\data\a_share\301383.SZ.csv
301016.SZ,雷尔伟,A股,..\data\a_share\301016.SZ.csv
300419.SZ,ST浩丰,A股,..\data\a_share\300419.SZ.csv
000679.SZ,大连友谊,A股,..\data\a_share\000679.SZ.csv
000521.SZ,长虹美菱,A股,..\data\a_share\000521.SZ.csv
300644.SZ,南京聚隆,A股,..\data\a_share\300644.SZ.csv
920436.SH,大地电气,A股,..\data\a_share\920436.SH.csv
001209.SZ,洪兴股份,A股,..\data\a_share\001209.SZ.csv
301175.SZ,中科环保,A股,..\data\a_share\301175.SZ.csv
920005.SH,鼎佳精密,A股,..\data\a_share\920005.SH.csv
603329.SH,上海雅仕,A股,..\data\a_share\603329.SH.csv
300891.SZ,惠云钛业,A股,..\data\a_share\300891.SZ.csv
603677.SH,奇精机械,A股,..\data\a_share\603677.SH.csv
000751.SZ,锌业股份,A股,..\data\a_share\000751.SZ.csv
688305.SH,科德数控,A股,..\data\a_share\688305.SH.csv
688070.SH,纵横股份,A股,..\data\a_share\688070.SH.csv
002108.SZ,沧州明珠,A股,..\data\a_share\002108.SZ.csv
688759.SH,必贝特-U,A股,..\data\a_share\688759.SH.csv
300757.SZ,罗博特科,A股,..\data\a_share\300757.SZ.csv
920826.SH,盖世食品,A股,..\data\a_share\920826.SH.csv
002862.SZ,实丰文化,A股,..\data\a_share\002862.SZ.csv
920790.SH,联迪信息,A股,..\data\a_share\920790.SH.csv
603303.SH,得邦照明,A股,..\data\a_share\603303.SH.csv
600778.SH,友好集团,A股,..\data\a_share\600778.SH.csv
301251.SZ,威尔高,A股,..\data\a_share\301251.SZ.csv
000669.SZ,ST金鸿,A股,..\data\a_share\000669.SZ.csv
603022.SH,新通联,A股,..\data\a_share\603022.SH.csv
920950.SH,迅安科技,A股,..\data\a_share\920950.SH.csv
603819.SH,神力股份,A股,..\data\a_share\603819.SH.csv
300504.SZ,天邑股份,A股,..\data\a_share\300504.SZ.csv
688698.SH,伟创电气,A股,..\data\a_share\688698.SH.csv
301106.SZ,骏成科技,A股,..\data\a_share\301106.SZ.csv
920146.SH,华阳变速,A股,..\data\a_share\920146.SH.csv
603658.SH,安图生物,A股,..\data\a_share\603658.SH.csv
600198.SH,大唐电信,A股,..\data\a_share\600198.SH.csv
300753.SZ,爱朋医疗,A股,..\data\a_share\300753.SZ.csv
300045.SZ,华力创通,A股,..\data\a_share\300045.SZ.csv
688090.SH,瑞松科技,A股,..\data\a_share\688090.SH.csv
603348.SH,文灿股份,A股,..\data\a_share\603348.SH.csv
603519.SH,立霸股份,A股,..\data\a_share\603519.SH.csv
600560.SH,金自天正,A股,..\data\a_share\600560.SH.csv
000599.SZ,青岛双星,A股,..\data\a_share\000599.SZ.csv
600487.SH,亨通光电,A股,..\data\a_share\600487.SH.csv
301311.SZ,昆船智能,A股,..\data\a_share\301311.SZ.csv
001231.SZ,农心科技,A股,..\data\a_share\001231.SZ.csv
300017.SZ,网宿科技,A股,..\data\a_share\300017.SZ.csv
603993.SH,洛阳钼业,A股,..\data\a_share\603993.SH.csv
600376.SH,首开股份,A股,..\data\a_share\600376.SH.csv
920188.SH,悦龙科技,A股,..\data\a_share\920188.SH.csv
688739.SH,成大生物,A股,..\data\a_share\688739.SH.csv
600933.SH,爱柯迪,A股,..\data\a_share\600933.SH.csv
300941.SZ,创识科技,A股,..\data\a_share\300941.SZ.csv
601022.SH,宁波远洋,A股,..\data\a_share\601022.SH.csv
301113.SZ,雅艺科技,A股,..\data\a_share\301113.SZ.csv
600635.SH,大众公用,A股,..\data\a_share\600635.SH.csv
002190.SZ,成飞集成,A股,..\data\a_share\002190.SZ.csv
300546.SZ,雄帝科技,A股,..\data\a_share\300546.SZ.csv
300642.SZ,透景生命,A股,..\data\a_share\300642.SZ.csv
002161.SZ,远 望 谷,A股,..\data\a_share\002161.SZ.csv
603976.SH,正川股份,A股,..\data\a_share\603976.SH.csv
600688.SH,上海石化,A股,..\data\a_share\600688.SH.csv
001277.SZ,速达股份,A股,..\data\a_share\001277.SZ.csv
300118.SZ,东方日升,A股,..\data\a_share\300118.SZ.csv
605151.SH,西上海,A股,..\data\a_share\605151.SH.csv
301221.SZ,光庭信息,A股,..\data\a_share\301221.SZ.csv
002888.SZ,惠威科技,A股,..\data\a_share\002888.SZ.csv
600278.SH,东方创业,A股,..\data\a_share\600278.SH.csv
600307.SH,酒钢宏兴,A股,..\data\a_share\600307.SH.csv
600489.SH,中金黄金,A股,..\data\a_share\600489.SH.csv
920856.SH,浩淼科技,A股,..\data\a_share\920856.SH.csv
603207.SH,小方制药,A股,..\data\a_share\603207.SH.csv
300166.SZ,东方国信,A股,..\data\a_share\300166.SZ.csv
001215.SZ,千味央厨,A股,..\data\a_share\001215.SZ.csv
001390.SZ,古麒绒材,A股,..\data\a_share\001390.SZ.csv
300462.SZ,ST华铭,A股,..\data\a_share\300462.SZ.csv
002425.SZ,凯撒文化,A股,..\data\a_share\002425.SZ.csv
920058.SH,华洋赛车,A股,..\data\a_share\920058.SH.csv
688579.SH,地纬智能,A股,..\data\a_share\688579.SH.csv
600671.SH,天目药业,A股,..\data\a_share\600671.SH.csv
300180.SZ,华峰超纤,A股,..\data\a_share\300180.SZ.csv
301305.SZ,朗坤科技,A股,..\data\a_share\301305.SZ.csv
002900.SZ,哈三联,A股,..\data\a_share\002900.SZ.csv
603326.SH,我乐家居,A股,..\data\a_share\603326.SH.csv
000570.SZ,苏常柴Ａ,A股,..\data\a_share\000570.SZ.csv
002658.SZ,雪迪龙,A股,..\data\a_share\002658.SZ.csv
603159.SH,上海亚虹,A股,..\data\a_share\603159.SH.csv
300177.SZ,中海达,A股,..\data\a_share\300177.SZ.csv
300654.SZ,世纪天鸿,A股,..\data\a_share\300654.SZ.csv
301211.SZ,亨迪药业,A股,..\data\a_share\301211.SZ.csv
301329.SZ,信音电子,A股,..\data\a_share\301329.SZ.csv
603926.SH,铁流股份,A股,..\data\a_share\603926.SH.csv
600158.SH,中体产业,A股,..\data\a_share\600158.SH.csv
605050.SH,福然德,A股,..\data\a_share\605050.SH.csv
301555.SZ,惠柏新材,A股,..\data\a_share\301555.SZ.csv
603059.SH,倍加洁,A股,..\data\a_share\603059.SH.csv
603613.SH,国联股份,A股,..\data\a_share\603613.SH.csv
603006.SH,联明股份,A股,..\data\a_share\603006.SH.csv
301386.SZ,未来电器,A股,..\data\a_share\301386.SZ.csv
300519.SZ,新光药业,A股,..\data\a_share\300519.SZ.csv
920701.SH,豪声电子,A股,..\data\a_share\920701.SH.csv
002917.SZ,金奥博,A股,..\data\a_share\002917.SZ.csv
301330.SZ,熵基科技,A股,..\data\a_share\301330.SZ.csv
920027.SH,交大铁发,A股,..\data\a_share\920027.SH.csv
600830.SH,香溢融通,A股,..\data\a_share\600830.SH.csv
002679.SZ,福建金森,A股,..\data\a_share\002679.SZ.csv
688322.SH,奥比中光-W,A股,..\data\a_share\688322.SH.csv
000899.SZ,赣能股份,A股,..\data\a_share\000899.SZ.csv
603881.SH,数据港,A股,..\data\a_share\603881.SH.csv
605003.SH,众望布艺,A股,..\data\a_share\605003.SH.csv
000519.SZ,中兵红箭,A股,..\data\a_share\000519.SZ.csv
002362.SZ,汉王科技,A股,..\data\a_share\002362.SZ.csv
002645.SZ,华宏科技,A股,..\data\a_share\002645.SZ.csv
002051.SZ,中工国际,A股,..\data\a_share\002051.SZ.csv
300699.SZ,光威复材,A股,..\data\a_share\300699.SZ.csv
688296.SH,和达科技,A股,..\data\a_share\688296.SH.csv
301219.SZ,腾远钴业,A股,..\data\a_share\301219.SZ.csv
002690.SZ,美亚光电,A股,..\data\a_share\002690.SZ.csv
002160.SZ,常铝股份,A股,..\data\a_share\002160.SZ.csv
000822.SZ,山东海化,A股,..\data\a_share\000822.SZ.csv
688099.SH,晶晨股份,A股,..\data\a_share\688099.SH.csv
002598.SZ,ST章鼓,A股,..\data\a_share\002598.SZ.csv
300549.SZ,优德精密,A股,..\data\a_share\300549.SZ.csv
601996.SH,丰林集团,A股,..\data\a_share\601996.SH.csv
300167.SZ,ST迪威迅,A股,..\data\a_share\300167.SZ.csv
600179.SH,安通控股,A股,..\data\a_share\600179.SH.csv
002175.SZ,*ST东智,A股,..\data\a_share\002175.SZ.csv
605266.SH,健之佳,A股,..\data\a_share\605266.SH.csv
000821.SZ,ST京机,A股,..\data\a_share\000821.SZ.csv
920057.SH,百甲科技,A股,..\data\a_share\920057.SH.csv
600676.SH,交运股份,A股,..\data\a_share\600676.SH.csv
300958.SZ,建工修复,A股,..\data\a_share\300958.SZ.csv
300333.SZ,兆日科技,A股,..\data\a_share\300333.SZ.csv
301166.SZ,优宁维,A股,..\data\a_share\301166.SZ.csv
000504.SZ,*ST生物,A股,..\data\a_share\000504.SZ.csv
002765.SZ,蓝黛科技,A股,..\data\a_share\002765.SZ.csv
603033.SH,三维股份,A股,..\data\a_share\603033.SH.csv
605333.SH,沪光股份,A股,..\data\a_share\605333.SH.csv
300717.SZ,华信新材,A股,..\data\a_share\300717.SZ.csv
603927.SH,中科软,A股,..\data\a_share\603927.SH.csv
301301.SZ,川宁生物,A股,..\data\a_share\301301.SZ.csv
600029.SH,南方航空,A股,..\data\a_share\600029.SH.csv
000428.SZ,华天酒店,A股,..\data\a_share\000428.SZ.csv
002572.SZ,索菲亚,A股,..\data\a_share\002572.SZ.csv
300971.SZ,博亚精工,A股,..\data\a_share\300971.SZ.csv
002932.SZ,*ST明德,A股,..\data\a_share\002932.SZ.csv
600243.SH,*ST海华,A股,..\data\a_share\600243.SH.csv
600162.SH,香江控股,A股,..\data\a_share\600162.SH.csv
300299.SZ,富春股份,A股,..\data\a_share\300299.SZ.csv
301138.SZ,华研精机,A股,..\data\a_share\301138.SZ.csv
300793.SZ,佳禾智能,A股,..\data\a_share\300793.SZ.csv
688010.SH,福光股份,A股,..\data\a_share\688010.SH.csv
301286.SZ,侨源股份,A股,..\data\a_share\301286.SZ.csv
920806.SH,云星宇,A股,..\data\a_share\920806.SH.csv
300252.SZ,金信诺,A股,..\data\a_share\300252.SZ.csv
300926.SZ,博俊科技,A股,..\data\a_share\300926.SZ.csv
920267.SH,鑫汇科,A股,..\data\a_share\920267.SH.csv
603211.SH,晋拓股份,A股,..\data\a_share\603211.SH.csv
002374.SZ,中锐股份,A股,..\data\a_share\002374.SZ.csv
600481.SH,双良节能,A股,..\data\a_share\600481.SH.csv
301072.SZ,中捷精工,A股,..\data\a_share\301072.SZ.csv
920367.SH,新赣江,A股,..\data\a_share\920367.SH.csv
603917.SH,合力科技,A股,..\data\a_share\603917.SH.csv
920508.SH,殷图网联,A股,..\data\a_share\920508.SH.csv
688776.SH,国光电气,A股,..\data\a_share\688776.SH.csv
600858.SH,银座股份,A股,..\data\a_share\600858.SH.csv
920810.SH,春光智能,A股,..\data\a_share\920810.SH.csv
603069.SH,海汽集团,A股,..\data\a_share\603069.SH.csv
002043.SZ,兔 宝 宝,A股,..\data\a_share\002043.SZ.csv
000948.SZ,南天信息,A股,..\data\a_share\000948.SZ.csv
002650.SZ,ST加加,A股,..\data\a_share\002650.SZ.csv
002084.SZ,海鸥住工,A股,..\data\a_share\002084.SZ.csv
920971.SH,天马新材,A股,..\data\a_share\920971.SH.csv
600613.SH,神奇制药,A股,..\data\a_share\600613.SH.csv
603506.SH,南都物业,A股,..\data\a_share\603506.SH.csv
600353.SH,旭光电子,A股,..\data\a_share\600353.SH.csv
920030.SH,德众汽车,A股,..\data\a_share\920030.SH.csv
301367.SZ,瑞迈特,A股,..\data\a_share\301367.SZ.csv
603328.SH,依顿电子,A股,..\data\a_share\603328.SH.csv
600533.SH,栖霞建设,A股,..\data\a_share\600533.SH.csv
001216.SZ,华瓷股份,A股,..\data\a_share\001216.SZ.csv
688251.SH,井松智能,A股,..\data\a_share\688251.SH.csv
600651.SH,飞乐音响,A股,..\data\a_share\600651.SH.csv
600416.SH,湘电股份,A股,..\data\a_share\600416.SH.csv
002173.SZ,创新医疗,A股,..\data\a_share\002173.SZ.csv
920029.SH,开发科技,A股,..\data\a_share\920029.SH.csv
300949.SZ,奥雅股份,A股,..\data\a_share\300949.SZ.csv
600557.SH,康缘药业,A股,..\data\a_share\600557.SH.csv
600588.SH,用友网络,A股,..\data\a_share\600588.SH.csv
000823.SZ,超声电子,A股,..\data\a_share\000823.SZ.csv
920346.SH,威贸电子,A股,..\data\a_share\920346.SH.csv
920679.SH,前进科技,A股,..\data\a_share\920679.SH.csv
600350.SH,山东高速,A股,..\data\a_share\600350.SH.csv
300960.SZ,通业科技,A股,..\data\a_share\300960.SZ.csv
001221.SZ,悍高集团,A股,..\data\a_share\001221.SZ.csv
300525.SZ,博思软件,A股,..\data\a_share\300525.SZ.csv
002999.SZ,天禾股份,A股,..\data\a_share\002999.SZ.csv
301355.SZ,南王科技,A股,..\data\a_share\301355.SZ.csv
920876.SH,慧为智能,A股,..\data\a_share\920876.SH.csv
920300.SH,辰光医疗,A股,..\data\a_share\920300.SH.csv
300911.SZ,亿田智能,A股,..\data\a_share\300911.SZ.csv
600012.SH,皖通高速,A股,..\data\a_share\600012.SH.csv
600398.SH,海澜之家,A股,..\data\a_share\600398.SH.csv
600133.SH,东湖高新,A股,..\data\a_share\600133.SH.csv
600178.SH,东安动力,A股,..\data\a_share\600178.SH.csv
300637.SZ,扬帆新材,A股,..\data\a_share\300637.SZ.csv
600066.SH,宇通客车,A股,..\data\a_share\600066.SH.csv
688339.SH,亿华通-U,A股,..\data\a_share\688339.SH.csv
600458.SH,时代新材,A股,..\data\a_share\600458.SH.csv
002587.SZ,奥拓电子,A股,..\data\a_share\002587.SZ.csv
688077.SH,大地熊,A股,..\data\a_share\688077.SH.csv
301563.SZ,云汉芯城,A股,..\data\a_share\301563.SZ.csv
002528.SZ,*ST英飞,A股,..\data\a_share\002528.SZ.csv
600883.SH,博闻科技,A股,..\data\a_share\600883.SH.csv
300894.SZ,火星人,A股,..\data\a_share\300894.SZ.csv
000921.SZ,海信家电,A股,..\data\a_share\000921.SZ.csv
301539.SZ,宏鑫科技,A股,..\data\a_share\301539.SZ.csv
600156.SH,XD华升股,A股,..\data\a_share\600156.SH.csv
600622.SH,光大嘉宝,A股,..\data\a_share\600622.SH.csv
002627.SZ,三峡旅游,A股,..\data\a_share\002627.SZ.csv
002722.SZ,物产金轮,A股,..\data\a_share\002722.SZ.csv
688089.SH,嘉必优,A股,..\data\a_share\688089.SH.csv
300142.SZ,沃森生物,A股,..\data\a_share\300142.SZ.csv
300257.SZ,开山股份,A股,..\data\a_share\300257.SZ.csv
600593.SH,大连圣亚,A股,..\data\a_share\600593.SH.csv
601965.SH,中国汽研,A股,..\data\a_share\601965.SH.csv
000793.SZ,*ST华闻,A股,..\data\a_share\000793.SZ.csv
605199.SH,ST葫芦娃,A股,..\data\a_share\605199.SH.csv
002716.SZ,湖南白银,A股,..\data\a_share\002716.SZ.csv
601366.SH,利群股份,A股,..\data\a_share\601366.SH.csv
001311.SZ,多利科技,A股,..\data\a_share\001311.SZ.csv
300261.SZ,雅本化学,A股,..\data\a_share\300261.SZ.csv
920195.SH,三祥科技,A股,..\data\a_share\920195.SH.csv
688216.SH,气派科技,A股,..\data\a_share\688216.SH.csv
002381.SZ,双箭股份,A股,..\data\a_share\002381.SZ.csv
600159.SH,大龙地产,A股,..\data\a_share\600159.SH.csv
603590.SH,康辰药业,A股,..\data\a_share\603590.SH.csv
002620.SZ,*ST瑞和,A股,..\data\a_share\002620.SZ.csv
000818.SZ,航锦科技,A股,..\data\a_share\000818.SZ.csv
002315.SZ,焦点科技,A股,..\data\a_share\002315.SZ.csv
688416.SH,恒烁股份,A股,..\data\a_share\688416.SH.csv
002607.SZ,中公教育,A股,..\data\a_share\002607.SZ.csv
688030.SH,山石网科,A股,..\data\a_share\688030.SH.csv
300622.SZ,博士眼镜,A股,..\data\a_share\300622.SZ.csv
300730.SZ,科创信息,A股,..\data\a_share\300730.SZ.csv
300289.SZ,利德曼,A股,..\data\a_share\300289.SZ.csv
600845.SH,宝信软件,A股,..\data\a_share\600845.SH.csv
002659.SZ,凯文教育,A股,..\data\a_share\002659.SZ.csv
300415.SZ,伊之密,A股,..\data\a_share\300415.SZ.csv
600727.SH,鲁北化工,A股,..\data\a_share\600727.SH.csv
301488.SZ,豪恩汽电,A股,..\data\a_share\301488.SZ.csv
600161.SH,天坛生物,A股,..\data\a_share\600161.SH.csv
002146.SZ,荣盛发展,A股,..\data\a_share\002146.SZ.csv
600071.SH,凤凰光学,A股,..\data\a_share\600071.SH.csv
920931.SH,无锡鼎邦,A股,..\data\a_share\920931.SH.csv
000701.SZ,厦门信达,A股,..\data\a_share\000701.SZ.csv
600738.SH,丽尚国潮,A股,..\data\a_share\600738.SH.csv
603063.SH,禾望电气,A股,..\data\a_share\603063.SH.csv
301598.SZ,博科测试,A股,..\data\a_share\301598.SZ.csv
001206.SZ,依依股份,A股,..\data\a_share\001206.SZ.csv
002576.SZ,通达动力,A股,..\data\a_share\002576.SZ.csv
000571.SZ,新大洲A,A股,..\data\a_share\000571.SZ.csv
000536.SZ,华映科技,A股,..\data\a_share\000536.SZ.csv
600201.SH,生物股份,A股,..\data\a_share\600201.SH.csv
603316.SH,诚邦股份,A股,..\data\a_share\603316.SH.csv
300847.SZ,中船汉光,A股,..\data\a_share\300847.SZ.csv
000633.SZ,合金投资,A股,..\data\a_share\000633.SZ.csv
603757.SH,大元泵业,A股,..\data\a_share\603757.SH.csv
600838.SH,上海九百,A股,..\data\a_share\600838.SH.csv
301019.SZ,宁波色母,A股,..\data\a_share\301019.SZ.csv
688533.SH,上声电子,A股,..\data\a_share\688533.SH.csv
600547.SH,山东黄金,A股,..\data\a_share\600547.SH.csv
600865.SH,百大集团,A股,..\data\a_share\600865.SH.csv
603666.SH,亿嘉和,A股,..\data\a_share\603666.SH.csv
002106.SZ,莱宝高科,A股,..\data\a_share\002106.SZ.csv
002850.SZ,科达利,A股,..\data\a_share\002850.SZ.csv
920016.SH,中草香料,A股,..\data\a_share\920016.SH.csv
601608.SH,中信重工,A股,..\data\a_share\601608.SH.csv
001387.SZ,雪祺电气,A股,..\data\a_share\001387.SZ.csv
002681.SZ,奋达科技,A股,..\data\a_share\002681.SZ.csv
000409.SZ,云鼎科技,A股,..\data\a_share\000409.SZ.csv
603108.SH,润达医疗,A股,..\data\a_share\603108.SH.csv
601519.SH,大智慧,A股,..\data\a_share\601519.SH.csv
002277.SZ,友阿股份,A股,..\data\a_share\002277.SZ.csv
603530.SH,神马电力,A股,..\data\a_share\603530.SH.csv
688468.SH,科美诊断,A股,..\data\a_share\688468.SH.csv
001288.SZ,运机集团,A股,..\data\a_share\001288.SZ.csv
000663.SZ,永安林业,A股,..\data\a_share\000663.SZ.csv
603489.SH,八方股份,A股,..\data\a_share\603489.SH.csv
002566.SZ,益盛药业,A股,..\data\a_share\002566.SZ.csv
603238.SH,诺邦股份,A股,..\data\a_share\603238.SH.csv
300239.SZ,东宝生物,A股,..\data\a_share\300239.SZ.csv
920675.SH,秉扬科技,A股,..\data\a_share\920675.SH.csv
002881.SZ,美格智能,A股,..\data\a_share\002881.SZ.csv
605007.SH,五洲特纸,A股,..\data\a_share\605007.SH.csv
300055.SZ,万邦达,A股,..\data\a_share\300055.SZ.csv
600641.SH,先导基电,A股,..\data\a_share\600641.SH.csv
002801.SZ,微光股份,A股,..\data\a_share\002801.SZ.csv
603350.SH,安乃达,A股,..\data\a_share\603350.SH.csv
600638.SH,新黄浦,A股,..\data\a_share\600638.SH.csv
300173.SZ,ST福能,A股,..\data\a_share\300173.SZ.csv
603382.SH,海阳科技,A股,..\data\a_share\603382.SH.csv
300774.SZ,倍杰特,A股,..\data\a_share\300774.SZ.csv
603180.SH,金牌家居,A股,..\data\a_share\603180.SH.csv
920008.SH,成电光信,A股,..\data\a_share\920008.SH.csv
601858.SH,中国科传,A股,..\data\a_share\601858.SH.csv
600128.SH,苏豪弘业,A股,..\data\a_share\600128.SH.csv
920174.SH,五新隧装,A股,..\data\a_share\920174.SH.csv
920106.SH,林泰新材,A股,..\data\a_share\920106.SH.csv
600725.SH,云维股份,A股,..\data\a_share\600725.SH.csv
600569.SH,安阳钢铁,A股,..\data\a_share\600569.SH.csv
001337.SZ,四川黄金,A股,..\data\a_share\001337.SZ.csv
688611.SH,杭州柯林,A股,..\data\a_share\688611.SH.csv
301037.SZ,保立佳,A股,..\data\a_share\301037.SZ.csv
603309.SH,维力医疗,A股,..\data\a_share\603309.SH.csv
603013.SH,亚普股份,A股,..\data\a_share\603013.SH.csv
600961.SH,株冶集团,A股,..\data\a_share\600961.SH.csv
300190.SZ,维尔利,A股,..\data\a_share\300190.SZ.csv
600650.SH,锦江在线,A股,..\data\a_share\600650.SH.csv
002530.SZ,金财互联,A股,..\data\a_share\002530.SZ.csv
603232.SH,格尔软件,A股,..\data\a_share\603232.SH.csv
300892.SZ,品渥食品,A股,..\data\a_share\300892.SZ.csv
688022.SH,ST瀚川,A股,..\data\a_share\688022.SH.csv
603276.SH,恒兴新材,A股,..\data\a_share\603276.SH.csv
301076.SZ,新瀚新材,A股,..\data\a_share\301076.SZ.csv
603565.SH,中谷物流,A股,..\data\a_share\603565.SH.csv
002535.SZ,林州重机,A股,..\data\a_share\002535.SZ.csv
300138.SZ,晨光生物,A股,..\data\a_share\300138.SZ.csv
600019.SH,宝钢股份,A股,..\data\a_share\600019.SH.csv
003041.SZ,真爱美家,A股,..\data\a_share\003041.SZ.csv
600038.SH,中直股份,A股,..\data\a_share\600038.SH.csv
301353.SZ,普莱得,A股,..\data\a_share\301353.SZ.csv
300183.SZ,东软载波,A股,..\data\a_share\300183.SZ.csv
002320.SZ,海峡股份,A股,..\data\a_share\002320.SZ.csv
920395.SH,朗鸿科技,A股,..\data\a_share\920395.SH.csv
002686.SZ,亿利达,A股,..\data\a_share\002686.SZ.csv
002088.SZ,鲁阳节能,A股,..\data\a_share\002088.SZ.csv
301192.SZ,泰祥股份,A股,..\data\a_share\301192.SZ.csv
688658.SH,悦康药业,A股,..\data\a_share\688658.SH.csv
600662.SH,外服控股,A股,..\data\a_share\600662.SH.csv
603686.SH,福龙马,A股,..\data\a_share\603686.SH.csv
920163.SH,方大新材,A股,..\data\a_share\920163.SH.csv
002687.SZ,乔治白,A股,..\data\a_share\002687.SZ.csv
603829.SH,洛凯股份,A股,..\data\a_share\603829.SH.csv
001223.SZ,欧克科技,A股,..\data\a_share\001223.SZ.csv
300489.SZ,光智科技,A股,..\data\a_share\300489.SZ.csv
688328.SH,深科达,A股,..\data\a_share\688328.SH.csv
605060.SH,联德股份,A股,..\data\a_share\605060.SH.csv
300861.SZ,美畅股份,A股,..\data\a_share\300861.SZ.csv
601020.SH,华钰矿业,A股,..\data\a_share\601020.SH.csv
300406.SZ,九强生物,A股,..\data\a_share\300406.SZ.csv
605288.SH,凯迪股份,A股,..\data\a_share\605288.SH.csv
688561.SH,奇安信-U,A股,..\data\a_share\688561.SH.csv
000903.SZ,ST云动,A股,..\data\a_share\000903.SZ.csv
001230.SZ,劲旅环境,A股,..\data\a_share\001230.SZ.csv
300906.SZ,日月明,A股,..\data\a_share\300906.SZ.csv
300756.SZ,金马游乐,A股,..\data\a_share\300756.SZ.csv
000897.SZ,津滨发展,A股,..\data\a_share\000897.SZ.csv
600495.SH,晋西车轴,A股,..\data\a_share\600495.SH.csv
301501.SZ,恒鑫生活,A股,..\data\a_share\301501.SZ.csv
001202.SZ,炬申股份,A股,..\data\a_share\001202.SZ.csv
603833.SH,欧派家居,A股,..\data\a_share\603833.SH.csv
603286.SH,日盈电子,A股,..\data\a_share\603286.SH.csv
002361.SZ,神剑股份,A股,..\data\a_share\002361.SZ.csv
688386.SH,泛亚微透,A股,..\data\a_share\688386.SH.csv
301390.SZ,经纬股份,A股,..\data\a_share\301390.SZ.csv
920118.SH,太湖远大,A股,..\data\a_share\920118.SH.csv
603099.SH,长白山,A股,..\data\a_share\603099.SH.csv
002398.SZ,垒知集团,A股,..\data\a_share\002398.SZ.csv
002583.SZ,海能达,A股,..\data\a_share\002583.SZ.csv
000419.SZ,通程控股,A股,..\data\a_share\000419.SZ.csv
603210.SH,泰鸿万立,A股,..\data\a_share\603210.SH.csv
000159.SZ,国际实业,A股,..\data\a_share\000159.SZ.csv
301170.SZ,锡南科技,A股,..\data\a_share\301170.SZ.csv
600108.SH,亚盛集团,A股,..\data\a_share\600108.SH.csv
301078.SZ,孩子王,A股,..\data\a_share\301078.SZ.csv
300880.SZ,迦南智能,A股,..\data\a_share\300880.SZ.csv
688150.SH,莱特光电,A股,..\data\a_share\688150.SH.csv
301575.SZ,艾芬达,A股,..\data\a_share\301575.SZ.csv
920706.SH,铁拓机械,A股,..\data\a_share\920706.SH.csv
920082.SH,方正阀门,A股,..\data\a_share\920082.SH.csv
920718.SH,合肥高科,A股,..\data\a_share\920718.SH.csv
603839.SH,安正时尚,A股,..\data\a_share\603839.SH.csv
300600.SZ,国瑞科技,A股,..\data\a_share\300600.SZ.csv
300611.SZ,美力科技,A股,..\data\a_share\300611.SZ.csv
300314.SZ,戴维医疗,A股,..\data\a_share\300314.SZ.csv
688151.SH,华强科技,A股,..\data\a_share\688151.SH.csv
003003.SZ,天元股份,A股,..\data\a_share\003003.SZ.csv
002307.SZ,北新路桥,A股,..\data\a_share\002307.SZ.csv
603040.SH,新坐标,A股,..\data\a_share\603040.SH.csv
920942.SH,恒立钻具,A股,..\data\a_share\920942.SH.csv
688600.SH,皖仪科技,A股,..\data\a_share\688600.SH.csv
300399.SZ,天利科技,A股,..\data\a_share\300399.SZ.csv
600737.SH,中粮糖业,A股,..\data\a_share\600737.SH.csv
300789.SZ,唐源电气,A股,..\data\a_share\300789.SZ.csv
300439.SZ,美康生物,A股,..\data\a_share\300439.SZ.csv
000969.SZ,安泰科技,A股,..\data\a_share\000969.SZ.csv
688393.SH,安必平,A股,..\data\a_share\688393.SH.csv
301279.SZ,金道科技,A股,..\data\a_share\301279.SZ.csv
603877.SH,太平鸟,A股,..\data\a_share\603877.SH.csv
600575.SH,淮河能源,A股,..\data\a_share\600575.SH.csv
300702.SZ,天宇股份,A股,..\data\a_share\300702.SZ.csv
002148.SZ,北纬科技,A股,..\data\a_share\002148.SZ.csv
002395.SZ,双象股份,A股,..\data\a_share\002395.SZ.csv
300083.SZ,创世纪,A股,..\data\a_share\300083.SZ.csv
301107.SZ,瑜欣电子,A股,..\data\a_share\301107.SZ.csv
600097.SH,开创国际,A股,..\data\a_share\600097.SH.csv
000069.SZ,华侨城Ａ,A股,..\data\a_share\000069.SZ.csv
600843.SH,上工申贝,A股,..\data\a_share\600843.SH.csv
001318.SZ,阳光乳业,A股,..\data\a_share\001318.SZ.csv
920781.SH,瑞奇智造,A股,..\data\a_share\920781.SH.csv
600803.SH,新奥股份,A股,..\data\a_share\600803.SH.csv
300978.SZ,东箭科技,A股,..\data\a_share\300978.SZ.csv
001330.SZ,博纳影业,A股,..\data\a_share\001330.SZ.csv
000532.SZ,华金资本,A股,..\data\a_share\000532.SZ.csv
300163.SZ,先锋新材,A股,..\data\a_share\300163.SZ.csv
600697.SH,欧亚集团,A股,..\data\a_share\600697.SH.csv
301229.SZ,纽泰格,A股,..\data\a_share\301229.SZ.csv
600640.SH,国脉文化,A股,..\data\a_share\600640.SH.csv
601956.SH,东贝集团,A股,..\data\a_share\601956.SH.csv
300515.SZ,三德科技,A股,..\data\a_share\300515.SZ.csv
300917.SZ,特发服务,A股,..\data\a_share\300917.SZ.csv
603301.SH,振德医疗,A股,..\data\a_share\603301.SH.csv
920735.SH,德源药业,A股,..\data\a_share\920735.SH.csv
600255.SH,鑫科材料,A股,..\data\a_share\600255.SH.csv
603536.SH,惠发食品,A股,..\data\a_share\603536.SH.csv
688626.SH,翔宇医疗,A股,..\data\a_share\688626.SH.csv
002172.SZ,澳洋健康,A股,..\data\a_share\002172.SZ.csv
600833.SH,第一医药,A股,..\data\a_share\600833.SH.csv
300371.SZ,汇中股份,A股,..\data\a_share\300371.SZ.csv
600848.SH,上海临港,A股,..\data\a_share\600848.SH.csv
603151.SH,邦基科技,A股,..\data\a_share\603151.SH.csv
603768.SH,常青股份,A股,..\data\a_share\603768.SH.csv
002928.SZ,华夏航空,A股,..\data\a_share\002928.SZ.csv
688056.SH,莱伯泰科,A股,..\data\a_share\688056.SH.csv
002543.SZ,万和电气,A股,..\data\a_share\002543.SZ.csv
300904.SZ,威力传动,A股,..\data\a_share\300904.SZ.csv
601598.SH,中国外运,A股,..\data\a_share\601598.SH.csv
301318.SZ,维海德,A股,..\data\a_share\301318.SZ.csv
301533.SZ,威马农机,A股,..\data\a_share\301533.SZ.csv
600150.SH,中国船舶,A股,..\data\a_share\600150.SH.csv
301036.SZ,双乐股份,A股,..\data\a_share\301036.SZ.csv
600052.SH,东望时代,A股,..\data\a_share\600052.SH.csv
002510.SZ,天汽模,A股,..\data\a_share\002510.SZ.csv
605128.SH,上海沿浦,A股,..\data\a_share\605128.SH.csv
603579.SH,荣泰健康,A股,..\data\a_share\603579.SH.csv
002291.SZ,遥望科技,A股,..\data\a_share\002291.SZ.csv
603920.SH,世运电路,A股,..\data\a_share\603920.SH.csv
000788.SZ,北大医药,A股,..\data\a_share\000788.SZ.csv
301508.SZ,中机认检,A股,..\data\a_share\301508.SZ.csv
603216.SH,梦天家居,A股,..\data\a_share\603216.SH.csv
603696.SH,安记食品,A股,..\data\a_share\603696.SH.csv
000014.SZ,沙河股份,A股,..\data\a_share\000014.SZ.csv
301357.SZ,北方长龙,A股,..\data\a_share\301357.SZ.csv
300101.SZ,振芯科技,A股,..\data\a_share\300101.SZ.csv
002809.SZ,红墙股份,A股,..\data\a_share\002809.SZ.csv
301589.SZ,诺瓦星云,A股,..\data\a_share\301589.SZ.csv
002017.SZ,东信和平,A股,..\data\a_share\002017.SZ.csv
002367.SZ,康力电梯,A股,..\data\a_share\002367.SZ.csv
301268.SZ,铭利达,A股,..\data\a_share\301268.SZ.csv
002340.SZ,格林美,A股,..\data\a_share\002340.SZ.csv
002769.SZ,普路通,A股,..\data\a_share\002769.SZ.csv
301559.SZ,中集环科,A股,..\data\a_share\301559.SZ.csv
600939.SH,重庆建工,A股,..\data\a_share\600939.SH.csv
600477.SH,杭萧钢构,A股,..\data\a_share\600477.SH.csv
688538.SH,和辉光电-U,A股,..\data\a_share\688538.SH.csv
300221.SZ,银禧科技,A股,..\data\a_share\300221.SZ.csv
688391.SH,钜泉科技,A股,..\data\a_share\688391.SH.csv
600611.SH,大众交通,A股,..\data\a_share\600611.SH.csv
002662.SZ,峰璟股份,A股,..\data\a_share\002662.SZ.csv
300887.SZ,谱尼测试,A股,..\data\a_share\300887.SZ.csv
920020.SH,泰凯英,A股,..\data\a_share\920020.SH.csv
002880.SZ,卫光生物,A股,..\data\a_share\002880.SZ.csv
920403.SH,康农种业,A股,..\data\a_share\920403.SH.csv
688701.SH,卓锦股份,A股,..\data\a_share\688701.SH.csv
920926.SH,鸿智科技,A股,..\data\a_share\920926.SH.csv
601566.SH,九牧王,A股,..\data\a_share\601566.SH.csv
002363.SZ,隆基机械,A股,..\data\a_share\002363.SZ.csv
600509.SH,天富能源,A股,..\data\a_share\600509.SH.csv
603137.SH,恒尚节能,A股,..\data\a_share\603137.SH.csv
688130.SH,晶华微,A股,..\data\a_share\688130.SH.csv
300512.SZ,中亚股份,A股,..\data\a_share\300512.SZ.csv
600449.SH,宁夏建材,A股,..\data\a_share\600449.SH.csv
600313.SH,农发种业,A股,..\data\a_share\600313.SH.csv
600422.SH,昆药集团,A股,..\data\a_share\600422.SH.csv
688071.SH,华依科技,A股,..\data\a_share\688071.SH.csv
600354.SH,敦煌种业,A股,..\data\a_share\600354.SH.csv
603908.SH,牧高笛,A股,..\data\a_share\603908.SH.csv
603023.SH,威帝股份,A股,..\data\a_share\603023.SH.csv
301158.SZ,德石股份,A股,..\data\a_share\301158.SZ.csv
300690.SZ,双一科技,A股,..\data\a_share\300690.SZ.csv
603408.SH,建霖家居,A股,..\data\a_share\603408.SH.csv
002445.SZ,中南文化,A股,..\data\a_share\002445.SZ.csv
002333.SZ,罗普斯金,A股,..\data\a_share\002333.SZ.csv
300573.SZ,兴齐眼药,A股,..\data\a_share\300573.SZ.csv
605183.SH,确成股份,A股,..\data\a_share\605183.SH.csv
002908.SZ,德生科技,A股,..\data\a_share\002908.SZ.csv
603661.SH,恒林股份,A股,..\data\a_share\603661.SH.csv
600775.SH,南京熊猫,A股,..\data\a_share\600775.SH.csv
003042.SZ,中农联合,A股,..\data\a_share\003042.SZ.csv
001211.SZ,双枪科技,A股,..\data\a_share\001211.SZ.csv
301584.SZ,建发致新,A股,..\data\a_share\301584.SZ.csv
000920.SZ,沃顿科技,A股,..\data\a_share\000920.SZ.csv
600831.SH,广电网络,A股,..\data\a_share\600831.SH.csv
600280.SH,中央商场,A股,..\data\a_share\600280.SH.csv
600418.SH,江淮汽车,A股,..\data\a_share\600418.SH.csv
920274.SH,宏裕包材,A股,..\data\a_share\920274.SH.csv
688280.SH,精进电动-W,A股,..\data\a_share\688280.SH.csv
002228.SZ,合兴包装,A股,..\data\a_share\002228.SZ.csv
601700.SH,风范股份,A股,..\data\a_share\601700.SH.csv
920392.SH,佳合科技,A股,..\data\a_share\920392.SH.csv
002188.SZ,中天服务,A股,..\data\a_share\002188.SZ.csv
601216.SH,君正集团,A股,..\data\a_share\601216.SH.csv
301141.SZ,中科磁业,A股,..\data\a_share\301141.SZ.csv
300411.SZ,金盾股份,A股,..\data\a_share\300411.SZ.csv
605365.SH,立达信,A股,..\data\a_share\605365.SH.csv
300745.SZ,欣锐科技,A股,..\data\a_share\300745.SZ.csv
300337.SZ,银邦股份,A股,..\data\a_share\300337.SZ.csv
603029.SH,天鹅股份,A股,..\data\a_share\603029.SH.csv
603049.SH,中策橡胶,A股,..\data\a_share\603049.SH.csv
300521.SZ,爱司凯,A股,..\data\a_share\300521.SZ.csv
002977.SZ,*ST天箭,A股,..\data\a_share\002977.SZ.csv
603882.SH,金域医学,A股,..\data\a_share\603882.SH.csv
600072.SH,中船科技,A股,..\data\a_share\600072.SH.csv
688333.SH,铂力特,A股,..\data\a_share\688333.SH.csv
603500.SH,祥和实业,A股,..\data\a_share\603500.SH.csv
600853.SH,龙建股份,A股,..\data\a_share\600853.SH.csv
003028.SZ,振邦智能,A股,..\data\a_share\003028.SZ.csv
605178.SH,时空科技,A股,..\data\a_share\605178.SH.csv
603901.SH,永创智能,A股,..\data\a_share\603901.SH.csv
600456.SH,宝钛股份,A股,..\data\a_share\600456.SH.csv
600877.SH,电科芯片,A股,..\data\a_share\600877.SH.csv
300135.SZ,宝利国际,A股,..\data\a_share\300135.SZ.csv
603977.SH,国泰集团,A股,..\data\a_share\603977.SH.csv
603270.SH,金帝股份,A股,..\data\a_share\603270.SH.csv
002463.SZ,沪电股份,A股,..\data\a_share\002463.SZ.csv
301632.SZ,广东建科,A股,..\data\a_share\301632.SZ.csv
000757.SZ,浩物股份,A股,..\data\a_share\000757.SZ.csv
601127.SH,赛力斯,A股,..\data\a_share\601127.SH.csv
002402.SZ,和而泰,A股,..\data\a_share\002402.SZ.csv
301176.SZ,逸豪新材,A股,..\data\a_share\301176.SZ.csv
601008.SH,连云港,A股,..\data\a_share\601008.SH.csv
002138.SZ,顺络电子,A股,..\data\a_share\002138.SZ.csv
605319.SH,无锡振华,A股,..\data\a_share\605319.SH.csv
001256.SZ,炜冈科技,A股,..\data\a_share\001256.SZ.csv
001306.SZ,夏厦精密,A股,..\data\a_share\001306.SZ.csv
002817.SZ,黄山胶囊,A股,..\data\a_share\002817.SZ.csv
000882.SZ,华联股份,A股,..\data\a_share\000882.SZ.csv
600467.SH,好当家,A股,..\data\a_share\600467.SH.csv
300494.SZ,盛天网络,A股,..\data\a_share\300494.SZ.csv
003011.SZ,海象新材,A股,..\data\a_share\003011.SZ.csv
301512.SZ,智信精密,A股,..\data\a_share\301512.SZ.csv
600824.SH,益民集团,A股,..\data\a_share\600824.SH.csv
300995.SZ,奇德新材,A股,..\data\a_share\300995.SZ.csv
001316.SZ,润贝航科,A股,..\data\a_share\001316.SZ.csv
688588.SH,凌志软件,A股,..\data\a_share\688588.SH.csv
300334.SZ,津膜科技,A股,..\data\a_share\300334.SZ.csv
300556.SZ,丝路视觉,A股,..\data\a_share\300556.SZ.csv
300973.SZ,立高食品,A股,..\data\a_share\300973.SZ.csv
605009.SH,豪悦护理,A股,..\data\a_share\605009.SH.csv
002873.SZ,新天药业,A股,..\data\a_share\002873.SZ.csv
002314.SZ,南山控股,A股,..\data\a_share\002314.SZ.csv
603214.SH,爱婴室,A股,..\data\a_share\603214.SH.csv
600303.SH,曙光股份,A股,..\data\a_share\600303.SH.csv
300197.SZ,节能铁汉,A股,..\data\a_share\300197.SZ.csv
301601.SZ,惠通科技,A股,..\data\a_share\301601.SZ.csv
301391.SZ,卡莱特,A股,..\data\a_share\301391.SZ.csv
300359.SZ,全通教育,A股,..\data\a_share\300359.SZ.csv
301047.SZ,义翘神州,A股,..\data\a_share\301047.SZ.csv
002355.SZ,兴民智通,A股,..\data\a_share\002355.SZ.csv
000558.SZ,天府文旅,A股,..\data\a_share\000558.SZ.csv
002269.SZ,美邦服饰,A股,..\data\a_share\002269.SZ.csv
000615.SZ,*ST美谷,A股,..\data\a_share\000615.SZ.csv
600598.SH,北大荒,A股,..\data\a_share\600598.SH.csv
300030.SZ,阳普医疗,A股,..\data\a_share\300030.SZ.csv
002133.SZ,广宇集团,A股,..\data\a_share\002133.SZ.csv
603486.SH,科沃斯,A股,..\data\a_share\603486.SH.csv
688619.SH,罗普特,A股,..\data\a_share\688619.SH.csv
301293.SZ,三博脑科,A股,..\data\a_share\301293.SZ.csv
600493.SH,凤竹纺织,A股,..\data\a_share\600493.SH.csv
002373.SZ,千方科技,A股,..\data\a_share\002373.SZ.csv
603759.SH,海天股份,A股,..\data\a_share\603759.SH.csv
600828.SH,茂业商业,A股,..\data\a_share\600828.SH.csv
920007.SH,酉立智能,A股,..\data\a_share\920007.SH.csv
002105.SZ,信隆健康,A股,..\data\a_share\002105.SZ.csv
300168.SZ,万达信息,A股,..\data\a_share\300168.SZ.csv
600475.SH,华光环能,A股,..\data\a_share\600475.SH.csv
601992.SH,金隅集团,A股,..\data\a_share\601992.SH.csv
300310.SZ,宜通世纪,A股,..\data\a_share\300310.SZ.csv
300605.SZ,恒锋信息,A股,..\data\a_share\300605.SZ.csv
603307.SH,扬州金泉,A股,..\data\a_share\603307.SH.csv
001388.SZ,信通电子,A股,..\data\a_share\001388.SZ.csv
300288.SZ,朗玛信息,A股,..\data\a_share\300288.SZ.csv
002823.SZ,凯中精密,A股,..\data\a_share\002823.SZ.csv
605179.SH,一鸣食品,A股,..\data\a_share\605179.SH.csv
603578.SH,三星新材,A股,..\data\a_share\603578.SH.csv
300416.SZ,苏试试验,A股,..\data\a_share\300416.SZ.csv
920807.SH,奔朗新材,A股,..\data\a_share\920807.SH.csv
000567.SZ,海德股份,A股,..\data\a_share\000567.SZ.csv
300510.SZ,金冠股份,A股,..\data\a_share\300510.SZ.csv
920427.SH,华维设计,A股,..\data\a_share\920427.SH.csv
300407.SZ,凯发电气,A股,..\data\a_share\300407.SZ.csv
600789.SH,鲁抗医药,A股,..\data\a_share\600789.SH.csv
920717.SH,瑞星股份,A股,..\data\a_share\920717.SH.csv
002073.SZ,软控股份,A股,..\data\a_share\002073.SZ.csv
603439.SH,三力制药,A股,..\data\a_share\603439.SH.csv
920394.SH,民士达,A股,..\data\a_share\920394.SH.csv
600503.SH,华丽家族,A股,..\data\a_share\600503.SH.csv
300691.SZ,联合光电,A股,..\data\a_share\300691.SZ.csv
600587.SH,新华医疗,A股,..\data\a_share\600587.SH.csv
920556.SH,雅达股份,A股,..\data\a_share\920556.SH.csv
002886.SZ,沃特股份,A股,..\data\a_share\002886.SZ.csv
300230.SZ,永利股份,A股,..\data\a_share\300230.SZ.csv
300130.SZ,新国都,A股,..\data\a_share\300130.SZ.csv
920770.SH,艾能聚,A股,..\data\a_share\920770.SH.csv
600706.SH,曲江文旅,A股,..\data\a_share\600706.SH.csv
002942.SZ,新农股份,A股,..\data\a_share\002942.SZ.csv
688285.SH,高铁电气,A股,..\data\a_share\688285.SH.csv
002177.SZ,御银股份,A股,..\data\a_share\002177.SZ.csv
003029.SZ,吉大正元,A股,..\data\a_share\003029.SZ.csv
601865.SH,福莱特,A股,..\data\a_share\601865.SH.csv
300365.SZ,恒华科技,A股,..\data\a_share\300365.SZ.csv
920149.SH,旭杰科技,A股,..\data\a_share\920149.SH.csv
920261.SH,一诺威,A股,..\data\a_share\920261.SH.csv
301578.SZ,辰奕智能,A股,..\data\a_share\301578.SZ.csv
603918.SH,金桥信息,A股,..\data\a_share\603918.SH.csv
000530.SZ,冰山冷热,A股,..\data\a_share\000530.SZ.csv
688032.SH,禾迈股份,A股,..\data\a_share\688032.SH.csv
920370.SH,新安洁,A股,..\data\a_share\920370.SH.csv
301272.SZ,英华特,A股,..\data\a_share\301272.SZ.csv
002263.SZ,大东南,A股,..\data\a_share\002263.SZ.csv
688526.SH,科前生物,A股,..\data\a_share\688526.SH.csv
301137.SZ,哈焊华通,A股,..\data\a_share\301137.SZ.csv
003008.SZ,开普检测,A股,..\data\a_share\003008.SZ.csv
300551.SZ,古鳌科技,A股,..\data\a_share\300551.SZ.csv
000989.SZ,九芝堂,A股,..\data\a_share\000989.SZ.csv
002608.SZ,江苏国信,A股,..\data\a_share\002608.SZ.csv
002365.SZ,永安药业,A股,..\data\a_share\002365.SZ.csv
601326.SH,秦港股份,A股,..\data\a_share\601326.SH.csv
920429.SH,康比特,A股,..\data\a_share\920429.SH.csv
603968.SH,醋化股份,A股,..\data\a_share\603968.SH.csv
600419.SH,天润乳业,A股,..\data\a_share\600419.SH.csv
920433.SH,大唐药业,A股,..\data\a_share\920433.SH.csv
002799.SZ,环球印务,A股,..\data\a_share\002799.SZ.csv
002392.SZ,北京利尔,A股,..\data\a_share\002392.SZ.csv
002014.SZ,永新股份,A股,..\data\a_share\002014.SZ.csv
688708.SH,佳驰科技,A股,..\data\a_share\688708.SH.csv
002368.SZ,太极股份,A股,..\data\a_share\002368.SZ.csv
002700.SZ,万憬能源,A股,..\data\a_share\002700.SZ.csv
300752.SZ,隆利科技,A股,..\data\a_share\300752.SZ.csv
688118.SH,普元信息,A股,..\data\a_share\688118.SH.csv
300886.SZ,华业香料,A股,..\data\a_share\300886.SZ.csv
600684.SH,珠江股份,A股,..\data\a_share\600684.SH.csv
300137.SZ,先河环保,A股,..\data\a_share\300137.SZ.csv
920230.SH,欧康医药,A股,..\data\a_share\920230.SH.csv
301298.SZ,东利机械,A股,..\data\a_share\301298.SZ.csv
002778.SZ,中晟高科,A股,..\data\a_share\002778.SZ.csv
002344.SZ,海宁皮城,A股,..\data\a_share\002344.SZ.csv
000548.SZ,湖南投资,A股,..\data\a_share\000548.SZ.csv
920419.SH,路斯股份,A股,..\data\a_share\920419.SH.csv
600148.SH,长春一东,A股,..\data\a_share\600148.SH.csv
301011.SZ,华立科技,A股,..\data\a_share\301011.SZ.csv
002613.SZ,北玻股份,A股,..\data\a_share\002613.SZ.csv
300189.SZ,神农种业,A股,..\data\a_share\300189.SZ.csv
301510.SZ,固高科技,A股,..\data\a_share\301510.SZ.csv
300405.SZ,科隆股份,A股,..\data\a_share\300405.SZ.csv
688565.SH,力源科技,A股,..\data\a_share\688565.SH.csv
301505.SZ,苏州规划,A股,..\data\a_share\301505.SZ.csv
603836.SH,海程邦达,A股,..\data\a_share\603836.SH.csv
600448.SH,华纺股份,A股,..\data\a_share\600448.SH.csv
002278.SZ,神开股份,A股,..\data\a_share\002278.SZ.csv
920035.SH,精创电气,A股,..\data\a_share\920035.SH.csv
300776.SZ,帝尔激光,A股,..\data\a_share\300776.SZ.csv
300074.SZ,华平股份,A股,..\data\a_share\300074.SZ.csv
300970.SZ,华绿生物,A股,..\data\a_share\300970.SZ.csv
002497.SZ,雅化集团,A股,..\data\a_share\002497.SZ.csv
300412.SZ,迦南科技,A股,..\data\a_share\300412.SZ.csv
000564.SZ,供销大集,A股,..\data\a_share\000564.SZ.csv
300645.SZ,正元智慧,A股,..\data\a_share\300645.SZ.csv
000889.SZ,中嘉博创,A股,..\data\a_share\000889.SZ.csv
920001.SH,纬达光电,A股,..\data\a_share\920001.SH.csv
300859.SZ,西域旅游,A股,..\data\a_share\300859.SZ.csv
603703.SH,盛洋科技,A股,..\data\a_share\603703.SH.csv
002343.SZ,慈文传媒,A股,..\data\a_share\002343.SZ.csv
603011.SH,合锻智能,A股,..\data\a_share\603011.SH.csv
000007.SZ,全新好,A股,..\data\a_share\000007.SZ.csv
301017.SZ,漱玉平民,A股,..\data\a_share\301017.SZ.csv
002123.SZ,梦网科技,A股,..\data\a_share\002123.SZ.csv
002226.SZ,江南化工,A股,..\data\a_share\002226.SZ.csv
300154.SZ,瑞凌股份,A股,..\data\a_share\300154.SZ.csv
002301.SZ,齐心集团,A股,..\data\a_share\002301.SZ.csv
920089.SH,禾昌聚合,A股,..\data\a_share\920089.SH.csv
300707.SZ,威唐工业,A股,..\data\a_share\300707.SZ.csv
001382.SZ,新亚电缆,A股,..\data\a_share\001382.SZ.csv
300226.SZ,上海钢联,A股,..\data\a_share\300226.SZ.csv
002006.SZ,精工科技,A股,..\data\a_share\002006.SZ.csv
300705.SZ,九典制药,A股,..\data\a_share\300705.SZ.csv
001217.SZ,华尔泰,A股,..\data\a_share\001217.SZ.csv
301491.SZ,汉桑科技,A股,..\data\a_share\301491.SZ.csv
300653.SZ,正海生物,A股,..\data\a_share\300653.SZ.csv
603139.SH,康惠股份,A股,..\data\a_share\603139.SH.csv
301568.SZ,思泰克,A股,..\data\a_share\301568.SZ.csv
300800.SZ,力合科技,A股,..\data\a_share\300800.SZ.csv
920167.SH,同享科技,A股,..\data\a_share\920167.SH.csv
000153.SZ,丰原药业,A股,..\data\a_share\000153.SZ.csv
000705.SZ,浙江震元,A股,..\data\a_share\000705.SZ.csv
600653.SH,申华控股,A股,..\data\a_share\600653.SH.csv
000708.SZ,中信特钢,A股,..\data\a_share\000708.SZ.csv
000524.SZ,岭南控股,A股,..\data\a_share\000524.SZ.csv
603466.SH,风语筑,A股,..\data\a_share\603466.SH.csv
601555.SH,东吴证券,A股,..\data\a_share\601555.SH.csv
300542.SZ,新晨科技,A股,..\data\a_share\300542.SZ.csv
300739.SZ,明阳电路,A股,..\data\a_share\300739.SZ.csv
603096.SH,新经典,A股,..\data\a_share\603096.SH.csv
603255.SH,鼎际得,A股,..\data\a_share\603255.SH.csv
601106.SH,中国一重,A股,..\data\a_share\601106.SH.csv
300063.SZ,天龙集团,A股,..\data\a_share\300063.SZ.csv
300188.SZ,国投智能,A股,..\data\a_share\300188.SZ.csv
600846.SH,同济科技,A股,..\data\a_share\600846.SH.csv
301042.SZ,安联锐视,A股,..\data\a_share\301042.SZ.csv
600064.SH,南京高科,A股,..\data\a_share\600064.SH.csv
920753.SH,天纺标,A股,..\data\a_share\920753.SH.csv
603335.SH,迪生力,A股,..\data\a_share\603335.SH.csv
603327.SH,福蓉科技,A股,..\data\a_share\603327.SH.csv
600679.SH,上海凤凰,A股,..\data\a_share\600679.SH.csv
603248.SH,锡华科技,A股,..\data\a_share\603248.SH.csv
002796.SZ,世嘉科技,A股,..\data\a_share\002796.SZ.csv
605286.SH,同力天启,A股,..\data\a_share\605286.SH.csv
688218.SH,江苏北人,A股,..\data\a_share\688218.SH.csv
920374.SH,云里物里,A股,..\data\a_share\920374.SH.csv
301048.SZ,金鹰重工,A股,..\data\a_share\301048.SZ.csv
300084.SZ,海默科技,A股,..\data\a_share\300084.SZ.csv
000931.SZ,中 关 村,A股,..\data\a_share\000931.SZ.csv
600894.SH,广日股份,A股,..\data\a_share\600894.SH.csv
300151.SZ,昌红科技,A股,..\data\a_share\300151.SZ.csv
002622.SZ,皓宸医疗,A股,..\data\a_share\002622.SZ.csv
300968.SZ,格林精密,A股,..\data\a_share\300968.SZ.csv
000828.SZ,东莞控股,A股,..\data\a_share\000828.SZ.csv
001872.SZ,招商港口,A股,..\data\a_share\001872.SZ.csv
600663.SH,陆家嘴,A股,..\data\a_share\600663.SH.csv
301520.SZ,万邦医药,A股,..\data\a_share\301520.SZ.csv
301283.SZ,聚胶股份,A股,..\data\a_share\301283.SZ.csv
301177.SZ,迪阿股份,A股,..\data\a_share\301177.SZ.csv
600571.SH,信雅达,A股,..\data\a_share\600571.SH.csv
300623.SZ,捷捷微电,A股,..\data\a_share\300623.SZ.csv
603072.SH,天和磁材,A股,..\data\a_share\603072.SH.csv
002114.SZ,罗平锌电,A股,..\data\a_share\002114.SZ.csv
000572.SZ,海马汽车,A股,..\data\a_share\000572.SZ.csv
301178.SZ,天亿马,A股,..\data\a_share\301178.SZ.csv
300112.SZ,万讯自控,A股,..\data\a_share\300112.SZ.csv
603863.SH,松炀资源,A股,..\data\a_share\603863.SH.csv
001328.SZ,登康口腔,A股,..\data\a_share\001328.SZ.csv
600298.SH,安琪酵母,A股,..\data\a_share\600298.SH.csv
603332.SH,苏州龙杰,A股,..\data\a_share\603332.SH.csv
301091.SZ,深城交,A股,..\data\a_share\301091.SZ.csv
688439.SH,振华风光,A股,..\data\a_share\688439.SH.csv
688152.SH,麒麟信安,A股,..\data\a_share\688152.SH.csv
300141.SZ,和顺电气,A股,..\data\a_share\300141.SZ.csv
688716.SH,中研股份,A股,..\data\a_share\688716.SH.csv
002767.SZ,先锋电子,A股,..\data\a_share\002767.SZ.csv
301366.SZ,一博科技,A股,..\data\a_share\301366.SZ.csv
605011.SH,杭州热电,A股,..\data\a_share\605011.SH.csv
600470.SH,六国化工,A股,..\data\a_share\600470.SH.csv
300937.SZ,药易购,A股,..\data\a_share\300937.SZ.csv
600814.SH,杭州解百,A股,..\data\a_share\600814.SH.csv
601098.SH,中南传媒,A股,..\data\a_share\601098.SH.csv
600132.SH,重庆啤酒,A股,..\data\a_share\600132.SH.csv
920871.SH,派特尔,A股,..\data\a_share\920871.SH.csv
600777.SH,*ST新潮,A股,..\data\a_share\600777.SH.csv
920128.SH,胜业电气,A股,..\data\a_share\920128.SH.csv
600326.SH,西藏天路,A股,..\data\a_share\600326.SH.csv
920396.SH,常辅股份,A股,..\data\a_share\920396.SH.csv
300305.SZ,裕兴股份,A股,..\data\a_share\300305.SZ.csv
002603.SZ,以岭药业,A股,..\data\a_share\002603.SZ.csv
300568.SZ,星源材质,A股,..\data\a_share\300568.SZ.csv
601568.SH,北元集团,A股,..\data\a_share\601568.SH.csv
603859.SH,能科科技,A股,..\data\a_share\603859.SH.csv
603073.SH,彩蝶实业,A股,..\data\a_share\603073.SH.csv
000541.SZ,佛山照明,A股,..\data\a_share\000541.SZ.csv
002069.SZ,獐子岛,A股,..\data\a_share\002069.SZ.csv
003038.SZ,鑫铂股份,A股,..\data\a_share\003038.SZ.csv
603053.SH,成都燃气,A股,..\data\a_share\603053.SH.csv
920445.SH,龙竹科技,A股,..\data\a_share\920445.SH.csv
600339.SH,中油工程,A股,..\data\a_share\600339.SH.csv
001379.SZ,腾达科技,A股,..\data\a_share\001379.SZ.csv
600035.SH,楚天高速,A股,..\data\a_share\600035.SH.csv
002982.SZ,湘佳股份,A股,..\data\a_share\002982.SZ.csv
300963.SZ,中洲特材,A股,..\data\a_share\300963.SZ.csv
688261.SH,东微半导,A股,..\data\a_share\688261.SH.csv
600287.SH,苏豪时尚,A股,..\data\a_share\600287.SH.csv
000727.SZ,冠捷科技,A股,..\data\a_share\000727.SZ.csv
000802.SZ,北京文化,A股,..\data\a_share\000802.SZ.csv
603183.SH,建研院,A股,..\data\a_share\603183.SH.csv
600558.SH,大西洋,A股,..\data\a_share\600558.SH.csv
300496.SZ,中科创达,A股,..\data\a_share\300496.SZ.csv
601518.SH,吉林高速,A股,..\data\a_share\601518.SH.csv
605138.SH,盛泰集团,A股,..\data\a_share\605138.SH.csv
603900.SH,莱绅通灵,A股,..\data\a_share\603900.SH.csv
603213.SH,镇洋发展,A股,..\data\a_share\603213.SH.csv
002987.SZ,京北方,A股,..\data\a_share\002987.SZ.csv
300989.SZ,蕾奥规划,A股,..\data\a_share\300989.SZ.csv
301100.SZ,风光股份,A股,..\data\a_share\301100.SZ.csv
603813.SH,*ST原尚,A股,..\data\a_share\603813.SH.csv
002253.SZ,*ST智胜,A股,..\data\a_share\002253.SZ.csv
300306.SZ,远方信息,A股,..\data\a_share\300306.SZ.csv
300682.SZ,朗新科技,A股,..\data\a_share\300682.SZ.csv
603991.SH,至正股份,A股,..\data\a_share\603991.SH.csv
603992.SH,松霖科技,A股,..\data\a_share\603992.SH.csv
920415.SH,恒拓开源,A股,..\data\a_share\920415.SH.csv
600099.SH,林海股份,A股,..\data\a_share\600099.SH.csv
603722.SH,阿科力,A股,..\data\a_share\603722.SH.csv
000995.SZ,皇台酒业,A股,..\data\a_share\000995.SZ.csv
002962.SZ,五方光电,A股,..\data\a_share\002962.SZ.csv
000796.SZ,凯撒旅业,A股,..\data\a_share\000796.SZ.csv
920198.SH,微创光电,A股,..\data\a_share\920198.SH.csv
300219.SZ,鸿利智汇,A股,..\data\a_share\300219.SZ.csv
300176.SZ,鸿特科技,A股,..\data\a_share\300176.SZ.csv
301187.SZ,欧圣电气,A股,..\data\a_share\301187.SZ.csv
001386.SZ,马可波罗,A股,..\data\a_share\001386.SZ.csv
600327.SH,大东方,A股,..\data\a_share\600327.SH.csv
002476.SZ,宝莫股份,A股,..\data\a_share\002476.SZ.csv
920015.SH,锦华新材,A股,..\data\a_share\920015.SH.csv
301658.SZ,首航新能,A股,..\data\a_share\301658.SZ.csv
000691.SZ,*ST亚太,A股,..\data\a_share\000691.SZ.csv
920278.SH,鹿得医疗,A股,..\data\a_share\920278.SH.csv
600365.SH,ST通葡,A股,..\data\a_share\600365.SH.csv
001368.SZ,通达创智,A股,..\data\a_share\001368.SZ.csv
002570.SZ,贝因美,A股,..\data\a_share\002570.SZ.csv
003040.SZ,楚天龙,A股,..\data\a_share\003040.SZ.csv
002041.SZ,登海种业,A股,..\data\a_share\002041.SZ.csv
002101.SZ,广东鸿图,A股,..\data\a_share\002101.SZ.csv
920729.SH,永顺生物,A股,..\data\a_share\920729.SH.csv
603656.SH,泰禾智能,A股,..\data\a_share\603656.SH.csv
301085.SZ,亚康股份,A股,..\data\a_share\301085.SZ.csv
300046.SZ,台基股份,A股,..\data\a_share\300046.SZ.csv
920090.SH,*ST同辉,A股,..\data\a_share\920090.SH.csv
601212.SH,白银有色,A股,..\data\a_share\601212.SH.csv
002738.SZ,中矿资源,A股,..\data\a_share\002738.SZ.csv
002912.SZ,中新赛克,A股,..\data\a_share\002912.SZ.csv
601728.SH,中国电信,A股,..\data\a_share\601728.SH.csv
600452.SH,涪陵电力,A股,..\data\a_share\600452.SH.csv
605277.SH,新亚电子,A股,..\data\a_share\605277.SH.csv
301552.SZ,科力装备,A股,..\data\a_share\301552.SZ.csv
600959.SH,江苏有线,A股,..\data\a_share\600959.SH.csv
603790.SH,雅运股份,A股,..\data\a_share\603790.SH.csv
603356.SH,华菱精工,A股,..\data\a_share\603356.SH.csv
301338.SZ,凯格精机,A股,..\data\a_share\301338.SZ.csv
600746.SH,江苏索普,A股,..\data\a_share\600746.SH.csv
600057.SH,厦门象屿,A股,..\data\a_share\600057.SH.csv
300464.SZ,星徽股份,A股,..\data\a_share\300464.SZ.csv
601899.SH,紫金矿业,A股,..\data\a_share\601899.SH.csv
301377.SZ,鼎泰高科,A股,..\data\a_share\301377.SZ.csv
603711.SH,香飘飘,A股,..\data\a_share\603711.SH.csv
002538.SZ,ST司特,A股,..\data\a_share\002538.SZ.csv
002086.SZ,东方海洋,A股,..\data\a_share\002086.SZ.csv
603933.SH,睿能科技,A股,..\data\a_share\603933.SH.csv
600628.SH,新世界,A股,..\data\a_share\600628.SH.csv
002448.SZ,中原内配,A股,..\data\a_share\002448.SZ.csv
002055.SZ,ST得润,A股,..\data\a_share\002055.SZ.csv
920892.SH,广咨国际,A股,..\data\a_share\920892.SH.csv
000812.SZ,陕西金叶,A股,..\data\a_share\000812.SZ.csv
600018.SH,上港集团,A股,..\data\a_share\600018.SH.csv
300659.SZ,中孚信息,A股,..\data\a_share\300659.SZ.csv
920110.SH,雷特科技,A股,..\data\a_share\920110.SH.csv
002732.SZ,燕塘乳业,A股,..\data\a_share\002732.SZ.csv
688269.SH,凯立新材,A股,..\data\a_share\688269.SH.csv
301551.SZ,无线传媒,A股,..\data\a_share\301551.SZ.csv
001366.SZ,播恩集团,A股,..\data\a_share\001366.SZ.csv
300307.SZ,慈星股份,A股,..\data\a_share\300307.SZ.csv
920519.SH,万德股份,A股,..\data\a_share\920519.SH.csv
600718.SH,东软集团,A股,..\data\a_share\600718.SH.csv
603386.SH,骏亚科技,A股,..\data\a_share\603386.SH.csv
301631.SZ,壹连科技,A股,..\data\a_share\301631.SZ.csv
002351.SZ,漫步者,A股,..\data\a_share\002351.SZ.csv
300520.SZ,科大国创,A股,..\data\a_share\300520.SZ.csv
920981.SH,晶赛科技,A股,..\data\a_share\920981.SH.csv
002121.SZ,科陆电子,A股,..\data\a_share\002121.SZ.csv
000816.SZ,智慧农业,A股,..\data\a_share\000816.SZ.csv
301287.SZ,康力源,A股,..\data\a_share\301287.SZ.csv
000601.SZ,韶能股份,A股,..\data\a_share\000601.SZ.csv
600363.SH,联创光电,A股,..\data\a_share\600363.SH.csv
001234.SZ,泰慕士,A股,..\data\a_share\001234.SZ.csv
300562.SZ,乐心医疗,A股,..\data\a_share\300562.SZ.csv
002963.SZ,豪尔赛,A股,..\data\a_share\002963.SZ.csv
600654.SH,中安科,A股,..\data\a_share\600654.SH.csv
603080.SH,新疆火炬,A股,..\data\a_share\603080.SH.csv
300534.SZ,陇神戎发,A股,..\data\a_share\300534.SZ.csv
600609.SH,金杯汽车,A股,..\data\a_share\600609.SH.csv
300308.SZ,中际旭创,A股,..\data\a_share\300308.SZ.csv
300340.SZ,科恒股份,A股,..\data\a_share\300340.SZ.csv
300191.SZ,潜能恒信,A股,..\data\a_share\300191.SZ.csv
002666.SZ,德联集团,A股,..\data\a_share\002666.SZ.csv
688638.SH,誉辰智能,A股,..\data\a_share\688638.SH.csv
002285.SZ,世联行,A股,..\data\a_share\002285.SZ.csv
600968.SH,海油发展,A股,..\data\a_share\600968.SH.csv
920895.SH,花溪科技,A股,..\data\a_share\920895.SH.csv
600577.SH,精达股份,A股,..\data\a_share\600577.SH.csv
600266.SH,城建发展,A股,..\data\a_share\600266.SH.csv
000811.SZ,冰轮环境,A股,..\data\a_share\000811.SZ.csv
600660.SH,福耀玻璃,A股,..\data\a_share\600660.SH.csv
000719.SZ,中原传媒,A股,..\data\a_share\000719.SZ.csv
600081.SH,东风科技,A股,..\data\a_share\600081.SH.csv
002321.SZ,华英农业,A股,..\data\a_share\002321.SZ.csv
301567.SZ,贝隆精密,A股,..\data\a_share\301567.SZ.csv
600827.SH,百联股份,A股,..\data\a_share\600827.SH.csv
301067.SZ,显盈科技,A股,..\data\a_share\301067.SZ.csv
300922.SZ,天秦装备,A股,..\data\a_share\300922.SZ.csv
920098.SH,科隆新材,A股,..\data\a_share\920098.SH.csv
601006.SH,大秦铁路,A股,..\data\a_share\601006.SH.csv
002820.SZ,桂发祥,A股,..\data\a_share\002820.SZ.csv
301167.SZ,建研设计,A股,..\data\a_share\301167.SZ.csv
301195.SZ,北路智控,A股,..\data\a_share\301195.SZ.csv
002254.SZ,泰和新材,A股,..\data\a_share\002254.SZ.csv
300741.SZ,华宝股份,A股,..\data\a_share\300741.SZ.csv
601398.SH,工商银行,A股,..\data\a_share\601398.SH.csv
002276.SZ,万马股份,A股,..\data\a_share\002276.SZ.csv
300103.SZ,达刚控股,A股,..\data\a_share\300103.SZ.csv
301507.SZ,民生健康,A股,..\data\a_share\301507.SZ.csv
688057.SH,金达莱,A股,..\data\a_share\688057.SH.csv
300217.SZ,东方电热,A股,..\data\a_share\300217.SZ.csv
605186.SH,健麾信息,A股,..\data\a_share\605186.SH.csv
603103.SH,横店影视,A股,..\data\a_share\603103.SH.csv
688105.SH,诺唯赞,A股,..\data\a_share\688105.SH.csv
003016.SZ,欣贺股份,A股,..\data\a_share\003016.SZ.csv
002159.SZ,三特索道,A股,..\data\a_share\002159.SZ.csv
600713.SH,南京医药,A股,..\data\a_share\600713.SH.csv
605001.SH,威奥股份,A股,..\data\a_share\605001.SH.csv
000099.SZ,中信海直,A股,..\data\a_share\000099.SZ.csv
300094.SZ,国联水产,A股,..\data\a_share\300094.SZ.csv
002830.SZ,名雕股份,A股,..\data\a_share\002830.SZ.csv
301021.SZ,英诺激光,A股,..\data\a_share\301021.SZ.csv
000926.SZ,福星股份,A股,..\data\a_share\000926.SZ.csv
920363.SH,莱赛激光,A股,..\data\a_share\920363.SH.csv
600202.SH,哈空调,A股,..\data\a_share\600202.SH.csv
002068.SZ,黑猫股份,A股,..\data\a_share\002068.SZ.csv
300851.SZ,交大思诺,A股,..\data\a_share\300851.SZ.csv
002319.SZ,乐通股份,A股,..\data\a_share\002319.SZ.csv
002296.SZ,辉煌科技,A股,..\data\a_share\002296.SZ.csv
920685.SH,新芝生物,A股,..\data\a_share\920685.SH.csv
300281.SZ,金明精机,A股,..\data\a_share\300281.SZ.csv
300459.SZ,汤姆猫,A股,..\data\a_share\300459.SZ.csv
002743.SZ,富煌钢构,A股,..\data\a_share\002743.SZ.csv
688075.SH,安旭生物,A股,..\data\a_share\688075.SH.csv
920866.SH,绿亨科技,A股,..\data\a_share\920866.SH.csv
600703.SH,三安光电,A股,..\data\a_share\600703.SH.csv
600566.SH,济川药业,A股,..\data\a_share\600566.SH.csv
002609.SZ,捷顺科技,A股,..\data\a_share\002609.SZ.csv
603860.SH,中公高科,A股,..\data\a_share\603860.SH.csv
601228.SH,广州港,A股,..\data\a_share\601228.SH.csv
300264.SZ,佳创视讯,A股,..\data\a_share\300264.SZ.csv
001335.SZ,信凯科技,A股,..\data\a_share\001335.SZ.csv
688004.SH,博汇科技,A股,..\data\a_share\688004.SH.csv
688653.SH,康希通信,A股,..\data\a_share\688653.SH.csv
002601.SZ,龙佰集团,A股,..\data\a_share\002601.SZ.csv
600822.SH,上海物贸,A股,..\data\a_share\600822.SH.csv
603014.SH,威高血净,A股,..\data\a_share\603014.SH.csv
002223.SZ,鱼跃医疗,A股,..\data\a_share\002223.SZ.csv
002152.SZ,广电运通,A股,..\data\a_share\002152.SZ.csv
000526.SZ,学大教育,A股,..\data\a_share\000526.SZ.csv
301399.SZ,英特科技,A股,..\data\a_share\301399.SZ.csv
603081.SH,大丰实业,A股,..\data\a_share\603081.SH.csv
300684.SZ,中石科技,A股,..\data\a_share\300684.SZ.csv
301103.SZ,何氏眼科,A股,..\data\a_share\301103.SZ.csv
300740.SZ,水羊股份,A股,..\data\a_share\300740.SZ.csv
002923.SZ,润都股份,A股,..\data\a_share\002923.SZ.csv
002451.SZ,摩恩电气,A股,..\data\a_share\002451.SZ.csv
920985.SH,海泰新能,A股,..\data\a_share\920985.SH.csv
600127.SH,金健米业,A股,..\data\a_share\600127.SH.csv
603806.SH,福斯特,A股,..\data\a_share\603806.SH.csv
000917.SZ,电广传媒,A股,..\data\a_share\000917.SZ.csv
920378.SH,泰德股份,A股,..\data\a_share\920378.SH.csv
688259.SH,创耀科技,A股,..\data\a_share\688259.SH.csv
603569.SH,长久物流,A股,..\data\a_share\603569.SH.csv
688171.SH,纬德信息,A股,..\data\a_share\688171.SH.csv
300884.SZ,狄耐克,A股,..\data\a_share\300884.SZ.csv
300830.SZ,金现代,A股,..\data\a_share\300830.SZ.csv
301129.SZ,瑞纳智能,A股,..\data\a_share\301129.SZ.csv
300193.SZ,佳士科技,A股,..\data\a_share\300193.SZ.csv
300913.SZ,兆龙互连,A股,..\data\a_share\300913.SZ.csv
300942.SZ,易瑞生物,A股,..\data\a_share\300942.SZ.csv
000158.SZ,常山北明,A股,..\data\a_share\000158.SZ.csv
002852.SZ,道道全,A股,..\data\a_share\002852.SZ.csv
300896.SZ,爱美客,A股,..\data\a_share\300896.SZ.csv
002980.SZ,华盛昌,A股,..\data\a_share\002980.SZ.csv
603648.SH,畅联股份,A股,..\data\a_share\603648.SH.csv
600728.SH,佳都科技,A股,..\data\a_share\600728.SH.csv
003012.SZ,东鹏控股,A股,..\data\a_share\003012.SZ.csv
603322.SH,超讯通信,A股,..\data\a_share\603322.SH.csv
603219.SH,富佳股份,A股,..\data\a_share\603219.SH.csv
920068.SH,天工股份,A股,..\data\a_share\920068.SH.csv
000848.SZ,承德露露,A股,..\data\a_share\000848.SZ.csv
688711.SH,宏微科技,A股,..\data\a_share\688711.SH.csv
000523.SZ,红棉股份,A股,..\data\a_share\000523.SZ.csv
300632.SZ,光莆股份,A股,..\data\a_share\300632.SZ.csv
300936.SZ,中英科技,A股,..\data\a_share\300936.SZ.csv
603273.SH,天元智能,A股,..\data\a_share\603273.SH.csv
301258.SZ,富士莱,A股,..\data\a_share\301258.SZ.csv
300128.SZ,锦富技术,A股,..\data\a_share\300128.SZ.csv
002306.SZ,*ST云网,A股,..\data\a_share\002306.SZ.csv
002841.SZ,视源股份,A股,..\data\a_share\002841.SZ.csv
000592.SZ,平潭发展,A股,..\data\a_share\000592.SZ.csv
603106.SH,恒银科技,A股,..\data\a_share\603106.SH.csv
300608.SZ,思特奇,A股,..\data\a_share\300608.SZ.csv
002229.SZ,鸿博股份,A股,..\data\a_share\002229.SZ.csv
002110.SZ,三钢闽光,A股,..\data\a_share\002110.SZ.csv
688509.SH,正元地信,A股,..\data\a_share\688509.SH.csv
002045.SZ,国光电器,A股,..\data\a_share\002045.SZ.csv
300545.SZ,联得装备,A股,..\data\a_share\300545.SZ.csv
002612.SZ,朗姿股份,A股,..\data\a_share\002612.SZ.csv
300940.SZ,南极光,A股,..\data\a_share\300940.SZ.csv
002561.SZ,徐家汇,A股,..\data\a_share\002561.SZ.csv
300423.SZ,昇辉科技,A股,..\data\a_share\300423.SZ.csv
688220.SH,翱捷科技-U,A股,..\data\a_share\688220.SH.csv
002725.SZ,跃岭股份,A股,..\data\a_share\002725.SZ.csv
600259.SH,中稀有色,A股,..\data\a_share\600259.SH.csv
301458.SZ,钧崴电子,A股,..\data\a_share\301458.SZ.csv
603135.SH,中重科技,A股,..\data\a_share\603135.SH.csv
301151.SZ,冠龙节能,A股,..\data\a_share\301151.SZ.csv
300366.SZ,ST创意,A股,..\data\a_share\300366.SZ.csv
600250.SH,南京商旅,A股,..\data\a_share\600250.SH.csv
301263.SZ,泰恩康,A股,..\data\a_share\301263.SZ.csv
000810.SZ,创维数字,A股,..\data\a_share\000810.SZ.csv
000407.SZ,胜利股份,A股,..\data\a_share\000407.SZ.csv
688270.SH,ST臻镭,A股,..\data\a_share\688270.SH.csv
002819.SZ,东方中科,A股,..\data\a_share\002819.SZ.csv
002356.SZ,赫美集团,A股,..\data\a_share\002356.SZ.csv
300513.SZ,恒实科技,A股,..\data\a_share\300513.SZ.csv
003816.SZ,中国广核,A股,..\data\a_share\003816.SZ.csv
002218.SZ,拓日新能,A股,..\data\a_share\002218.SZ.csv
002517.SZ,恺英网络,A股,..\data\a_share\002517.SZ.csv
002404.SZ,嘉欣丝绸,A股,..\data\a_share\002404.SZ.csv
600067.SH,冠城新材,A股,..\data\a_share\600067.SH.csv
920992.SH,中科美菱,A股,..\data\a_share\920992.SH.csv
002182.SZ,宝武镁业,A股,..\data\a_share\002182.SZ.csv
002551.SZ,尚荣医疗,A股,..\data\a_share\002551.SZ.csv
002179.SZ,中航光电,A股,..\data\a_share\002179.SZ.csv
002178.SZ,延华智能,A股,..\data\a_share\002178.SZ.csv
301602.SZ,超研股份,A股,..\data\a_share\301602.SZ.csv
000950.SZ,重药控股,A股,..\data\a_share\000950.SZ.csv
689009.SH,九号公司-WD,A股,..\data\a_share\689009.SH.csv
301439.SZ,泓淋电力,A股,..\data\a_share\301439.SZ.csv
603967.SH,中创物流,A股,..\data\a_share\603967.SH.csv
000415.SZ,渤海租赁,A股,..\data\a_share\000415.SZ.csv
920670.SH,数字人,A股,..\data\a_share\920670.SH.csv
920522.SH,纳科诺尔,A股,..\data\a_share\920522.SH.csv
002059.SZ,云南旅游,A股,..\data\a_share\002059.SZ.csv
300300.SZ,海峡创新,A股,..\data\a_share\300300.SZ.csv
301668.SZ,昊创瑞通,A股,..\data\a_share\301668.SZ.csv
603212.SH,赛伍技术,A股,..\data\a_share\603212.SH.csv
002174.SZ,游族网络,A股,..\data\a_share\002174.SZ.csv
002095.SZ,生 意 宝,A股,..\data\a_share\002095.SZ.csv
603727.SH,XD博迈科,A股,..\data\a_share\603727.SH.csv
601319.SH,中国人保,A股,..\data\a_share\601319.SH.csv
600033.SH,福建高速,A股,..\data\a_share\600033.SH.csv
002540.SZ,亚太科技,A股,..\data\a_share\002540.SZ.csv
002889.SZ,东方嘉盛,A股,..\data\a_share\002889.SZ.csv
920703.SH,广厦环能,A股,..\data\a_share\920703.SH.csv
603109.SH,神驰机电,A股,..\data\a_share\603109.SH.csv
002007.SZ,华兰生物,A股,..\data\a_share\002007.SZ.csv
000573.SZ,粤宏远Ａ,A股,..\data\a_share\000573.SZ.csv
688489.SH,三未信安,A股,..\data\a_share\688489.SH.csv
002893.SZ,京能热力,A股,..\data\a_share\002893.SZ.csv
603036.SH,如通股份,A股,..\data\a_share\603036.SH.csv
002420.SZ,毅昌科技,A股,..\data\a_share\002420.SZ.csv
300737.SZ,科顺股份,A股,..\data\a_share\300737.SZ.csv
300701.SZ,森霸传感,A股,..\data\a_share\300701.SZ.csv
603035.SH,常熟汽饰,A股,..\data\a_share\603035.SH.csv
603801.SH,志邦家居,A股,..\data\a_share\603801.SH.csv
301280.SZ,珠城科技,A股,..\data\a_share\301280.SZ.csv
603797.SH,联泰环保,A股,..\data\a_share\603797.SH.csv
600265.SH,*ST景谷,A股,..\data\a_share\600265.SH.csv
688329.SH,艾隆科技,A股,..\data\a_share\688329.SH.csv
600604.SH,市北高新,A股,..\data\a_share\600604.SH.csv
002238.SZ,天威视讯,A股,..\data\a_share\002238.SZ.csv
300213.SZ,佳讯飞鸿,A股,..\data\a_share\300213.SZ.csv
688580.SH,伟思医疗,A股,..\data\a_share\688580.SH.csv
605122.SH,四方新材,A股,..\data\a_share\605122.SH.csv
300795.SZ,米奥会展,A股,..\data\a_share\300795.SZ.csv
002925.SZ,盈趣科技,A股,..\data\a_share\002925.SZ.csv
300733.SZ,西菱动力,A股,..\data\a_share\300733.SZ.csv
688095.SH,福昕软件,A股,..\data\a_share\688095.SH.csv
603655.SH,朗博科技,A股,..\data\a_share\603655.SH.csv
605567.SH,春雪食品,A股,..\data\a_share\605567.SH.csv
002227.SZ,*ST特迅,A股,..\data\a_share\002227.SZ.csv
002264.SZ,新 华 都,A股,..\data\a_share\002264.SZ.csv
300696.SZ,爱乐达,A股,..\data\a_share\300696.SZ.csv
600616.SH,金枫酒业,A股,..\data\a_share\600616.SH.csv
301227.SZ,森鹰窗业,A股,..\data\a_share\301227.SZ.csv
300628.SZ,亿联网络,A股,..\data\a_share\300628.SZ.csv
300506.SZ,ST名家汇,A股,..\data\a_share\300506.SZ.csv
000581.SZ,威孚高科,A股,..\data\a_share\000581.SZ.csv
600371.SH,万向德农,A股,..\data\a_share\600371.SH.csv
688681.SH,科汇股份,A股,..\data\a_share\688681.SH.csv
601599.SH,浙文影业,A股,..\data\a_share\601599.SH.csv
300578.SZ,会畅科技,A股,..\data\a_share\300578.SZ.csv
000717.SZ,中南股份,A股,..\data\a_share\000717.SZ.csv
300550.SZ,和仁科技,A股,..\data\a_share\300550.SZ.csv
300358.SZ,楚天科技,A股,..\data\a_share\300358.SZ.csv
002869.SZ,金溢科技,A股,..\data\a_share\002869.SZ.csv
002369.SZ,卓翼科技,A股,..\data\a_share\002369.SZ.csv
002067.SZ,景兴纸业,A股,..\data\a_share\002067.SZ.csv
002337.SZ,赛象科技,A股,..\data\a_share\002337.SZ.csv
601018.SH,宁波港,A股,..\data\a_share\601018.SH.csv
600755.SH,厦门国贸,A股,..\data\a_share\600755.SH.csv
688143.SH,长盈通,A股,..\data\a_share\688143.SH.csv
300009.SZ,安科生物,A股,..\data\a_share\300009.SZ.csv
603209.SH,兴通股份,A股,..\data\a_share\603209.SH.csv
688231.SH,隆达股份,A股,..\data\a_share\688231.SH.csv
000755.SZ,山西高速,A股,..\data\a_share\000755.SZ.csv
002058.SZ,*ST威尔,A股,..\data\a_share\002058.SZ.csv
688808.SH,联讯仪器,A股,..\data\a_share\688808.SH.csv
000421.SZ,南京公用,A股,..\data\a_share\000421.SZ.csv
688652.SH,京仪装备,A股,..\data\a_share\688652.SH.csv
605378.SH,野马电池,A股,..\data\a_share\605378.SH.csv
002268.SZ,电科网安,A股,..\data\a_share\002268.SZ.csv
002661.SZ,克明食品,A股,..\data\a_share\002661.SZ.csv
300993.SZ,玉马科技,A股,..\data\a_share\300993.SZ.csv
600490.SH,鹏欣资源,A股,..\data\a_share\600490.SH.csv
300824.SZ,北鼎股份,A股,..\data\a_share\300824.SZ.csv
002129.SZ,TCL中环,A股,..\data\a_share\002129.SZ.csv
002825.SZ,纳尔股份,A股,..\data\a_share\002825.SZ.csv
001696.SZ,宗申动力,A股,..\data\a_share\001696.SZ.csv
003043.SZ,华亚智能,A股,..\data\a_share\003043.SZ.csv
605228.SH,神通科技,A股,..\data\a_share\605228.SH.csv
920208.SH,青矩技术,A股,..\data\a_share\920208.SH.csv
000514.SZ,渝 开 发,A股,..\data\a_share\000514.SZ.csv
002060.SZ,广东建工,A股,..\data\a_share\002060.SZ.csv
688103.SH,国力电子,A股,..\data\a_share\688103.SH.csv
603041.SH,美思德,A股,..\data\a_share\603041.SH.csv
300988.SZ,津荣天宇,A股,..\data\a_share\300988.SZ.csv
920792.SH,东和新材,A股,..\data\a_share\920792.SH.csv
603102.SH,百合股份,A股,..\data\a_share\603102.SH.csv
920122.SH,中纺标,A股,..\data\a_share\920122.SH.csv
000050.SZ,深天马Ａ,A股,..\data\a_share\000050.SZ.csv
300313.SZ,*ST天山,A股,..\data\a_share\300313.SZ.csv
920553.SH,凯腾精工,A股,..\data\a_share\920553.SH.csv
601968.SH,宝钢包装,A股,..\data\a_share\601968.SH.csv
920422.SH,润普食品,A股,..\data\a_share\920422.SH.csv
301004.SZ,嘉益股份,A股,..\data\a_share\301004.SZ.csv
600704.SH,物产中大,A股,..\data\a_share\600704.SH.csv
300530.SZ,领湃科技,A股,..\data\a_share\300530.SZ.csv
000785.SZ,居然智家,A股,..\data\a_share\000785.SZ.csv
920077.SH,吉林碳谷,A股,..\data\a_share\920077.SH.csv
301331.SZ,恩威医药,A股,..\data\a_share\301331.SZ.csv
002523.SZ,天桥起重,A股,..\data\a_share\002523.SZ.csv
603856.SH,东宏股份,A股,..\data\a_share\603856.SH.csv
301190.SZ,善水科技,A股,..\data\a_share\301190.SZ.csv
600129.SH,太极集团,A股,..\data\a_share\600129.SH.csv
301101.SZ,明月镜片,A股,..\data\a_share\301101.SZ.csv
688366.SH,昊海生科,A股,..\data\a_share\688366.SH.csv
603262.SH,技源集团,A股,..\data\a_share\603262.SH.csv
600675.SH,中华企业,A股,..\data\a_share\600675.SH.csv
300370.SZ,安控科技,A股,..\data\a_share\300370.SZ.csv
603068.SH,博通集成,A股,..\data\a_share\603068.SH.csv
300393.SZ,中来股份,A股,..\data\a_share\300393.SZ.csv
300341.SZ,麦克奥迪,A股,..\data\a_share\300341.SZ.csv
920496.SH,许昌智能,A股,..\data\a_share\920496.SH.csv
603205.SH,健尔康,A股,..\data\a_share\603205.SH.csv
300902.SZ,国安达,A股,..\data\a_share\300902.SZ.csv
600812.SH,华北制药,A股,..\data\a_share\600812.SH.csv
603188.SH,亚邦股份,A股,..\data\a_share\603188.SH.csv
002703.SZ,浙江世宝,A股,..\data\a_share\002703.SZ.csv
300171.SZ,东富龙,A股,..\data\a_share\300171.SZ.csv
600935.SH,华塑股份,A股,..\data\a_share\600935.SH.csv
603995.SH,甬金股份,A股,..\data\a_share\603995.SH.csv
002513.SZ,蓝丰生化,A股,..\data\a_share\002513.SZ.csv
000800.SZ,一汽解放,A股,..\data\a_share\000800.SZ.csv
300615.SZ,欣天科技,A股,..\data\a_share\300615.SZ.csv
688775.SH,影石创新,A股,..\data\a_share\688775.SH.csv
003039.SZ,顺控发展,A股,..\data\a_share\003039.SZ.csv
001268.SZ,联合精密,A股,..\data\a_share\001268.SZ.csv
300575.SZ,中旗股份,A股,..\data\a_share\300575.SZ.csv
300384.SZ,三联虹普,A股,..\data\a_share\300384.SZ.csv
600439.SH,瑞贝卡,A股,..\data\a_share\600439.SH.csv
301160.SZ,翔楼新材,A股,..\data\a_share\301160.SZ.csv
300763.SZ,锦浪科技,A股,..\data\a_share\300763.SZ.csv
301339.SZ,通行宝,A股,..\data\a_share\301339.SZ.csv
300947.SZ,德必集团,A股,..\data\a_share\300947.SZ.csv
920062.SH,科润智控,A股,..\data\a_share\920062.SH.csv
300413.SZ,芒果超媒,A股,..\data\a_share\300413.SZ.csv
002426.SZ,胜利精密,A股,..\data\a_share\002426.SZ.csv
300343.SZ,ST联创,A股,..\data\a_share\300343.SZ.csv
300527.SZ,ST应急,A股,..\data\a_share\300527.SZ.csv
301275.SZ,汉朔科技,A股,..\data\a_share\301275.SZ.csv
002293.SZ,罗莱生活,A股,..\data\a_share\002293.SZ.csv
688092.SH,爱科科技,A股,..\data\a_share\688092.SH.csv
600834.SH,申通地铁,A股,..\data\a_share\600834.SH.csv
002593.SZ,日上集团,A股,..\data\a_share\002593.SZ.csv
301108.SZ,洁雅股份,A股,..\data\a_share\301108.SZ.csv
601866.SH,中远海发,A股,..\data\a_share\601866.SH.csv
002459.SZ,晶澳科技,A股,..\data\a_share\002459.SZ.csv
000737.SZ,北方铜业,A股,..\data\a_share\000737.SZ.csv
000045.SZ,深纺织Ａ,A股,..\data\a_share\000045.SZ.csv
000333.SZ,美的集团,A股,..\data\a_share\000333.SZ.csv
603062.SH,麦加芯彩,A股,..\data\a_share\603062.SH.csv
002495.SZ,佳隆股份,A股,..\data\a_share\002495.SZ.csv
301566.SZ,达利凯普,A股,..\data\a_share\301566.SZ.csv
600386.SH,北巴传媒,A股,..\data\a_share\600386.SH.csv
002885.SZ,京泉华,A股,..\data\a_share\002885.SZ.csv
920566.SH,梓橦宫,A股,..\data\a_share\920566.SH.csv
300571.SZ,平治信息,A股,..\data\a_share\300571.SZ.csv
002251.SZ,步步高,A股,..\data\a_share\002251.SZ.csv
605089.SH,味知香,A股,..\data\a_share\605089.SH.csv
600538.SH,国发股份,A股,..\data\a_share\600538.SH.csv
000753.SZ,漳州发展,A股,..\data\a_share\000753.SZ.csv
920047.SH,诺思兰德,A股,..\data\a_share\920047.SH.csv
000759.SZ,中百集团,A股,..\data\a_share\000759.SZ.csv
600570.SH,恒生电子,A股,..\data\a_share\600570.SH.csv
001236.SZ,弘业期货,A股,..\data\a_share\001236.SZ.csv
000938.SZ,紫光股份,A股,..\data\a_share\000938.SZ.csv
688060.SH,云涌科技,A股,..\data\a_share\688060.SH.csv
000960.SZ,锡业股份,A股,..\data\a_share\000960.SZ.csv
600905.SH,三峡能源,A股,..\data\a_share\600905.SH.csv
001308.SZ,康冠科技,A股,..\data\a_share\001308.SZ.csv
600540.SH,新赛股份,A股,..\data\a_share\600540.SH.csv
000656.SZ,*ST金科,A股,..\data\a_share\000656.SZ.csv
600219.SH,南山铝业,A股,..\data\a_share\600219.SH.csv
600351.SH,亚宝药业,A股,..\data\a_share\600351.SH.csv
601606.SH,长城军工,A股,..\data\a_share\601606.SH.csv
002644.SZ,佛慈制药,A股,..\data\a_share\002644.SZ.csv
600620.SH,天宸股份,A股,..\data\a_share\600620.SH.csv
920580.SH,科创新材,A股,..\data\a_share\920580.SH.csv
000702.SZ,正虹科技,A股,..\data\a_share\000702.SZ.csv
300477.SZ,ST合纵,A股,..\data\a_share\300477.SZ.csv
000968.SZ,蓝焰控股,A股,..\data\a_share\000968.SZ.csv
600281.SH,华阳新材,A股,..\data\a_share\600281.SH.csv
002639.SZ,雪人集团,A股,..\data\a_share\002639.SZ.csv
000529.SZ,广弘控股,A股,..\data\a_share\000529.SZ.csv
600400.SH,红豆股份,A股,..\data\a_share\600400.SH.csv
300772.SZ,运达股份,A股,..\data\a_share\300772.SZ.csv
002137.SZ,实益达,A股,..\data\a_share\002137.SZ.csv
002096.SZ,易普力,A股,..\data\a_share\002096.SZ.csv
600987.SH,航民股份,A股,..\data\a_share\600987.SH.csv
300143.SZ,盈康生命,A股,..\data\a_share\300143.SZ.csv
603577.SH,汇金通,A股,..\data\a_share\603577.SH.csv
600919.SH,江苏银行,A股,..\data\a_share\600919.SH.csv
000401.SZ,金隅冀东,A股,..\data\a_share\000401.SZ.csv
603700.SH,宁水集团,A股,..\data\a_share\603700.SH.csv
605218.SH,伟时电子,A股,..\data\a_share\605218.SH.csv
603786.SH,科博达,A股,..\data\a_share\603786.SH.csv
001228.SZ,永泰运,A股,..\data\a_share\001228.SZ.csv
300908.SZ,仲景食品,A股,..\data\a_share\300908.SZ.csv
000927.SZ,中国铁物,A股,..\data\a_share\000927.SZ.csv
000605.SZ,渤海股份,A股,..\data\a_share\000605.SZ.csv
000797.SZ,中国武夷,A股,..\data\a_share\000797.SZ.csv
301560.SZ,众捷汽车,A股,..\data\a_share\301560.SZ.csv
600733.SH,北汽蓝谷,A股,..\data\a_share\600733.SH.csv
601399.SH,国机重装,A股,..\data\a_share\601399.SH.csv
300149.SZ,睿智医药,A股,..\data\a_share\300149.SZ.csv
002224.SZ,三 力 士,A股,..\data\a_share\002224.SZ.csv
002835.SZ,同为股份,A股,..\data\a_share\002835.SZ.csv
002085.SZ,万丰奥威,A股,..\data\a_share\002085.SZ.csv
003020.SZ,立方制药,A股,..\data\a_share\003020.SZ.csv
300579.SZ,数字认证,A股,..\data\a_share\300579.SZ.csv
688657.SH,浩辰软件,A股,..\data\a_share\688657.SH.csv
600941.SH,中国移动,A股,..\data\a_share\600941.SH.csv
000919.SZ,金陵药业,A股,..\data\a_share\000919.SZ.csv
300434.SZ,金石亚药,A股,..\data\a_share\300434.SZ.csv
688429.SH,时创能源,A股,..\data\a_share\688429.SH.csv
002239.SZ,奥特佳,A股,..\data\a_share\002239.SZ.csv
600232.SH,金鹰股份,A股,..\data\a_share\600232.SH.csv
603235.SH,天新药业,A股,..\data\a_share\603235.SH.csv
603529.SH,爱玛科技,A股,..\data\a_share\603529.SH.csv
603097.SH,江苏华辰,A股,..\data\a_share\603097.SH.csv
603277.SH,银都股份,A股,..\data\a_share\603277.SH.csv
002104.SZ,恒宝股份,A股,..\data\a_share\002104.SZ.csv
300233.SZ,金城医药,A股,..\data\a_share\300233.SZ.csv
300422.SZ,博世科,A股,..\data\a_share\300422.SZ.csv
920599.SH,同力股份,A股,..\data\a_share\920599.SH.csv
600784.SH,鲁银投资,A股,..\data\a_share\600784.SH.csv
300895.SZ,铜牛信息,A股,..\data\a_share\300895.SZ.csv
688569.SH,铁科轨道,A股,..\data\a_share\688569.SH.csv
002329.SZ,皇氏集团,A股,..\data\a_share\002329.SZ.csv
920656.SH,海昇药业,A股,..\data\a_share\920656.SH.csv
603187.SH,海容冷链,A股,..\data\a_share\603187.SH.csv
002555.SZ,三七互娱,A股,..\data\a_share\002555.SZ.csv
600269.SH,赣粤高速,A股,..\data\a_share\600269.SH.csv
600567.SH,山鹰国际,A股,..\data\a_share\600567.SH.csv
002376.SZ,新北洋,A股,..\data\a_share\002376.SZ.csv
000048.SZ,京基智农,A股,..\data\a_share\000048.SZ.csv
603136.SH,天目湖,A股,..\data\a_share\603136.SH.csv
301313.SZ,凡拓数创,A股,..\data\a_share\301313.SZ.csv
300747.SZ,锐科激光,A股,..\data\a_share\300747.SZ.csv
600559.SH,老白干酒,A股,..\data\a_share\600559.SH.csv
000790.SZ,华神科技,A股,..\data\a_share\000790.SZ.csv
688383.SH,新益昌,A股,..\data\a_share\688383.SH.csv
000799.SZ,酒鬼酒,A股,..\data\a_share\000799.SZ.csv
300930.SZ,屹通新材,A股,..\data\a_share\300930.SZ.csv
000850.SZ,华茂股份,A股,..\data\a_share\000850.SZ.csv
301131.SZ,聚赛龙,A股,..\data\a_share\301131.SZ.csv
688278.SH,特宝生物,A股,..\data\a_share\688278.SH.csv
600050.SH,中国联通,A股,..\data\a_share\600050.SH.csv
300445.SZ,康斯特,A股,..\data\a_share\300445.SZ.csv
920509.SH,同惠电子,A股,..\data\a_share\920509.SH.csv
688139.SH,海尔生物,A股,..\data\a_share\688139.SH.csv
301026.SZ,浩通科技,A股,..\data\a_share\301026.SZ.csv
920689.SH,克莱特,A股,..\data\a_share\920689.SH.csv
603167.SH,渤海轮渡,A股,..\data\a_share\603167.SH.csv
920476.SH,海能技术,A股,..\data\a_share\920476.SH.csv
000985.SZ,大庆华科,A股,..\data\a_share\000985.SZ.csv
601929.SH,吉视传媒,A股,..\data\a_share\601929.SH.csv
603321.SH,梅轮电梯,A股,..\data\a_share\603321.SH.csv
000676.SZ,智度股份,A股,..\data\a_share\000676.SZ.csv
601011.SH,宝泰隆,A股,..\data\a_share\601011.SH.csv
000752.SZ,*ST西发,A股,..\data\a_share\000752.SZ.csv
603018.SH,华设集团,A股,..\data\a_share\603018.SH.csv
300224.SZ,正海磁材,A股,..\data\a_share\300224.SZ.csv
301153.SZ,中科江南,A股,..\data\a_share\301153.SZ.csv
002907.SZ,华森制药,A股,..\data\a_share\002907.SZ.csv
603395.SH,红四方,A股,..\data\a_share\603395.SH.csv
300442.SZ,润泽科技,A股,..\data\a_share\300442.SZ.csv
603755.SH,日辰股份,A股,..\data\a_share\603755.SH.csv
300435.SZ,中泰股份,A股,..\data\a_share\300435.SZ.csv
688363.SH,华熙生物,A股,..\data\a_share\688363.SH.csv
002905.SZ,金逸影视,A股,..\data\a_share\002905.SZ.csv
000516.SZ,国际医学,A股,..\data\a_share\000516.SZ.csv
601107.SH,四川成渝,A股,..\data\a_share\601107.SH.csv
603338.SH,浙江鼎力,A股,..\data\a_share\603338.SH.csv
300667.SZ,必创科技,A股,..\data\a_share\300667.SZ.csv
301448.SZ,开创电气,A股,..\data\a_share\301448.SZ.csv
301309.SZ,万得凯,A股,..\data\a_share\301309.SZ.csv
688212.SH,澳华内镜,A股,..\data\a_share\688212.SH.csv
002206.SZ,海 利 得,A股,..\data\a_share\002206.SZ.csv
688459.SH,哈铁科技,A股,..\data\a_share\688459.SH.csv
600779.SH,水井坊,A股,..\data\a_share\600779.SH.csv
300609.SZ,汇纳科技,A股,..\data\a_share\300609.SZ.csv
300893.SZ,松原安全,A股,..\data\a_share\300893.SZ.csv
603266.SH,天龙股份,A股,..\data\a_share\603266.SH.csv
000795.SZ,英洛华,A股,..\data\a_share\000795.SZ.csv
603230.SH,内蒙新华,A股,..\data\a_share\603230.SH.csv
000877.SZ,天山股份,A股,..\data\a_share\000877.SZ.csv
603896.SH,寿仙谷,A股,..\data\a_share\603896.SH.csv
605339.SH,南侨食品,A股,..\data\a_share\605339.SH.csv
002241.SZ,歌尔股份,A股,..\data\a_share\002241.SZ.csv
920639.SH,晨光电缆,A股,..\data\a_share\920639.SH.csv
603195.SH,公牛集团,A股,..\data\a_share\603195.SH.csv
000713.SZ,国投丰乐,A股,..\data\a_share\000713.SZ.csv
600199.SH,金种子酒,A股,..\data\a_share\600199.SH.csv
600903.SH,贵州燃气,A股,..\data\a_share\600903.SH.csv
000637.SZ,茂化实华,A股,..\data\a_share\000637.SZ.csv
301119.SZ,正强股份,A股,..\data\a_share\301119.SZ.csv
000017.SZ,深中华A,A股,..\data\a_share\000017.SZ.csv
301509.SZ,金凯生科,A股,..\data\a_share\301509.SZ.csv
300479.SZ,神思电子,A股,..\data\a_share\300479.SZ.csv
002275.SZ,桂林三金,A股,..\data\a_share\002275.SZ.csv
688616.SH,西力科技,A股,..\data\a_share\688616.SH.csv
688389.SH,普门科技,A股,..\data\a_share\688389.SH.csv
301276.SZ,嘉曼服饰,A股,..\data\a_share\301276.SZ.csv
600084.SH,*ST尼雅,A股,..\data\a_share\600084.SH.csv
600711.SH,盛屯矿业,A股,..\data\a_share\600711.SH.csv
600800.SH,渤海化学,A股,..\data\a_share\600800.SH.csv
002646.SZ,天佑德酒,A股,..\data\a_share\002646.SZ.csv
920101.SH,志高机械,A股,..\data\a_share\920101.SH.csv
688605.SH,先锋精科,A股,..\data\a_share\688605.SH.csv
002004.SZ,华邦健康,A股,..\data\a_share\002004.SZ.csv
002391.SZ,长青股份,A股,..\data\a_share\002391.SZ.csv
600976.SH,健民集团,A股,..\data\a_share\600976.SH.csv
603518.SH,锦泓集团,A股,..\data\a_share\603518.SH.csv
000058.SZ,深 赛 格,A股,..\data\a_share\000058.SZ.csv
300437.SZ,清水源,A股,..\data\a_share\300437.SZ.csv
300320.SZ,海达股份,A股,..\data\a_share\300320.SZ.csv
002078.SZ,太阳纸业,A股,..\data\a_share\002078.SZ.csv
920266.SH,生物谷,A股,..\data\a_share\920266.SH.csv
300998.SZ,宁波方正,A股,..\data\a_share\300998.SZ.csv
000597.SZ,东北制药,A股,..\data\a_share\000597.SZ.csv
000923.SZ,河钢资源,A股,..\data\a_share\000923.SZ.csv
000726.SZ,鲁  泰Ａ,A股,..\data\a_share\000726.SZ.csv
000068.SZ,华控赛格,A股,..\data\a_share\000068.SZ.csv
603689.SH,皖天然气,A股,..\data\a_share\603689.SH.csv
603895.SH,天永智能,A股,..\data\a_share\603895.SH.csv
601188.SH,龙江交通,A股,..\data\a_share\601188.SH.csv
600168.SH,武汉控股,A股,..\data\a_share\600168.SH.csv
002169.SZ,智光电气,A股,..\data\a_share\002169.SZ.csv
688225.SH,亚信安全,A股,..\data\a_share\688225.SH.csv
688768.SH,容知日新,A股,..\data\a_share\688768.SH.csv
300735.SZ,光弘科技,A股,..\data\a_share\300735.SZ.csv
600116.SH,三峡水利,A股,..\data\a_share\600116.SH.csv
300563.SZ,神宇股份,A股,..\data\a_share\300563.SZ.csv
688687.SH,凯因科技,A股,..\data\a_share\688687.SH.csv
301558.SZ,三态股份,A股,..\data\a_share\301558.SZ.csv
600518.SH,康美药业,A股,..\data\a_share\600518.SH.csv
600615.SH,鑫源智造,A股,..\data\a_share\600615.SH.csv
002697.SZ,红旗连锁,A股,..\data\a_share\002697.SZ.csv
920299.SH,灿能电力,A股,..\data\a_share\920299.SH.csv
002482.SZ,广田集团,A股,..\data\a_share\002482.SZ.csv
300020.SZ,ST银江,A股,..\data\a_share\300020.SZ.csv
600208.SH,衢州发展,A股,..\data\a_share\600208.SH.csv
002097.SZ,山河智能,A股,..\data\a_share\002097.SZ.csv
600578.SH,京能电力,A股,..\data\a_share\600578.SH.csv
002696.SZ,百洋股份,A股,..\data\a_share\002696.SZ.csv
920123.SH,芭薇股份,A股,..\data\a_share\920123.SH.csv
688382.SH,益方生物-U,A股,..\data\a_share\688382.SH.csv
600027.SH,华电国际,A股,..\data\a_share\600027.SH.csv
300122.SZ,智飞生物,A股,..\data\a_share\300122.SZ.csv
688291.SH,金橙子,A股,..\data\a_share\688291.SH.csv
920108.SH,宏海科技,A股,..\data\a_share\920108.SH.csv
300256.SZ,星星科技,A股,..\data\a_share\300256.SZ.csv
002548.SZ,金新农,A股,..\data\a_share\002548.SZ.csv
301565.SZ,中仑新材,A股,..\data\a_share\301565.SZ.csv
603701.SH,德宏股份,A股,..\data\a_share\603701.SH.csv
600699.SH,均胜电子,A股,..\data\a_share\600699.SH.csv
603810.SH,丰山集团,A股,..\data\a_share\603810.SH.csv
002322.SZ,理工能科,A股,..\data\a_share\002322.SZ.csv
301063.SZ,海锅股份,A股,..\data\a_share\301063.SZ.csv
920033.SH,康普化学,A股,..\data\a_share\920033.SH.csv
300348.SZ,长亮科技,A股,..\data\a_share\300348.SZ.csv
600639.SH,浦东金桥,A股,..\data\a_share\600639.SH.csv
600172.SH,黄河旋风,A股,..\data\a_share\600172.SH.csv
688162.SH,巨一科技,A股,..\data\a_share\688162.SH.csv
600637.SH,东方明珠,A股,..\data\a_share\600637.SH.csv
600561.SH,江西长运,A股,..\data\a_share\600561.SH.csv
603299.SH,苏盐井神,A股,..\data\a_share\603299.SH.csv
603060.SH,国检集团,A股,..\data\a_share\603060.SH.csv
600665.SH,天地源,A股,..\data\a_share\600665.SH.csv
300957.SZ,贝泰妮,A股,..\data\a_share\300957.SZ.csv
600805.SH,悦达投资,A股,..\data\a_share\600805.SH.csv
688662.SH,富信科技,A股,..\data\a_share\688662.SH.csv
688636.SH,智明达,A股,..\data\a_share\688636.SH.csv
688023.SH,安恒信息,A股,..\data\a_share\688023.SH.csv
600917.SH,重庆燃气,A股,..\data\a_share\600917.SH.csv
301010.SZ,晶雪节能,A股,..\data\a_share\301010.SZ.csv
001395.SZ,亚联机械,A股,..\data\a_share\001395.SZ.csv
605180.SH,华生科技,A股,..\data\a_share\605180.SH.csv
000591.SZ,太阳能,A股,..\data\a_share\000591.SZ.csv
300885.SZ,海昌新材,A股,..\data\a_share\300885.SZ.csv
605337.SH,李子园,A股,..\data\a_share\605337.SH.csv
301419.SZ,阿莱德,A股,..\data\a_share\301419.SZ.csv
300338.SZ,*ST开元,A股,..\data\a_share\300338.SZ.csv
600880.SH,博瑞传播,A股,..\data\a_share\600880.SH.csv
003037.SZ,三和管桩,A股,..\data\a_share\003037.SZ.csv
688378.SH,奥来德,A股,..\data\a_share\688378.SH.csv
002936.SZ,郑州银行,A股,..\data\a_share\002936.SZ.csv
301059.SZ,金三江,A股,..\data\a_share\301059.SZ.csv
301325.SZ,曼恩斯特,A股,..\data\a_share\301325.SZ.csv
002399.SZ,海普瑞,A股,..\data\a_share\002399.SZ.csv
688080.SH,映翰通,A股,..\data\a_share\688080.SH.csv
600793.SH,宜宾纸业,A股,..\data\a_share\600793.SH.csv
000555.SZ,神州信息,A股,..\data\a_share\000555.SZ.csv
002419.SZ,天虹股份,A股,..\data\a_share\002419.SZ.csv
603320.SH,迪贝电气,A股,..\data\a_share\603320.SH.csv
600916.SH,中国黄金,A股,..\data\a_share\600916.SH.csv
601163.SH,三角轮胎,A股,..\data\a_share\601163.SH.csv
920273.SH,一致魔芋,A股,..\data\a_share\920273.SH.csv
000498.SZ,山东路桥,A股,..\data\a_share\000498.SZ.csv
300715.SZ,凯伦股份,A股,..\data\a_share\300715.SZ.csv
001358.SZ,兴欣新材,A股,..\data\a_share\001358.SZ.csv
002877.SZ,智能自控,A股,..\data\a_share\002877.SZ.csv
603719.SH,良品铺子,A股,..\data\a_share\603719.SH.csv
002388.SZ,新亚制程,A股,..\data\a_share\002388.SZ.csv
300107.SZ,建新股份,A股,..\data\a_share\300107.SZ.csv
002753.SZ,永东股份,A股,..\data\a_share\002753.SZ.csv
688196.SH,卓越新能,A股,..\data\a_share\688196.SH.csv
603128.SH,华贸物流,A股,..\data\a_share\603128.SH.csv
301180.SZ,万祥科技,A股,..\data\a_share\301180.SZ.csv
688217.SH,睿昂基因,A股,..\data\a_share\688217.SH.csv
000820.SZ,*ST节能,A股,..\data\a_share\000820.SZ.csv
600141.SH,兴发集团,A股,..\data\a_share\600141.SH.csv
002270.SZ,华明装备,A股,..\data\a_share\002270.SZ.csv
603315.SH,福鞍股份,A股,..\data\a_share\603315.SH.csv
002029.SZ,七 匹 狼,A股,..\data\a_share\002029.SZ.csv
300709.SZ,精研科技,A股,..\data\a_share\300709.SZ.csv
601007.SH,金陵饭店,A股,..\data\a_share\601007.SH.csv
603499.SH,翔港科技,A股,..\data\a_share\603499.SH.csv
000952.SZ,广济药业,A股,..\data\a_share\000952.SZ.csv
600054.SH,黄山旅游,A股,..\data\a_share\600054.SH.csv
601118.SH,海南橡胶,A股,..\data\a_share\601118.SH.csv
002805.SZ,丰元股份,A股,..\data\a_share\002805.SZ.csv
002596.SZ,海南瑞泽,A股,..\data\a_share\002596.SZ.csv
603280.SH,南方路机,A股,..\data\a_share\603280.SH.csv
300272.SZ,开能健康,A股,..\data\a_share\300272.SZ.csv
002126.SZ,银轮股份,A股,..\data\a_share\002126.SZ.csv
603357.SH,设计总院,A股,..\data\a_share\603357.SH.csv
300120.SZ,经纬辉开,A股,..\data\a_share\300120.SZ.csv
300548.SZ,长芯博创,A股,..\data\a_share\300548.SZ.csv
300522.SZ,世名科技,A股,..\data\a_share\300522.SZ.csv
688084.SH,晶品特装,A股,..\data\a_share\688084.SH.csv
002529.SZ,*ST海源,A股,..\data\a_share\002529.SZ.csv
688035.SH,德邦科技,A股,..\data\a_share\688035.SH.csv
688128.SH,中国电研,A股,..\data\a_share\688128.SH.csv
300662.SZ,科锐国际,A股,..\data\a_share\300662.SZ.csv
300079.SZ,数码视讯,A股,..\data\a_share\300079.SZ.csv
301179.SZ,泽宇智能,A股,..\data\a_share\301179.SZ.csv
002910.SZ,庄园牧场,A股,..\data\a_share\002910.SZ.csv
002167.SZ,东方锆业,A股,..\data\a_share\002167.SZ.csv
301098.SZ,金埔园林,A股,..\data\a_share\301098.SZ.csv
002191.SZ,劲嘉股份,A股,..\data\a_share\002191.SZ.csv
000629.SZ,钒钛股份,A股,..\data\a_share\000629.SZ.csv
000915.SZ,华特达因,A股,..\data\a_share\000915.SZ.csv
603617.SH,君禾股份,A股,..\data\a_share\603617.SH.csv
300265.SZ,通光线缆,A股,..\data\a_share\300265.SZ.csv
000922.SZ,佳电股份,A股,..\data\a_share\000922.SZ.csv
600218.SH,全柴动力,A股,..\data\a_share\600218.SH.csv
300768.SZ,迪普科技,A股,..\data\a_share\300768.SZ.csv
300678.SZ,中科信息,A股,..\data\a_share\300678.SZ.csv
300187.SZ,永清环保,A股,..\data\a_share\300187.SZ.csv
601015.SH,陕西黑猫,A股,..\data\a_share\601015.SH.csv
000715.SZ,中兴商业,A股,..\data\a_share\000715.SZ.csv
301678.SZ,新恒汇,A股,..\data\a_share\301678.SZ.csv
603956.SH,威派格,A股,..\data\a_share\603956.SH.csv
600601.SH,方正科技,A股,..\data\a_share\600601.SH.csv
600329.SH,达仁堂,A股,..\data\a_share\600329.SH.csv
300467.SZ,迅游科技,A股,..\data\a_share\300467.SZ.csv
301132.SZ,满坤科技,A股,..\data\a_share\301132.SZ.csv
920964.SH,润农节水,A股,..\data\a_share\920964.SH.csv
300111.SZ,向日葵,A股,..\data\a_share\300111.SZ.csv
002688.SZ,金河生物,A股,..\data\a_share\002688.SZ.csv
601619.SH,嘉泽新能,A股,..\data\a_share\601619.SH.csv
688690.SH,纳微科技,A股,..\data\a_share\688690.SH.csv
300625.SZ,三雄极光,A股,..\data\a_share\300625.SZ.csv
301201.SZ,诚达药业,A股,..\data\a_share\301201.SZ.csv
688602.SH,康鹏科技,A股,..\data\a_share\688602.SH.csv
301043.SZ,绿岛风,A股,..\data\a_share\301043.SZ.csv
600702.SH,舍得酒业,A股,..\data\a_share\600702.SH.csv
301361.SZ,众智科技,A股,..\data\a_share\301361.SZ.csv
001213.SZ,中铁特货,A股,..\data\a_share\001213.SZ.csv
600488.SH,津药药业,A股,..\data\a_share\600488.SH.csv
688058.SH,宝兰德,A股,..\data\a_share\688058.SH.csv
301223.SZ,中荣股份,A股,..\data\a_share\301223.SZ.csv
600039.SH,四川路桥,A股,..\data\a_share\600039.SH.csv
000002.SZ,万  科Ａ,A股,..\data\a_share\000002.SZ.csv
688472.SH,阿特斯,A股,..\data\a_share\688472.SH.csv
600106.SH,重庆路桥,A股,..\data\a_share\600106.SH.csv
300832.SZ,新产业,A股,..\data\a_share\300832.SZ.csv
000400.SZ,许继电气,A股,..\data\a_share\000400.SZ.csv
603855.SH,华荣股份,A股,..\data\a_share\603855.SH.csv
600037.SH,歌华有线,A股,..\data\a_share\600037.SH.csv
688026.SH,洁特生物,A股,..\data\a_share\688026.SH.csv
002640.SZ,跨境通,A股,..\data\a_share\002640.SZ.csv
603600.SH,永艺股份,A股,..\data\a_share\603600.SH.csv
600216.SH,浙江医药,A股,..\data\a_share\600216.SH.csv
002387.SZ,维信诺,A股,..\data\a_share\002387.SZ.csv
301073.SZ,君亭酒店,A股,..\data\a_share\301073.SZ.csv
300831.SZ,派瑞股份,A股,..\data\a_share\300831.SZ.csv
300194.SZ,福安药业,A股,..\data\a_share\300194.SZ.csv
000777.SZ,中核科技,A股,..\data\a_share\000777.SZ.csv
300255.SZ,常山药业,A股,..\data\a_share\300255.SZ.csv
301380.SZ,挖金客,A股,..\data\a_share\301380.SZ.csv
600455.SH,博通股份,A股,..\data\a_share\600455.SH.csv
603987.SH,康德莱,A股,..\data\a_share\603987.SH.csv
603218.SH,日月股份,A股,..\data\a_share\603218.SH.csv
301370.SZ,国科恒泰,A股,..\data\a_share\301370.SZ.csv
002605.SZ,姚记科技,A股,..\data\a_share\002605.SZ.csv
000655.SZ,金岭矿业,A股,..\data\a_share\000655.SZ.csv
300087.SZ,荃银高科,A股,..\data\a_share\300087.SZ.csv
301173.SZ,毓恬冠佳,A股,..\data\a_share\301173.SZ.csv
688232.SH,新点软件,A股,..\data\a_share\688232.SH.csv
601177.SH,杭齿前进,A股,..\data\a_share\601177.SH.csv
300779.SZ,惠城环保,A股,..\data\a_share\300779.SZ.csv
300146.SZ,汤臣倍健,A股,..\data\a_share\300146.SZ.csv
603676.SH,卫信康,A股,..\data\a_share\603676.SH.csv
001914.SZ,招商积余,A股,..\data\a_share\001914.SZ.csv
301633.SZ,港迪技术,A股,..\data\a_share\301633.SZ.csv
920541.SH,铁大科技,A股,..\data\a_share\920541.SH.csv
300992.SZ,泰福泵业,A股,..\data\a_share\300992.SZ.csv
300966.SZ,共同药业,A股,..\data\a_share\300966.SZ.csv
603628.SH,清源股份,A股,..\data\a_share\603628.SH.csv
002806.SZ,华锋股份,A股,..\data\a_share\002806.SZ.csv
603980.SH,吉华集团,A股,..\data\a_share\603980.SH.csv
000423.SZ,东阿阿胶,A股,..\data\a_share\000423.SZ.csv
000718.SZ,苏宁环球,A股,..\data\a_share\000718.SZ.csv
600048.SH,保利发展,A股,..\data\a_share\600048.SH.csv
300251.SZ,光线传媒,A股,..\data\a_share\300251.SZ.csv
603708.SH,家家悦,A股,..\data\a_share\603708.SH.csv
002186.SZ,全 聚 德,A股,..\data\a_share\002186.SZ.csv
300148.SZ,天舟文化,A股,..\data\a_share\300148.SZ.csv
603633.SH,徕木股份,A股,..\data\a_share\603633.SH.csv
600085.SH,同仁堂,A股,..\data\a_share\600085.SH.csv
600075.SH,新疆天业,A股,..\data\a_share\600075.SH.csv
688015.SH,交控科技,A股,..\data\a_share\688015.SH.csv
688135.SH,利扬芯片,A股,..\data\a_share\688135.SH.csv
603206.SH,嘉环科技,A股,..\data\a_share\603206.SH.csv
000735.SZ,罗 牛 山,A股,..\data\a_share\000735.SZ.csv
601825.SH,沪农商行,A股,..\data\a_share\601825.SH.csv
600716.SH,凤凰股份,A股,..\data\a_share\600716.SH.csv
603616.SH,韩建河山,A股,..\data\a_share\603616.SH.csv
600007.SH,中国国贸,A股,..\data\a_share\600007.SH.csv
600572.SH,康恩贝,A股,..\data\a_share\600572.SH.csv
300603.SZ,立昂技术,A股,..\data\a_share\300603.SZ.csv
605098.SH,行动教育,A股,..\data\a_share\605098.SH.csv
002672.SZ,东江环保,A股,..\data\a_share\002672.SZ.csv
002312.SZ,川发龙蟒,A股,..\data\a_share\002312.SZ.csv
920575.SH,*ST康乐,A股,..\data\a_share\920575.SH.csv
002524.SZ,光正眼科,A股,..\data\a_share\002524.SZ.csv
002815.SZ,崇达技术,A股,..\data\a_share\002815.SZ.csv
603706.SH,东方环宇,A股,..\data\a_share\603706.SH.csv
600131.SH,国网信通,A股,..\data\a_share\600131.SH.csv
603168.SH,莎普爱思,A股,..\data\a_share\603168.SH.csv
002986.SZ,宇新股份,A股,..\data\a_share\002986.SZ.csv
002204.SZ,大连重工,A股,..\data\a_share\002204.SZ.csv
002162.SZ,悦心健康,A股,..\data\a_share\002162.SZ.csv
688335.SH,复洁科技,A股,..\data\a_share\688335.SH.csv
600731.SH,湖南海利,A股,..\data\a_share\600731.SH.csv
920682.SH,球冠电缆,A股,..\data\a_share\920682.SH.csv
920075.SH,柏星龙,A股,..\data\a_share\920075.SH.csv
300987.SZ,川网传媒,A股,..\data\a_share\300987.SZ.csv
601226.SH,华电科工,A股,..\data\a_share\601226.SH.csv
000422.SZ,湖北宜化,A股,..\data\a_share\000422.SZ.csv
300427.SZ,红相股份,A股,..\data\a_share\300427.SZ.csv
300470.SZ,中密控股,A股,..\data\a_share\300470.SZ.csv
600167.SH,联美控股,A股,..\data\a_share\600167.SH.csv
605338.SH,巴比食品,A股,..\data\a_share\605338.SH.csv
601058.SH,赛轮轮胎,A股,..\data\a_share\601058.SH.csv
605188.SH,国光连锁,A股,..\data\a_share\605188.SH.csv
603055.SH,台华新材,A股,..\data\a_share\603055.SH.csv
601288.SH,农业银行,A股,..\data\a_share\601288.SH.csv
000088.SZ,盐 田 港,A股,..\data\a_share\000088.SZ.csv
002758.SZ,浙农股份,A股,..\data\a_share\002758.SZ.csv
601811.SH,新华文轩,A股,..\data\a_share\601811.SH.csv
301656.SZ,联合动力,A股,..\data\a_share\301656.SZ.csv
300235.SZ,方直科技,A股,..\data\a_share\300235.SZ.csv
300387.SZ,富邦科技,A股,..\data\a_share\300387.SZ.csv
600366.SH,宁波韵升,A股,..\data\a_share\600366.SH.csv
603602.SH,纵横通信,A股,..\data\a_share\603602.SH.csv
600095.SH,湘财股份,A股,..\data\a_share\600095.SH.csv
002481.SZ,双塔食品,A股,..\data\a_share\002481.SZ.csv
002330.SZ,得利斯,A股,..\data\a_share\002330.SZ.csv
600521.SH,华海药业,A股,..\data\a_share\600521.SH.csv
603885.SH,吉祥航空,A股,..\data\a_share\603885.SH.csv
002405.SZ,四维图新,A股,..\data\a_share\002405.SZ.csv
600237.SH,铜峰电子,A股,..\data\a_share\600237.SH.csv
300856.SZ,科思股份,A股,..\data\a_share\300856.SZ.csv
002282.SZ,博深股份,A股,..\data\a_share\002282.SZ.csv
688566.SH,吉贝尔,A股,..\data\a_share\688566.SH.csv
002586.SZ,ST围海,A股,..\data\a_share\002586.SZ.csv
002961.SZ,瑞达期货,A股,..\data\a_share\002961.SZ.csv
600925.SH,苏能股份,A股,..\data\a_share\600925.SH.csv
000862.SZ,银星能源,A股,..\data\a_share\000862.SZ.csv
002145.SZ,钛能化学,A股,..\data\a_share\002145.SZ.csv
601113.SH,华鼎股份,A股,..\data\a_share\601113.SH.csv
300638.SZ,广和通,A股,..\data\a_share\300638.SZ.csv
688557.SH,兰剑智能,A股,..\data\a_share\688557.SH.csv
603983.SH,丸美生物,A股,..\data\a_share\603983.SH.csv
301580.SZ,爱迪特,A股,..\data\a_share\301580.SZ.csv
300237.SZ,ST美晨,A股,..\data\a_share\300237.SZ.csv
002663.SZ,普邦股份,A股,..\data\a_share\002663.SZ.csv
300238.SZ,冠昊生物,A股,..\data\a_share\300238.SZ.csv
300999.SZ,金龙鱼,A股,..\data\a_share\300999.SZ.csv
300820.SZ,英杰电气,A股,..\data\a_share\300820.SZ.csv
002171.SZ,楚江新材,A股,..\data\a_share\002171.SZ.csv
603066.SH,音飞储存,A股,..\data\a_share\603066.SH.csv
605388.SH,均瑶健康,A股,..\data\a_share\605388.SH.csv
002953.SZ,日丰股份,A股,..\data\a_share\002953.SZ.csv
600596.SH,新安股份,A股,..\data\a_share\600596.SH.csv
603310.SH,巍华新材,A股,..\data\a_share\603310.SH.csv
601886.SH,江河集团,A股,..\data\a_share\601886.SH.csv
688507.SH,索辰科技,A股,..\data\a_share\688507.SH.csv
300088.SZ,长信科技,A股,..\data\a_share\300088.SZ.csv
600377.SH,宁沪高速,A股,..\data\a_share\600377.SH.csv
300770.SZ,新媒股份,A股,..\data\a_share\300770.SZ.csv
920970.SH,大禹生物,A股,..\data\a_share\920970.SH.csv
002237.SZ,恒邦股份,A股,..\data\a_share\002237.SZ.csv
300923.SZ,研奥股份,A股,..\data\a_share\300923.SZ.csv
600512.SH,腾达建设,A股,..\data\a_share\600512.SH.csv
300523.SZ,辰安科技,A股,..\data\a_share\300523.SZ.csv
600103.SH,青山纸业,A股,..\data\a_share\600103.SH.csv
300011.SZ,鼎汉技术,A股,..\data\a_share\300011.SZ.csv
688299.SH,长阳科技,A股,..\data\a_share\688299.SH.csv
688052.SH,纳芯微,A股,..\data\a_share\688052.SH.csv
002057.SZ,中钢天源,A股,..\data\a_share\002057.SZ.csv
600195.SH,中牧股份,A股,..\data\a_share\600195.SH.csv
000970.SZ,中科三环,A股,..\data\a_share\000970.SZ.csv
600859.SH,王府井,A股,..\data\a_share\600859.SH.csv
301189.SZ,奥尼电子,A股,..\data\a_share\301189.SZ.csv
600597.SH,光明乳业,A股,..\data\a_share\600597.SH.csv
002742.SZ,三圣股份,A股,..\data\a_share\002742.SZ.csv
920275.SH,驱动力,A股,..\data\a_share\920275.SH.csv
920489.SH,佳先股份,A股,..\data\a_share\920489.SH.csv
603739.SH,蔚蓝生物,A股,..\data\a_share\603739.SH.csv
920023.SH,*ST田野,A股,..\data\a_share\920023.SH.csv
300986.SZ,志特新材,A股,..\data\a_share\300986.SZ.csv
688570.SH,天玛智控,A股,..\data\a_share\688570.SH.csv
000739.SZ,普洛药业,A股,..\data\a_share\000739.SZ.csv
603161.SH,科华控股,A股,..\data\a_share\603161.SH.csv
601019.SH,山东出版,A股,..\data\a_share\601019.SH.csv
000488.SZ,ST晨鸣,A股,..\data\a_share\000488.SZ.csv
688050.SH,爱博医疗,A股,..\data\a_share\688050.SH.csv
600461.SH,洪城环境,A股,..\data\a_share\600461.SH.csv
920946.SH,森萱医药,A股,..\data\a_share\920946.SH.csv
600272.SH,开开实业,A股,..\data\a_share\600272.SH.csv
000030.SZ,富奥股份,A股,..\data\a_share\000030.SZ.csv
301020.SZ,密封科技,A股,..\data\a_share\301020.SZ.csv
301267.SZ,华厦眼科,A股,..\data\a_share\301267.SZ.csv
300315.SZ,掌趣科技,A股,..\data\a_share\300315.SZ.csv
605398.SH,新炬网络,A股,..\data\a_share\605398.SH.csv
300700.SZ,岱勒新材,A股,..\data\a_share\300700.SZ.csv
002670.SZ,国盛证券,A股,..\data\a_share\002670.SZ.csv
300324.SZ,旋极信息,A股,..\data\a_share\300324.SZ.csv
300150.SZ,世纪瑞尔,A股,..\data\a_share\300150.SZ.csv
605303.SH,园林股份,A股,..\data\a_share\605303.SH.csv
301086.SZ,鸿富瀚,A股,..\data\a_share\301086.SZ.csv
002727.SZ,一心堂,A股,..\data\a_share\002727.SZ.csv
603880.SH,南卫股份,A股,..\data\a_share\603880.SH.csv
605108.SH,同庆楼,A股,..\data\a_share\605108.SH.csv
000019.SZ,深粮控股,A股,..\data\a_share\000019.SZ.csv
601966.SH,玲珑轮胎,A股,..\data\a_share\601966.SH.csv
002985.SZ,北摩高科,A股,..\data\a_share\002985.SZ.csv
003005.SZ,竞业达,A股,..\data\a_share\003005.SZ.csv
300160.SZ,秀强股份,A股,..\data\a_share\300160.SZ.csv
301165.SZ,锐捷网络,A股,..\data\a_share\301165.SZ.csv
601828.SH,美凯龙,A股,..\data\a_share\601828.SH.csv
601112.SH,振石股份,A股,..\data\a_share\601112.SH.csv
002346.SZ,柘中股份,A股,..\data\a_share\002346.SZ.csv
300724.SZ,捷佳伟创,A股,..\data\a_share\300724.SZ.csv
600529.SH,山东药玻,A股,..\data\a_share\600529.SH.csv
920523.SH,德瑞锂电,A股,..\data\a_share\920523.SH.csv
000507.SZ,珠海港,A股,..\data\a_share\000507.SZ.csv
000856.SZ,冀东装备,A股,..\data\a_share\000856.SZ.csv
000980.SZ,众泰汽车,A股,..\data\a_share\000980.SZ.csv
000032.SZ,深桑达Ａ,A股,..\data\a_share\000032.SZ.csv
600310.SH,广西能源,A股,..\data\a_share\600310.SH.csv
920455.SH,汇隆活塞,A股,..\data\a_share\920455.SH.csv
002919.SZ,名臣健康,A股,..\data\a_share\002919.SZ.csv
603808.SH,歌力思,A股,..\data\a_share\603808.SH.csv
600526.SH,菲达环保,A股,..\data\a_share\600526.SH.csv
920634.SH,新威凌,A股,..\data\a_share\920634.SH.csv
688334.SH,西高院,A股,..\data\a_share\688334.SH.csv
600581.SH,*ST八钢,A股,..\data\a_share\600581.SH.csv
600854.SH,春兰股份,A股,..\data\a_share\600854.SH.csv
603456.SH,九洲药业,A股,..\data\a_share\603456.SH.csv
301206.SZ,三元生物,A股,..\data\a_share\301206.SZ.csv
002016.SZ,世荣兆业,A股,..\data\a_share\002016.SZ.csv
301360.SZ,荣旗科技,A股,..\data\a_share\301360.SZ.csv
600395.SH,盘江股份,A股,..\data\a_share\600395.SH.csv
603197.SH,保隆科技,A股,..\data\a_share\603197.SH.csv
001300.SZ,三柏硕,A股,..\data\a_share\001300.SZ.csv
300378.SZ,鼎捷数智,A股,..\data\a_share\300378.SZ.csv
300350.SZ,华鹏飞,A股,..\data\a_share\300350.SZ.csv
600104.SH,上汽集团,A股,..\data\a_share\600104.SH.csv
920974.SH,凯大催化,A股,..\data\a_share\920974.SH.csv
600196.SH,复星医药,A股,..\data\a_share\600196.SH.csv
688016.SH,心脉医疗,A股,..\data\a_share\688016.SH.csv
002647.SZ,仁东控股,A股,..\data\a_share\002647.SZ.csv
603368.SH,柳药集团,A股,..\data\a_share\603368.SH.csv
920504.SH,博迅生物,A股,..\data\a_share\920504.SH.csv
688395.SH,正弦电气,A股,..\data\a_share\688395.SH.csv
603228.SH,景旺电子,A股,..\data\a_share\603228.SH.csv
002266.SZ,浙富控股,A股,..\data\a_share\002266.SZ.csv
002155.SZ,湖南黄金,A股,..\data\a_share\002155.SZ.csv
301116.SZ,益客食品,A股,..\data\a_share\301116.SZ.csv
603383.SH,顶点软件,A股,..\data\a_share\603383.SH.csv
300357.SZ,我武生物,A股,..\data\a_share\300357.SZ.csv
301022.SZ,海泰科,A股,..\data\a_share\301022.SZ.csv
600004.SH,白云机场,A股,..\data\a_share\600004.SH.csv
002352.SZ,顺丰控股,A股,..\data\a_share\002352.SZ.csv
300003.SZ,乐普医疗,A股,..\data\a_share\300003.SZ.csv
002470.SZ,金正大,A股,..\data\a_share\002470.SZ.csv
301193.SZ,家联科技,A股,..\data\a_share\301193.SZ.csv
603319.SH,美湖股份,A股,..\data\a_share\603319.SH.csv
603776.SH,永安行,A股,..\data\a_share\603776.SH.csv
000935.SZ,四川双马,A股,..\data\a_share\000935.SZ.csv
600192.SH,长城电工,A股,..\data\a_share\600192.SH.csv
000650.SZ,仁和药业,A股,..\data\a_share\000650.SZ.csv
920719.SH,宁新新材,A股,..\data\a_share\920719.SH.csv
600023.SH,浙能电力,A股,..\data\a_share\600023.SH.csv
600825.SH,新华传媒,A股,..\data\a_share\600825.SH.csv
605033.SH,美邦股份,A股,..\data\a_share\605033.SH.csv
600017.SH,日照港,A股,..\data\a_share\600017.SH.csv
605577.SH,龙版传媒,A股,..\data\a_share\605577.SH.csv
601958.SH,金钼股份,A股,..\data\a_share\601958.SH.csv
001367.SZ,海森药业,A股,..\data\a_share\001367.SZ.csv
300656.SZ,民德电子,A股,..\data\a_share\300656.SZ.csv
002005.SZ,ST德豪,A股,..\data\a_share\002005.SZ.csv
002379.SZ,宏桥控股,A股,..\data\a_share\002379.SZ.csv
002970.SZ,锐明技术,A股,..\data\a_share\002970.SZ.csv
300025.SZ,华星创业,A股,..\data\a_share\300025.SZ.csv
300039.SZ,上海凯宝,A股,..\data\a_share\300039.SZ.csv
600211.SH,西藏药业,A股,..\data\a_share\600211.SH.csv
300708.SZ,聚灿光电,A股,..\data\a_share\300708.SZ.csv
301665.SZ,泰禾股份,A股,..\data\a_share\301665.SZ.csv
600797.SH,浙大网新,A股,..\data\a_share\600797.SH.csv
600197.SH,伊力特,A股,..\data\a_share\600197.SH.csv
300889.SZ,爱克股份,A股,..\data\a_share\300889.SZ.csv
301585.SZ,蓝宇股份,A股,..\data\a_share\301585.SZ.csv
002034.SZ,旺能环境,A股,..\data\a_share\002034.SZ.csv
001239.SZ,永达股份,A股,..\data\a_share\001239.SZ.csv
688589.SH,力合微,A股,..\data\a_share\688589.SH.csv
000151.SZ,中成股份,A股,..\data\a_share\000151.SZ.csv
002771.SZ,真视通,A股,..\data\a_share\002771.SZ.csv
603121.SH,华培动力,A股,..\data\a_share\603121.SH.csv
002127.SZ,南极电商,A股,..\data\a_share\002127.SZ.csv
000998.SZ,隆平高科,A股,..\data\a_share\000998.SZ.csv
603351.SH,威尔药业,A股,..\data\a_share\603351.SH.csv
688247.SH,宣泰医药,A股,..\data\a_share\688247.SH.csv
300110.SZ,华仁药业,A股,..\data\a_share\300110.SZ.csv
002274.SZ,华昌化工,A股,..\data\a_share\002274.SZ.csv
000860.SZ,顺鑫农业,A股,..\data\a_share\000860.SZ.csv
603233.SH,大参林,A股,..\data\a_share\603233.SH.csv
000096.SZ,广聚能源,A股,..\data\a_share\000096.SZ.csv
600657.SH,信达地产,A股,..\data\a_share\600657.SH.csv
688107.SH,安路科技,A股,..\data\a_share\688107.SH.csv
920505.SH,九菱科技,A股,..\data\a_share\920505.SH.csv
600008.SH,首创环保,A股,..\data\a_share\600008.SH.csv
002564.SZ,天沃科技,A股,..\data\a_share\002564.SZ.csv
600796.SH,钱江生化,A股,..\data\a_share\600796.SH.csv
600782.SH,新钢股份,A股,..\data\a_share\600782.SH.csv
300066.SZ,三川智慧,A股,..\data\a_share\300066.SZ.csv
002685.SZ,华东重机,A股,..\data\a_share\002685.SZ.csv
003017.SZ,大洋生物,A股,..\data\a_share\003017.SZ.csv
002713.SZ,*ST东易,A股,..\data\a_share\002713.SZ.csv
600906.SH,财达证券,A股,..\data\a_share\600906.SH.csv
600165.SH,ST宁科,A股,..\data\a_share\600165.SH.csv
000869.SZ,张  裕Ａ,A股,..\data\a_share\000869.SZ.csv
300169.SZ,天晟新材,A股,..\data\a_share\300169.SZ.csv
002116.SZ,中国海诚,A股,..\data\a_share\002116.SZ.csv
002003.SZ,伟星股份,A股,..\data\a_share\002003.SZ.csv
300232.SZ,洲明科技,A股,..\data\a_share\300232.SZ.csv
688097.SH,博众精工,A股,..\data\a_share\688097.SH.csv
300996.SZ,普联软件,A股,..\data\a_share\300996.SZ.csv
002454.SZ,松芝股份,A股,..\data\a_share\002454.SZ.csv
300535.SZ,达威股份,A股,..\data\a_share\300535.SZ.csv
688153.SH,唯捷创芯,A股,..\data\a_share\688153.SH.csv
603970.SH,中农立华,A股,..\data\a_share\603970.SH.csv
603079.SH,圣达生物,A股,..\data\a_share\603079.SH.csv
603660.SH,苏州科达,A股,..\data\a_share\603660.SH.csv
600648.SH,外高桥,A股,..\data\a_share\600648.SH.csv
300663.SZ,科蓝软件,A股,..\data\a_share\300663.SZ.csv
600720.SH,中交设计,A股,..\data\a_share\600720.SH.csv
002995.SZ,天地在线,A股,..\data\a_share\002995.SZ.csv
600408.SH,安泰集团,A股,..\data\a_share\600408.SH.csv
301122.SZ,采纳股份,A股,..\data\a_share\301122.SZ.csv
688500.SH,慧辰股份,A股,..\data\a_share\688500.SH.csv
002782.SZ,可立克,A股,..\data\a_share\002782.SZ.csv
300195.SZ,长荣股份,A股,..\data\a_share\300195.SZ.csv
920832.SH,齐鲁华信,A股,..\data\a_share\920832.SH.csv
920819.SH,颖泰生物,A股,..\data\a_share\920819.SH.csv
300240.SZ,飞力达,A股,..\data\a_share\300240.SZ.csv
301202.SZ,朗威股份,A股,..\data\a_share\301202.SZ.csv
300689.SZ,澄天伟业,A股,..\data\a_share\300689.SZ.csv
301097.SZ,天益医疗,A股,..\data\a_share\301097.SZ.csv
000953.SZ,河化股份,A股,..\data\a_share\000953.SZ.csv
688159.SH,有方科技,A股,..\data\a_share\688159.SH.csv
688707.SH,振华新材,A股,..\data\a_share\688707.SH.csv
300119.SZ,瑞普生物,A股,..\data\a_share\300119.SZ.csv
002788.SZ,鹭燕医药,A股,..\data\a_share\002788.SZ.csv
920879.SH,基康技术,A股,..\data\a_share\920879.SH.csv
300374.SZ,中铁装配,A股,..\data\a_share\300374.SZ.csv
300018.SZ,中元股份,A股,..\data\a_share\300018.SZ.csv
600055.SH,万东医疗,A股,..\data\a_share\600055.SH.csv
000090.SZ,天健集团,A股,..\data\a_share\000090.SZ.csv
603107.SH,上海汽配,A股,..\data\a_share\603107.SH.csv
000756.SZ,新华制药,A股,..\data\a_share\000756.SZ.csv
300241.SZ,瑞丰光电,A股,..\data\a_share\300241.SZ.csv
603087.SH,甘李药业,A股,..\data\a_share\603087.SH.csv
601890.SH,亚星锚链,A股,..\data\a_share\601890.SH.csv
300019.SZ,硅宝科技,A股,..\data\a_share\300019.SZ.csv
003000.SZ,劲仔食品,A股,..\data\a_share\003000.SZ.csv
600732.SH,爱旭股份,A股,..\data\a_share\600732.SH.csv
000721.SZ,西安饮食,A股,..\data\a_share\000721.SZ.csv
601061.SH,中信金属,A股,..\data\a_share\601061.SH.csv
300787.SZ,海能实业,A股,..\data\a_share\300787.SZ.csv
600927.SH,永安期货,A股,..\data\a_share\600927.SH.csv
300867.SZ,圣元环保,A股,..\data\a_share\300867.SZ.csv
002920.SZ,德赛西威,A股,..\data\a_share\002920.SZ.csv
605136.SH,丽人丽妆,A股,..\data\a_share\605136.SH.csv
000055.SZ,方大集团,A股,..\data\a_share\000055.SZ.csv
601933.SH,永辉超市,A股,..\data\a_share\601933.SH.csv
300619.SZ,金银河,A股,..\data\a_share\300619.SZ.csv
300355.SZ,蒙草生态,A股,..\data\a_share\300355.SZ.csv
000061.SZ,农 产 品,A股,..\data\a_share\000061.SZ.csv
300481.SZ,濮阳惠成,A股,..\data\a_share\300481.SZ.csv
000156.SZ,华数传媒,A股,..\data\a_share\000156.SZ.csv
000403.SZ,派林生物,A股,..\data\a_share\000403.SZ.csv
605368.SH,蓝天燃气,A股,..\data\a_share\605368.SH.csv
300962.SZ,中金辐照,A股,..\data\a_share\300962.SZ.csv
301296.SZ,新巨丰,A股,..\data\a_share\301296.SZ.csv
688550.SH,瑞联新材,A股,..\data\a_share\688550.SH.csv
300144.SZ,宋城演艺,A股,..\data\a_share\300144.SZ.csv
000972.SZ,*ST中基,A股,..\data\a_share\000972.SZ.csv
002996.SZ,顺博合金,A股,..\data\a_share\002996.SZ.csv
300070.SZ,碧水源,A股,..\data\a_share\300070.SZ.csv
603290.SH,斯达半导,A股,..\data\a_share\603290.SH.csv
300274.SZ,阳光电源,A股,..\data\a_share\300274.SZ.csv
301112.SZ,信邦智能,A股,..\data\a_share\301112.SZ.csv
603517.SH,ST绝味,A股,..\data\a_share\603517.SH.csv
300688.SZ,创业黑马,A股,..\data\a_share\300688.SZ.csv
601033.SH,永兴股份,A股,..\data\a_share\601033.SH.csv
688553.SH,汇宇制药-W,A股,..\data\a_share\688553.SH.csv
600318.SH,新力金融,A股,..\data\a_share\600318.SH.csv
605008.SH,长鸿高科,A股,..\data\a_share\605008.SH.csv
000544.SZ,中原环保,A股,..\data\a_share\000544.SZ.csv
300388.SZ,节能国祯,A股,..\data\a_share\300388.SZ.csv
001226.SZ,拓山重工,A股,..\data\a_share\001226.SZ.csv
600121.SH,郑州煤电,A股,..\data\a_share\600121.SH.csv
600428.SH,中远海特,A股,..\data\a_share\600428.SH.csv
000404.SZ,长虹华意,A股,..\data\a_share\000404.SZ.csv
300126.SZ,锐奇股份,A股,..\data\a_share\300126.SZ.csv
301082.SZ,久盛电气,A股,..\data\a_share\301082.SZ.csv
600721.SH,XD百花医,A股,..\data\a_share\600721.SH.csv
300517.SZ,海波重科,A股,..\data\a_share\300517.SZ.csv
600771.SH,广誉远,A股,..\data\a_share\600771.SH.csv
002332.SZ,仙琚制药,A股,..\data\a_share\002332.SZ.csv
000993.SZ,闽东电力,A股,..\data\a_share\000993.SZ.csv
301314.SZ,科瑞思,A股,..\data\a_share\301314.SZ.csv
603333.SH,尚纬股份,A股,..\data\a_share\603333.SH.csv
600301.SH,华锡有色,A股,..\data\a_share\600301.SH.csv
920271.SH,邦德股份,A股,..\data\a_share\920271.SH.csv
002849.SZ,威星智能,A股,..\data\a_share\002849.SZ.csv
600059.SH,古越龙山,A股,..\data\a_share\600059.SH.csv
300021.SZ,大禹节水,A股,..\data\a_share\300021.SZ.csv
600283.SH,钱江水利,A股,..\data\a_share\600283.SH.csv
002674.SZ,兴业科技,A股,..\data\a_share\002674.SZ.csv
002939.SZ,长城证券,A股,..\data\a_share\002939.SZ.csv
300080.SZ,易成新能,A股,..\data\a_share\300080.SZ.csv
688793.SH,倍轻松,A股,..\data\a_share\688793.SH.csv
002660.SZ,茂硕电源,A股,..\data\a_share\002660.SZ.csv
601798.SH,蓝科高新,A股,..\data\a_share\601798.SH.csv
605500.SH,森林包装,A股,..\data\a_share\605500.SH.csv
002737.SZ,葵花药业,A股,..\data\a_share\002737.SZ.csv
002978.SZ,安宁股份,A股,..\data\a_share\002978.SZ.csv
301428.SZ,世纪恒通,A股,..\data\a_share\301428.SZ.csv
000859.SZ,国风新材,A股,..\data\a_share\000859.SZ.csv
000912.SZ,泸天化,A股,..\data\a_share\000912.SZ.csv
301320.SZ,豪江智能,A股,..\data\a_share\301320.SZ.csv
001210.SZ,金房能源,A股,..\data\a_share\001210.SZ.csv
001225.SZ,和泰机电,A股,..\data\a_share\001225.SZ.csv
300791.SZ,仙乐健康,A股,..\data\a_share\300791.SZ.csv
002201.SZ,九鼎新材,A股,..\data\a_share\002201.SZ.csv
301522.SZ,上大股份,A股,..\data\a_share\301522.SZ.csv
000557.SZ,西部创业,A股,..\data\a_share\000557.SZ.csv
600983.SH,惠而浦,A股,..\data\a_share\600983.SH.csv
601928.SH,凤凰传媒,A股,..\data\a_share\601928.SH.csv
300452.SZ,山河药辅,A股,..\data\a_share\300452.SZ.csv
688486.SH,龙迅股份,A股,..\data\a_share\688486.SH.csv
002032.SZ,苏 泊 尔,A股,..\data\a_share\002032.SZ.csv
000932.SZ,华菱钢铁,A股,..\data\a_share\000932.SZ.csv
301315.SZ,威士顿,A股,..\data\a_share\301315.SZ.csv
600101.SH,明星电力,A股,..\data\a_share\600101.SH.csv
688370.SH,丛麟科技,A股,..\data\a_share\688370.SH.csv
300181.SZ,佐力药业,A股,..\data\a_share\300181.SZ.csv
688737.SH,中自科技,A股,..\data\a_share\688737.SH.csv
688002.SH,睿创微纳,A股,..\data\a_share\688002.SH.csv
600094.SH,大名城,A股,..\data\a_share\600094.SH.csv
603611.SH,XD诺力股,A股,..\data\a_share\603611.SH.csv
688129.SH,东来技术,A股,..\data\a_share\688129.SH.csv
301252.SZ,同星科技,A股,..\data\a_share\301252.SZ.csv
301303.SZ,真兰仪表,A股,..\data\a_share\301303.SZ.csv
002020.SZ,京新药业,A股,..\data\a_share\002020.SZ.csv
600292.SH,电投水电,A股,..\data\a_share\600292.SH.csv
600479.SH,千金药业,A股,..\data\a_share\600479.SH.csv
600459.SH,贵研铂业,A股,..\data\a_share\600459.SH.csv
301289.SZ,国缆检测,A股,..\data\a_share\301289.SZ.csv
600332.SH,白云山,A股,..\data\a_share\600332.SH.csv
600908.SH,无锡银行,A股,..\data\a_share\600908.SH.csv
603630.SH,拉芳家化,A股,..\data\a_share\603630.SH.csv
600120.SH,浙江东方,A股,..\data\a_share\600120.SH.csv
001356.SZ,富岭股份,A股,..\data\a_share\001356.SZ.csv
600176.SH,中国巨石,A股,..\data\a_share\600176.SH.csv
600403.SH,大有能源,A股,..\data\a_share\600403.SH.csv
603610.SH,麒盛科技,A股,..\data\a_share\603610.SH.csv
688093.SH,世华科技,A股,..\data\a_share\688093.SH.csv
002316.SZ,亚联发展,A股,..\data\a_share\002316.SZ.csv
301102.SZ,兆讯传媒,A股,..\data\a_share\301102.SZ.csv
688157.SH,松井股份,A股,..\data\a_share\688157.SH.csv
000707.SZ,双环科技,A股,..\data\a_share\000707.SZ.csv
300990.SZ,同飞股份,A股,..\data\a_share\300990.SZ.csv
688008.SH,澜起科技,A股,..\data\a_share\688008.SH.csv
002562.SZ,兄弟科技,A股,..\data\a_share\002562.SZ.csv
603566.SH,普莱柯,A股,..\data\a_share\603566.SH.csv
000888.SZ,峨眉山Ａ,A股,..\data\a_share\000888.SZ.csv
000930.SZ,中粮科技,A股,..\data\a_share\000930.SZ.csv
600335.SH,国机汽车,A股,..\data\a_share\600335.SH.csv
600754.SH,锦江酒店,A股,..\data\a_share\600754.SH.csv
002287.SZ,奇正藏药,A股,..\data\a_share\002287.SZ.csv
300098.SZ,高新兴,A股,..\data\a_share\300098.SZ.csv
301208.SZ,中亦科技,A股,..\data\a_share\301208.SZ.csv
603199.SH,九华旅游,A股,..\data\a_share\603199.SH.csv
001326.SZ,联域股份,A股,..\data\a_share\001326.SZ.csv
300569.SZ,天能重工,A股,..\data\a_share\300569.SZ.csv
002483.SZ,润邦股份,A股,..\data\a_share\002483.SZ.csv
601801.SH,皖新传媒,A股,..\data\a_share\601801.SH.csv
301001.SZ,凯淳股份,A股,..\data\a_share\301001.SZ.csv
300368.SZ,汇金股份,A股,..\data\a_share\300368.SZ.csv
002563.SZ,森马服饰,A股,..\data\a_share\002563.SZ.csv
600229.SH,城市传媒,A股,..\data\a_share\600229.SH.csv
600857.SH,宁波中百,A股,..\data\a_share\600857.SH.csv
300749.SZ,顶固集创,A股,..\data\a_share\300749.SZ.csv
603639.SH,海利尔,A股,..\data\a_share\603639.SH.csv
300916.SZ,朗特智能,A股,..\data\a_share\300916.SZ.csv
920357.SH,雅葆轩,A股,..\data\a_share\920357.SH.csv
300004.SZ,南风股份,A股,..\data\a_share\300004.SZ.csv
301609.SZ,山大电力,A股,..\data\a_share\301609.SZ.csv
601139.SH,深圳燃气,A股,..\data\a_share\601139.SH.csv
002384.SZ,东山精密,A股,..\data\a_share\002384.SZ.csv
002170.SZ,芭田股份,A股,..\data\a_share\002170.SZ.csv
601328.SH,交通银行,A股,..\data\a_share\601328.SH.csv
600015.SH,华夏银行,A股,..\data\a_share\600015.SH.csv
002972.SZ,科安达,A股,..\data\a_share\002972.SZ.csv
603558.SH,健盛集团,A股,..\data\a_share\603558.SH.csv
002675.SZ,东诚药业,A股,..\data\a_share\002675.SZ.csv
600901.SH,江苏金租,A股,..\data\a_share\600901.SH.csv
001260.SZ,坤泰股份,A股,..\data\a_share\001260.SZ.csv
603021.SH,*ST华鹏,A股,..\data\a_share\603021.SH.csv
600519.SH,贵州茅台,A股,..\data\a_share\600519.SH.csv
688319.SH,欧林生物,A股,..\data\a_share\688319.SH.csv
002131.SZ,利欧股份,A股,..\data\a_share\002131.SZ.csv
688067.SH,爱威科技,A股,..\data\a_share\688067.SH.csv
601238.SH,广汽集团,A股,..\data\a_share\601238.SH.csv
000852.SZ,石化机械,A股,..\data\a_share\000852.SZ.csv
002537.SZ,海联金汇,A股,..\data\a_share\002537.SZ.csv
002539.SZ,云图控股,A股,..\data\a_share\002539.SZ.csv
688100.SH,威胜信息,A股,..\data\a_share\688100.SH.csv
600359.SH,新农开发,A股,..\data\a_share\600359.SH.csv
688513.SH,苑东生物,A股,..\data\a_share\688513.SH.csv
603181.SH,皇马科技,A股,..\data\a_share\603181.SH.csv
600897.SH,厦门空港,A股,..\data\a_share\600897.SH.csv
600861.SH,北京人力,A股,..\data\a_share\600861.SH.csv
601788.SH,光大证券,A股,..\data\a_share\601788.SH.csv
600528.SH,中铁工业,A股,..\data\a_share\600528.SH.csv
002984.SZ,森麒麟,A股,..\data\a_share\002984.SZ.csv
600956.SH,新天绿能,A股,..\data\a_share\600956.SH.csv
601918.SH,新集能源,A股,..\data\a_share\601918.SH.csv
603065.SH,宿迁联盛,A股,..\data\a_share\603065.SH.csv
000501.SZ,武商集团,A股,..\data\a_share\000501.SZ.csv
000009.SZ,中国宝安,A股,..\data\a_share\000009.SZ.csv
300492.SZ,华图山鼎,A股,..\data\a_share\300492.SZ.csv
920808.SH,曙光数创,A股,..\data\a_share\920808.SH.csv
301335.SZ,天元宠物,A股,..\data\a_share\301335.SZ.csv
002001.SZ,新 和 成,A股,..\data\a_share\002001.SZ.csv
002951.SZ,金时科技,A股,..\data\a_share\002951.SZ.csv
688505.SH,复旦张江,A股,..\data\a_share\688505.SH.csv
603366.SH,日出东方,A股,..\data\a_share\603366.SH.csv
301536.SZ,星宸科技,A股,..\data\a_share\301536.SZ.csv
301233.SZ,盛帮股份,A股,..\data\a_share\301233.SZ.csv
002546.SZ,新联电子,A股,..\data\a_share\002546.SZ.csv
300008.SZ,天海防务,A股,..\data\a_share\300008.SZ.csv
301081.SZ,严牌股份,A股,..\data\a_share\301081.SZ.csv
301515.SZ,港通医疗,A股,..\data\a_share\301515.SZ.csv
601065.SH,江盐集团,A股,..\data\a_share\601065.SH.csv
300538.SZ,同益股份,A股,..\data\a_share\300538.SZ.csv
603027.SH,千禾味业,A股,..\data\a_share\603027.SH.csv
600694.SH,大商股份,A股,..\data\a_share\600694.SH.csv
688198.SH,佰仁医疗,A股,..\data\a_share\688198.SH.csv
000006.SZ,深振业Ａ,A股,..\data\a_share\000006.SZ.csv
600138.SH,中青旅,A股,..\data\a_share\600138.SH.csv
600562.SH,国睿科技,A股,..\data\a_share\600562.SH.csv
601985.SH,中国核电,A股,..\data\a_share\601985.SH.csv
688025.SH,杰普特,A股,..\data\a_share\688025.SH.csv
300395.SZ,菲利华,A股,..\data\a_share\300395.SZ.csv
300897.SZ,山科智能,A股,..\data\a_share\300897.SZ.csv
300665.SZ,飞鹿股份,A股,..\data\a_share\300665.SZ.csv
002202.SZ,金风科技,A股,..\data\a_share\002202.SZ.csv
002232.SZ,启明信息,A股,..\data\a_share\002232.SZ.csv
601298.SH,青岛港,A股,..\data\a_share\601298.SH.csv
920371.SH,欧福蛋业,A股,..\data\a_share\920371.SH.csv
688685.SH,迈信林,A股,..\data\a_share\688685.SH.csv
688665.SH,四方光电,A股,..\data\a_share\688665.SH.csv
600126.SH,杭钢股份,A股,..\data\a_share\600126.SH.csv
920175.SH,东方碳素,A股,..\data\a_share\920175.SH.csv
600829.SH,人民同泰,A股,..\data\a_share\600829.SH.csv
300925.SZ,法本信息,A股,..\data\a_share\300925.SZ.csv
920627.SH,力王股份,A股,..\data\a_share\920627.SH.csv
920982.SH,锦波生物,A股,..\data\a_share\920982.SH.csv
603716.SH,塞力医疗,A股,..\data\a_share\603716.SH.csv
300015.SZ,爱尔眼科,A股,..\data\a_share\300015.SZ.csv
300835.SZ,龙磁科技,A股,..\data\a_share\300835.SZ.csv
301381.SZ,赛维时代,A股,..\data\a_share\301381.SZ.csv
300127.SZ,银河磁体,A股,..\data\a_share\300127.SZ.csv
688038.SH,中科通达,A股,..\data\a_share\688038.SH.csv
688252.SH,天德钰,A股,..\data\a_share\688252.SH.csv
603202.SH,天有为,A股,..\data\a_share\603202.SH.csv
300250.SZ,初灵信息,A股,..\data\a_share\300250.SZ.csv
000411.SZ,英特集团,A股,..\data\a_share\000411.SZ.csv
301032.SZ,新柴股份,A股,..\data\a_share\301032.SZ.csv
002053.SZ,云南能投,A股,..\data\a_share\002053.SZ.csv
001201.SZ,东瑞股份,A股,..\data\a_share\001201.SZ.csv
688114.SH,华大智造,A股,..\data\a_share\688114.SH.csv
002579.SZ,中京电子,A股,..\data\a_share\002579.SZ.csv
688013.SH,天臣医疗,A股,..\data\a_share\688013.SH.csv
002507.SZ,涪陵榨菜,A股,..\data\a_share\002507.SZ.csv
301487.SZ,盟固利,A股,..\data\a_share\301487.SZ.csv
688549.SH,中巨芯-U,A股,..\data\a_share\688549.SH.csv
600246.SH,万通发展,A股,..\data\a_share\600246.SH.csv
002695.SZ,煌上煌,A股,..\data\a_share\002695.SZ.csv
301096.SZ,百诚医药,A股,..\data\a_share\301096.SZ.csv
000301.SZ,东方盛虹,A股,..\data\a_share\000301.SZ.csv
603587.SH,地素时尚,A股,..\data\a_share\603587.SH.csv
688528.SH,秦川物联,A股,..\data\a_share\688528.SH.csv
603713.SH,密尔克卫,A股,..\data\a_share\603713.SH.csv
603679.SH,华体科技,A股,..\data\a_share\603679.SH.csv
300945.SZ,曼卡龙,A股,..\data\a_share\300945.SZ.csv
600062.SH,华润双鹤,A股,..\data\a_share\600062.SH.csv
300760.SZ,迈瑞医疗,A股,..\data\a_share\300760.SZ.csv
605259.SH,绿田机械,A股,..\data\a_share\605259.SH.csv
000651.SZ,格力电器,A股,..\data\a_share\000651.SZ.csv
603275.SH,众辰科技,A股,..\data\a_share\603275.SH.csv
600262.SH,北方股份,A股,..\data\a_share\600262.SH.csv
601021.SH,春秋航空,A股,..\data\a_share\601021.SH.csv
000538.SZ,云南白药,A股,..\data\a_share\000538.SZ.csv
600367.SH,红星发展,A股,..\data\a_share\600367.SH.csv
300505.SZ,川金诺,A股,..\data\a_share\300505.SZ.csv
605016.SH,百龙创园,A股,..\data\a_share\605016.SH.csv
002975.SZ,博杰股份,A股,..\data\a_share\002975.SZ.csv
000028.SZ,国药一致,A股,..\data\a_share\000028.SZ.csv
300698.SZ,万马科技,A股,..\data\a_share\300698.SZ.csv
300380.SZ,安硕信息,A股,..\data\a_share\300380.SZ.csv
601318.SH,中国平安,A股,..\data\a_share\601318.SH.csv
688399.SH,硕世生物,A股,..\data\a_share\688399.SH.csv
688091.SH,上海谊众,A股,..\data\a_share\688091.SH.csv
600600.SH,青岛啤酒,A股,..\data\a_share\600600.SH.csv
301203.SZ,国泰环保,A股,..\data\a_share\301203.SZ.csv
301236.SZ,软通动力,A股,..\data\a_share\301236.SZ.csv
601100.SH,恒立液压,A股,..\data\a_share\601100.SH.csv
688798.SH,艾为电子,A股,..\data\a_share\688798.SH.csv
688696.SH,极米科技,A股,..\data\a_share\688696.SH.csv
301571.SZ,国科天成,A股,..\data\a_share\301571.SZ.csv
002958.SZ,青农商行,A股,..\data\a_share\002958.SZ.csv
600868.SH,梅雁吉祥,A股,..\data\a_share\600868.SH.csv
300086.SZ,康芝药业,A股,..\data\a_share\300086.SZ.csv
002689.SZ,ST远智,A股,..\data\a_share\002689.SZ.csv
300072.SZ,海新能科,A股,..\data\a_share\300072.SZ.csv
300420.SZ,五洋自控,A股,..\data\a_share\300420.SZ.csv
920284.SH,灵鸽科技,A股,..\data\a_share\920284.SH.csv
002774.SZ,快意电梯,A股,..\data\a_share\002774.SZ.csv
603377.SH,ST东时,A股,..\data\a_share\603377.SH.csv
000607.SZ,华媒控股,A股,..\data\a_share\000607.SZ.csv
000619.SZ,海螺新材,A股,..\data\a_share\000619.SZ.csv
920184.SH,国源科技,A股,..\data\a_share\920184.SH.csv
002818.SZ,富森美,A股,..\data\a_share\002818.SZ.csv
600980.SH,北矿科技,A股,..\data\a_share\600980.SH.csv
603879.SH,永悦科技,A股,..\data\a_share\603879.SH.csv
603928.SH,兴业股份,A股,..\data\a_share\603928.SH.csv
600273.SH,嘉化能源,A股,..\data\a_share\600273.SH.csv
601005.SH,重庆钢铁,A股,..\data\a_share\601005.SH.csv
000563.SZ,陕国投Ａ,A股,..\data\a_share\000563.SZ.csv
601169.SH,北京银行,A股,..\data\a_share\601169.SH.csv
600997.SH,开滦股份,A股,..\data\a_share\600997.SH.csv
603421.SH,鼎信通讯,A股,..\data\a_share\603421.SH.csv
002811.SZ,郑中设计,A股,..\data\a_share\002811.SZ.csv
002840.SZ,华统股份,A股,..\data\a_share\002840.SZ.csv
601068.SH,中铝国际,A股,..\data\a_share\601068.SH.csv
600022.SH,山东钢铁,A股,..\data\a_share\600022.SH.csv
603002.SH,宏昌电子,A股,..\data\a_share\603002.SH.csv
601949.SH,中国出版,A股,..\data\a_share\601949.SH.csv
920662.SH,方盛股份,A股,..\data\a_share\920662.SH.csv
300026.SZ,红日药业,A股,..\data\a_share\300026.SZ.csv
603707.SH,健友股份,A股,..\data\a_share\603707.SH.csv
300010.SZ,ST豆神,A股,..\data\a_share\300010.SZ.csv
600252.SH,中恒集团,A股,..\data\a_share\600252.SH.csv
000059.SZ,华锦股份,A股,..\data\a_share\000059.SZ.csv
000552.SZ,甘肃能化,A股,..\data\a_share\000552.SZ.csv
601089.SH,福元医药,A股,..\data\a_share\601089.SH.csv
601333.SH,广深铁路,A股,..\data\a_share\601333.SH.csv
300951.SZ,博硕科技,A股,..\data\a_share\300951.SZ.csv
002573.SZ,清新环境,A股,..\data\a_share\002573.SZ.csv
002578.SZ,闽发铝业,A股,..\data\a_share\002578.SZ.csv
002591.SZ,恒大高新,A股,..\data\a_share\002591.SZ.csv
600325.SH,华发股份,A股,..\data\a_share\600325.SH.csv
688009.SH,中国通号,A股,..\data\a_share\688009.SH.csv
300389.SZ,艾比森,A股,..\data\a_share\300389.SZ.csv
000731.SZ,四川美丰,A股,..\data\a_share\000731.SZ.csv
600863.SH,华能蒙电,A股,..\data\a_share\600863.SH.csv
600787.SH,中储股份,A股,..\data\a_share\600787.SH.csv
601375.SH,中原证券,A股,..\data\a_share\601375.SH.csv
301006.SZ,迈拓股份,A股,..\data\a_share\301006.SZ.csv
000883.SZ,湖北能源,A股,..\data\a_share\000883.SZ.csv
600815.SH,厦工股份,A股,..\data\a_share\600815.SH.csv
603323.SH,苏农银行,A股,..\data\a_share\603323.SH.csv
000789.SZ,万年青,A股,..\data\a_share\000789.SZ.csv
600293.SH,三峡新材,A股,..\data\a_share\600293.SH.csv
000779.SZ,甘咨询,A股,..\data\a_share\000779.SZ.csv
000698.SZ,ST沈化,A股,..\data\a_share\000698.SZ.csv
600305.SH,恒顺醋业,A股,..\data\a_share\600305.SH.csv
002641.SZ,公元股份,A股,..\data\a_share\002641.SZ.csv
002635.SZ,安洁科技,A股,..\data\a_share\002635.SZ.csv
002632.SZ,道明光学,A股,..\data\a_share\002632.SZ.csv
300931.SZ,通用电梯,A股,..\data\a_share\300931.SZ.csv
601818.SH,光大银行,A股,..\data\a_share\601818.SH.csv
601816.SH,京沪高铁,A股,..\data\a_share\601816.SH.csv
300404.SZ,博济医药,A股,..\data\a_share\300404.SZ.csv
000709.SZ,河钢股份,A股,..\data\a_share\000709.SZ.csv
301376.SZ,致欧科技,A股,..\data\a_share\301376.SZ.csv
603237.SH,五芳斋,A股,..\data\a_share\603237.SH.csv
002349.SZ,精华制药,A股,..\data\a_share\002349.SZ.csv
601528.SH,瑞丰银行,A股,..\data\a_share\601528.SH.csv
002385.SZ,大北农,A股,..\data\a_share\002385.SZ.csv
002390.SZ,信邦制药,A股,..\data\a_share\002390.SZ.csv
300634.SZ,彩讯股份,A股,..\data\a_share\300634.SZ.csv
300621.SZ,维业股份,A股,..\data\a_share\300621.SZ.csv
000898.SZ,鞍钢股份,A股,..\data\a_share\000898.SZ.csv
000910.SZ,大亚圣象,A股,..\data\a_share\000910.SZ.csv
688121.SH,卓然股份,A股,..\data\a_share\688121.SH.csv
688729.SH,屹唐股份,A股,..\data\a_share\688729.SH.csv
600380.SH,健康元,A股,..\data\a_share\600380.SH.csv
002500.SZ,山西证券,A股,..\data\a_share\002500.SZ.csv
300152.SZ,*ST动力,A股,..\data\a_share\300152.SZ.csv
600383.SH,金地集团,A股,..\data\a_share\600383.SH.csv
301168.SZ,通灵股份,A股,..\data\a_share\301168.SZ.csv
600582.SH,天地科技,A股,..\data\a_share\600582.SH.csv
002212.SZ,天融信,A股,..\data\a_share\002212.SZ.csv
601618.SH,中国中冶,A股,..\data\a_share\601618.SH.csv
601668.SH,中国建筑,A股,..\data\a_share\601668.SH.csv
300319.SZ,麦捷科技,A股,..\data\a_share\300319.SZ.csv
002328.SZ,新朋股份,A股,..\data\a_share\002328.SZ.csv
000981.SZ,山子高科,A股,..\data\a_share\000981.SZ.csv
600630.SH,龙头股份,A股,..\data\a_share\600630.SH.csv
002255.SZ,海陆重工,A股,..\data\a_share\002255.SZ.csv
600617.SH,国新能源,A股,..\data\a_share\600617.SH.csv
002234.SZ,民和股份,A股,..\data\a_share\002234.SZ.csv
688287.SH,*ST观典,A股,..\data\a_share\688287.SH.csv
688193.SH,仁度生物,A股,..\data\a_share\688193.SH.csv
600633.SH,浙数文化,A股,..\data\a_share\600633.SH.csv
688668.SH,鼎通科技,A股,..\data\a_share\688668.SH.csv
600506.SH,统一股份,A股,..\data\a_share\600506.SH.csv
600535.SH,天士力,A股,..\data\a_share\600535.SH.csv
002135.SZ,东南网架,A股,..\data\a_share\002135.SZ.csv
600548.SH,深高速,A股,..\data\a_share\600548.SH.csv
002141.SZ,贤丰控股,A股,..\data\a_share\002141.SZ.csv
002151.SZ,北斗星通,A股,..\data\a_share\002151.SZ.csv
300317.SZ,珈伟新能,A股,..\data\a_share\300317.SZ.csv
001227.SZ,兰州银行,A股,..\data\a_share\001227.SZ.csv
688582.SH,芯动联科,A股,..\data\a_share\688582.SH.csv
600483.SH,福能股份,A股,..\data\a_share\600483.SH.csv
301257.SZ,普蕊斯,A股,..\data\a_share\301257.SZ.csv
300291.SZ,百纳千成,A股,..\data\a_share\300291.SZ.csv
002061.SZ,浙江交科,A股,..\data\a_share\002061.SZ.csv
300298.SZ,三诺生物,A股,..\data\a_share\300298.SZ.csv
301277.SZ,新天地,A股,..\data\a_share\301277.SZ.csv
001965.SZ,招商公路,A股,..\data\a_share\001965.SZ.csv
002019.SZ,亿帆医药,A股,..\data\a_share\002019.SZ.csv
002024.SZ,ST易购,A股,..\data\a_share\002024.SZ.csv
300595.SZ,欧普康视,A股,..\data\a_share\300595.SZ.csv
300284.SZ,苏交科,A股,..\data\a_share\300284.SZ.csv
002033.SZ,丽江股份,A股,..\data\a_share\002033.SZ.csv
603589.SH,口子窖,A股,..\data\a_share\603589.SH.csv
600136.SH,ST明诚,A股,..\data\a_share\600136.SH.csv
600114.SH,东睦股份,A股,..\data\a_share\600114.SH.csv
600016.SH,民生银行,A股,..\data\a_share\600016.SH.csv
003015.SZ,日久光电,A股,..\data\a_share\003015.SZ.csv
000089.SZ,深圳机场,A股,..\data\a_share\000089.SZ.csv
600188.SH,兖矿能源,A股,..\data\a_share\600188.SH.csv
600073.SH,光明肉业,A股,..\data\a_share\600073.SH.csv
600183.SH,生益科技,A股,..\data\a_share\600183.SH.csv
600170.SH,上海建工,A股,..\data\a_share\600170.SH.csv
600169.SH,ST太重,A股,..\data\a_share\600169.SH.csv
688122.SH,西部超导,A股,..\data\a_share\688122.SH.csv
600436.SH,片仔癀,A股,..\data\a_share\600436.SH.csv
301281.SZ,科源制药,A股,..\data\a_share\301281.SZ.csv
300679.SZ,电连技术,A股,..\data\a_share\300679.SZ.csv
600938.SH,中国海油,A股,..\data\a_share\600938.SH.csv
001255.SZ,博菲电气,A股,..\data\a_share\001255.SZ.csv
688398.SH,赛特新材,A股,..\data\a_share\688398.SH.csv
600036.SH,招商银行,A股,..\data\a_share\600036.SH.csv
300853.SZ,申昊科技,A股,..\data\a_share\300853.SZ.csv
301356.SZ,天振股份,A股,..\data\a_share\301356.SZ.csv
600887.SH,伊利股份,A股,..\data\a_share\600887.SH.csv
301379.SZ,天山电子,A股,..\data\a_share\301379.SZ.csv
605255.SH,天普股份,A股,..\data\a_share\605255.SH.csv
605118.SH,力鼎光电,A股,..\data\a_share\605118.SH.csv
603899.SH,晨光股份,A股,..\data\a_share\603899.SH.csv
603955.SH,大千生态,A股,..\data\a_share\603955.SH.csv
301169.SZ,零点有数,A股,..\data\a_share\301169.SZ.csv
603050.SH,科林电气,A股,..\data\a_share\603050.SH.csv
002833.SZ,弘亚数控,A股,..\data\a_share\002833.SZ.csv
688466.SH,金科环境,A股,..\data\a_share\688466.SH.csv
002342.SZ,巨力索具,A股,..\data\a_share\002342.SZ.csv
603178.SH,圣龙股份,A股,..\data\a_share\603178.SH.csv
300743.SZ,天地数码,A股,..\data\a_share\300743.SZ.csv
300685.SZ,艾德生物,A股,..\data\a_share\300685.SZ.csv
920641.SH,格利尔,A股,..\data\a_share\920641.SH.csv
002876.SZ,三利谱,A股,..\data\a_share\002876.SZ.csv
603367.SH,辰欣药业,A股,..\data\a_share\603367.SH.csv
600685.SH,中船防务,A股,..\data\a_share\600685.SH.csv
300710.SZ,万隆光电,A股,..\data\a_share\300710.SZ.csv
688273.SH,麦澜德,A股,..\data\a_share\688273.SH.csv
600753.SH,*ST海钦,A股,..\data\a_share\600753.SH.csv
300758.SZ,七彩化学,A股,..\data\a_share\300758.SZ.csv
301029.SZ,怡合达,A股,..\data\a_share\301029.SZ.csv
300614.SZ,百川畅银,A股,..\data\a_share\300614.SZ.csv
001338.SZ,永顺泰,A股,..\data\a_share\001338.SZ.csv
601808.SH,中海油服,A股,..\data\a_share\601808.SH.csv
001238.SZ,浙江正特,A股,..\data\a_share\001238.SZ.csv
688608.SH,恒玄科技,A股,..\data\a_share\688608.SH.csv
002531.SZ,天顺风能,A股,..\data\a_share\002531.SZ.csv
301069.SZ,凯盛新材,A股,..\data\a_share\301069.SZ.csv
300850.SZ,新强联,A股,..\data\a_share\300850.SZ.csv
002983.SZ,芯瑞达,A股,..\data\a_share\002983.SZ.csv
000590.SZ,古汉医药,A股,..\data\a_share\000590.SZ.csv
688082.SH,盛美上海,A股,..\data\a_share\688082.SH.csv
300805.SZ,电声股份,A股,..\data\a_share\300805.SZ.csv
601456.SH,国联民生,A股,..\data\a_share\601456.SH.csv
001324.SZ,长青科技,A股,..\data\a_share\001324.SZ.csv
002668.SZ,TCL智家,A股,..\data\a_share\002668.SZ.csv
603100.SH,川仪股份,A股,..\data\a_share\603100.SH.csv
601166.SH,兴业银行,A股,..\data\a_share\601166.SH.csv
688683.SH,莱尔科技,A股,..\data\a_share\688683.SH.csv
300132.SZ,青松股份,A股,..\data\a_share\300132.SZ.csv
601717.SH,中创智领,A股,..\data\a_share\601717.SH.csv
603508.SH,思维列控,A股,..\data\a_share\603508.SH.csv
000819.SZ,岳阳兴长,A股,..\data\a_share\000819.SZ.csv
920478.SH,峆一药业,A股,..\data\a_share\920478.SH.csv
000963.SZ,华东医药,A股,..\data\a_share\000963.SZ.csv
300675.SZ,建科院,A股,..\data\a_share\300675.SZ.csv
920526.SH,凯华材料,A股,..\data\a_share\920526.SH.csv
600258.SH,首旅酒店,A股,..\data\a_share\600258.SH.csv
000936.SZ,华西股份,A股,..\data\a_share\000936.SZ.csv
300448.SZ,浩云科技,A股,..\data\a_share\300448.SZ.csv
002221.SZ,东华能源,A股,..\data\a_share\002221.SZ.csv
688316.SH,青云科技-U,A股,..\data\a_share\688316.SH.csv
601595.SH,上海电影,A股,..\data\a_share\601595.SH.csv
600346.SH,恒力石化,A股,..\data\a_share\600346.SH.csv
300762.SZ,上海瀚讯,A股,..\data\a_share\300762.SZ.csv
000881.SZ,中广核技,A股,..\data\a_share\000881.SZ.csv
000758.SZ,中色股份,A股,..\data\a_share\000758.SZ.csv
600011.SH,华能国际,A股,..\data\a_share\600011.SH.csv
688175.SH,高凌信息,A股,..\data\a_share\688175.SH.csv
688469.SH,芯联集成-U,A股,..\data\a_share\688469.SH.csv
000027.SZ,深圳能源,A股,..\data\a_share\000027.SZ.csv
002230.SZ,科大讯飞,A股,..\data\a_share\002230.SZ.csv
000885.SZ,城发环境,A股,..\data\a_share\000885.SZ.csv
002673.SZ,西部证券,A股,..\data\a_share\002673.SZ.csv
688787.SH,海天瑞声,A股,..\data\a_share\688787.SH.csv
300935.SZ,盈建科,A股,..\data\a_share\300935.SZ.csv
000875.SZ,电投绿能,A股,..\data\a_share\000875.SZ.csv
600819.SH,耀皮玻璃,A股,..\data\a_share\600819.SH.csv
603111.SH,康尼机电,A股,..\data\a_share\603111.SH.csv
688695.SH,中创股份,A股,..\data\a_share\688695.SH.csv
002493.SZ,荣盛石化,A股,..\data\a_share\002493.SZ.csv
001218.SZ,丽臣实业,A股,..\data\a_share\001218.SZ.csv
300229.SZ,拓尔思,A股,..\data\a_share\300229.SZ.csv
601186.SH,中国铁建,A股,..\data\a_share\601186.SH.csv
688596.SH,正帆科技,A股,..\data\a_share\688596.SH.csv
600061.SH,国投资本,A股,..\data\a_share\600061.SH.csv
000598.SZ,兴蓉环境,A股,..\data\a_share\000598.SZ.csv
603300.SH,海南华铁,A股,..\data\a_share\603300.SH.csv
300006.SZ,莱美药业,A股,..\data\a_share\300006.SZ.csv
300765.SZ,新诺威,A股,..\data\a_share\300765.SZ.csv
603638.SH,艾迪精密,A股,..\data\a_share\603638.SH.csv
603177.SH,德创环保,A股,..\data\a_share\603177.SH.csv
300514.SZ,友讯达,A股,..\data\a_share\300514.SZ.csv
300910.SZ,瑞丰新材,A股,..\data\a_share\300910.SZ.csv
600966.SH,博汇纸业,A股,..\data\a_share\600966.SH.csv
600583.SH,海油工程,A股,..\data\a_share\600583.SH.csv
688663.SH,新风光,A股,..\data\a_share\688663.SH.csv
603221.SH,爱丽家居,A股,..\data\a_share\603221.SH.csv
600982.SH,宁波能源,A股,..\data\a_share\600982.SH.csv
600155.SH,华创云信,A股,..\data\a_share\600155.SH.csv
300249.SZ,依米康,A股,..\data\a_share\300249.SZ.csv
688233.SH,神工股份,A股,..\data\a_share\688233.SH.csv
300047.SZ,天源迪科,A股,..\data\a_share\300047.SZ.csv
603130.SH,云中马,A股,..\data\a_share\603130.SH.csv
600739.SH,辽宁成大,A股,..\data\a_share\600739.SH.csv
300158.SZ,振东制药,A股,..\data\a_share\300158.SZ.csv
601997.SH,贵阳银行,A股,..\data\a_share\601997.SH.csv
920547.SH,无锡晶海,A股,..\data\a_share\920547.SH.csv
002010.SZ,传化智联,A股,..\data\a_share\002010.SZ.csv
002184.SZ,海得控制,A股,..\data\a_share\002184.SZ.csv
300804.SZ,广康生化,A股,..\data\a_share\300804.SZ.csv
300857.SZ,协创数据,A股,..\data\a_share\300857.SZ.csv
301588.SZ,美新科技,A股,..\data\a_share\301588.SZ.csv
002035.SZ,华帝股份,A股,..\data\a_share\002035.SZ.csv
603619.SH,中曼石油,A股,..\data\a_share\603619.SH.csv
002577.SZ,雷柏科技,A股,..\data\a_share\002577.SZ.csv
600900.SH,长江电力,A股,..\data\a_share\600900.SH.csv
601686.SH,友发集团,A股,..\data\a_share\601686.SH.csv
600909.SH,华安证券,A股,..\data\a_share\600909.SH.csv
601777.SH,千里科技,A股,..\data\a_share\601777.SH.csv
688648.SH,中邮科技,A股,..\data\a_share\688648.SH.csv
601988.SH,中国银行,A股,..\data\a_share\601988.SH.csv
002271.SZ,东方雨虹,A股,..\data\a_share\002271.SZ.csv
002793.SZ,罗欣药业,A股,..\data\a_share\002793.SZ.csv
002298.SZ,中电鑫龙,A股,..\data\a_share\002298.SZ.csv
002440.SZ,闰土股份,A股,..\data\a_share\002440.SZ.csv
000692.SZ,惠天热电,A股,..\data\a_share\000692.SZ.csv
605588.SH,冠石科技,A股,..\data\a_share\605588.SH.csv
600390.SH,五矿资本,A股,..\data\a_share\600390.SH.csv
300888.SZ,稳健医疗,A股,..\data\a_share\300888.SZ.csv
002372.SZ,伟星新材,A股,..\data\a_share\002372.SZ.csv
600375.SH,汉马科技,A股,..\data\a_share\600375.SH.csv
301317.SZ,鑫磊股份,A股,..\data\a_share\301317.SZ.csv
920207.SH,众诚科技,A股,..\data\a_share\920207.SH.csv
300473.SZ,德尔股份,A股,..\data\a_share\300473.SZ.csv
600993.SH,马应龙,A股,..\data\a_share\600993.SH.csv
000589.SZ,贵州轮胎,A股,..\data\a_share\000589.SZ.csv
600795.SH,国电电力,A股,..\data\a_share\600795.SH.csv
000665.SZ,湖北广电,A股,..\data\a_share\000665.SZ.csv
300981.SZ,中红医疗,A股,..\data\a_share\300981.SZ.csv
002313.SZ,日海智能,A股,..\data\a_share\002313.SZ.csv
300145.SZ,南方泵业,A股,..\data\a_share\300145.SZ.csv
600674.SH,川投能源,A股,..\data\a_share\600674.SH.csv
600655.SH,豫园股份,A股,..\data\a_share\600655.SH.csv
603866.SH,桃李面包,A股,..\data\a_share\603866.SH.csv
300425.SZ,中建环能,A股,..\data\a_share\300425.SZ.csv
601658.SH,邮储银行,A股,..\data\a_share\601658.SH.csv
600998.SH,九州通,A股,..\data\a_share\600998.SH.csv
600153.SH,建发股份,A股,..\data\a_share\600153.SH.csv
688400.SH,凌云光,A股,..\data\a_share\688400.SH.csv
605389.SH,长龄液压,A股,..\data\a_share\605389.SH.csv
920779.SH,武汉蓝电,A股,..\data\a_share\920779.SH.csv
601939.SH,建设银行,A股,..\data\a_share\601939.SH.csv
002739.SZ,儒意电影,A股,..\data\a_share\002739.SZ.csv
600717.SH,天津港,A股,..\data\a_share\600717.SH.csv
600642.SH,申能股份,A股,..\data\a_share\600642.SH.csv
920375.SH,派诺科技,A股,..\data\a_share\920375.SH.csv
920402.SH,硅烷科技,A股,..\data\a_share\920402.SH.csv
000166.SZ,申万宏源,A股,..\data\a_share\000166.SZ.csv
300170.SZ,汉得信息,A股,..\data\a_share\300170.SZ.csv
600000.SH,浦发银行,A股,..\data\a_share\600000.SH.csv
002959.SZ,小熊电器,A股,..\data\a_share\002959.SZ.csv
002807.SZ,江阴银行,A股,..\data\a_share\002807.SZ.csv
002783.SZ,凯龙股份,A股,..\data\a_share\002783.SZ.csv
603070.SH,万控智造,A股,..\data\a_share\603070.SH.csv
300982.SZ,苏文电能,A股,..\data\a_share\300982.SZ.csv
300641.SZ,正丹股份,A股,..\data\a_share\300641.SZ.csv
920017.SH,星昊医药,A股,..\data\a_share\920017.SH.csv
601229.SH,上海银行,A股,..\data\a_share\601229.SH.csv
301607.SZ,富特科技,A股,..\data\a_share\301607.SZ.csv
300748.SZ,金力永磁,A股,..\data\a_share\300748.SZ.csv
603444.SH,吉比特,A股,..\data\a_share\603444.SH.csv
002318.SZ,久立特材,A股,..\data\a_share\002318.SZ.csv
600690.SH,海尔智家,A股,..\data\a_share\600690.SH.csv
002233.SZ,塔牌集团,A股,..\data\a_share\002233.SZ.csv
301171.SZ,易点天下,A股,..\data\a_share\301171.SZ.csv
603227.SH,雪峰科技,A股,..\data\a_share\603227.SH.csv
000999.SZ,华润三九,A股,..\data\a_share\000999.SZ.csv
600792.SH,云煤能源,A股,..\data\a_share\600792.SH.csv
300933.SZ,中辰股份,A股,..\data\a_share\300933.SZ.csv
601998.SH,中信银行,A股,..\data\a_share\601998.SH.csv
002511.SZ,中顺洁柔,A股,..\data\a_share\002511.SZ.csv
688755.SH,汉邦科技,A股,..\data\a_share\688755.SH.csv
300179.SZ,四方达,A股,..\data\a_share\300179.SZ.csv
000900.SZ,现代投资,A股,..\data\a_share\000900.SZ.csv
301161.SZ,唯万密封,A股,..\data\a_share\301161.SZ.csv
002837.SZ,英维克,A股,..\data\a_share\002837.SZ.csv
002851.SZ,麦格米特,A股,..\data\a_share\002851.SZ.csv
002871.SZ,伟隆股份,A股,..\data\a_share\002871.SZ.csv
002960.SZ,青鸟智控,A股,..\data\a_share\002960.SZ.csv
002973.SZ,侨银股份,A股,..\data\a_share\002973.SZ.csv
000750.SZ,国海证券,A股,..\data\a_share\000750.SZ.csv
688088.SH,虹软科技,A股,..\data\a_share\688088.SH.csv
301306.SZ,西测测试,A股,..\data\a_share\301306.SZ.csv
601633.SH,长城汽车,A股,..\data\a_share\601633.SH.csv
601727.SH,上海电气,A股,..\data\a_share\601727.SH.csv
600971.SH,恒源煤电,A股,..\data\a_share\600971.SH.csv
002617.SZ,露笑科技,A股,..\data\a_share\002617.SZ.csv
300633.SZ,开立医疗,A股,..\data\a_share\300633.SZ.csv
920725.SH,惠丰钻石,A股,..\data\a_share\920725.SH.csv
300797.SZ,钢研纳克,A股,..\data\a_share\300797.SZ.csv
000012.SZ,南  玻Ａ,A股,..\data\a_share\000012.SZ.csv
920099.SH,瑞华技术,A股,..\data\a_share\920099.SH.csv
301216.SZ,万凯新材,A股,..\data\a_share\301216.SZ.csv
002366.SZ,融发核电,A股,..\data\a_share\002366.SZ.csv
920239.SH,长虹能源,A股,..\data\a_share\920239.SH.csv
600009.SH,上海机场,A股,..\data\a_share\600009.SH.csv
600808.SH,马钢股份,A股,..\data\a_share\600808.SH.csv
688036.SH,传音控股,A股,..\data\a_share\688036.SH.csv
300640.SZ,德艺文创,A股,..\data\a_share\300640.SZ.csv
300979.SZ,华利集团,A股,..\data\a_share\300979.SZ.csv
920061.SH,西磁科技,A股,..\data\a_share\920061.SH.csv
920018.SH,宏远股份,A股,..\data\a_share\920018.SH.csv
300670.SZ,大烨智能,A股,..\data\a_share\300670.SZ.csv
300620.SZ,光库科技,A股,..\data\a_share\300620.SZ.csv
601236.SH,红塔证券,A股,..\data\a_share\601236.SH.csv
603516.SH,淳中科技,A股,..\data\a_share\603516.SH.csv
300231.SZ,银信科技,A股,..\data\a_share\300231.SZ.csv
301418.SZ,协昌科技,A股,..\data\a_share\301418.SZ.csv
002550.SZ,千红制药,A股,..\data\a_share\002550.SZ.csv
002469.SZ,三维化学,A股,..\data\a_share\002469.SZ.csv
600300.SH,维维股份,A股,..\data\a_share\600300.SH.csv
601901.SH,方正证券,A股,..\data\a_share\601901.SH.csv
920471.SH,美邦科技,A股,..\data\a_share\920471.SH.csv
002941.SZ,新疆交建,A股,..\data\a_share\002941.SZ.csv
001287.SZ,中电港,A股,..\data\a_share\001287.SZ.csv
601919.SH,中远海控,A股,..\data\a_share\601919.SH.csv
300316.SZ,晶盛机电,A股,..\data\a_share\300316.SZ.csv
688021.SH,奥福科技,A股,..\data\a_share\688021.SH.csv
603605.SH,珀莱雅,A股,..\data\a_share\603605.SH.csv
300335.SZ,迪森股份,A股,..\data\a_share\300335.SZ.csv
601609.SH,金田股份,A股,..\data\a_share\601609.SH.csv
002423.SZ,中粮资本,A股,..\data\a_share\002423.SZ.csv
603609.SH,禾丰股份,A股,..\data\a_share\603609.SH.csv
002077.SZ,大港股份,A股,..\data\a_share\002077.SZ.csv
600552.SH,凯盛科技,A股,..\data\a_share\600552.SH.csv
002063.SZ,远光软件,A股,..\data\a_share\002063.SZ.csv
688352.SH,颀中科技,A股,..\data\a_share\688352.SH.csv
002858.SZ,力盛体育,A股,..\data\a_share\002858.SZ.csv
603000.SH,人民网,A股,..\data\a_share\603000.SH.csv
688758.SH,赛分科技,A股,..\data\a_share\688758.SH.csv
002386.SZ,天原股份,A股,..\data\a_share\002386.SZ.csv
601311.SH,骆驼股份,A股,..\data\a_share\601311.SH.csv
300136.SZ,信维通信,A股,..\data\a_share\300136.SZ.csv
688202.SH,美迪西,A股,..\data\a_share\688202.SH.csv
300726.SZ,宏达电子,A股,..\data\a_share\300726.SZ.csv
600420.SH,国药现代,A股,..\data\a_share\600420.SH.csv
300440.SZ,运达科技,A股,..\data\a_share\300440.SZ.csv
301215.SZ,中汽股份,A股,..\data\a_share\301215.SZ.csv
601952.SH,苏垦农发,A股,..\data\a_share\601952.SH.csv
300783.SZ,三只松鼠,A股,..\data\a_share\300783.SZ.csv
300585.SZ,奥联电子,A股,..\data\a_share\300585.SZ.csv
601995.SH,中金公司,A股,..\data\a_share\601995.SH.csv
300528.SZ,幸福蓝海,A股,..\data\a_share\300528.SZ.csv
600691.SH,潞化科技,A股,..\data\a_share\600691.SH.csv
600556.SH,天下秀,A股,..\data\a_share\600556.SH.csv
000617.SZ,中油资本,A股,..\data\a_share\000617.SZ.csv
002721.SZ,金一文化,A股,..\data\a_share\002721.SZ.csv
301270.SZ,汉仪股份,A股,..\data\a_share\301270.SZ.csv
601838.SH,成都银行,A股,..\data\a_share\601838.SH.csv
002456.SZ,欧菲光,A股,..\data\a_share\002456.SZ.csv
002847.SZ,盐津铺子,A股,..\data\a_share\002847.SZ.csv
600230.SH,沧州大化,A股,..\data\a_share\600230.SH.csv
002421.SZ,达实智能,A股,..\data\a_share\002421.SZ.csv
600918.SH,中泰证券,A股,..\data\a_share\600918.SH.csv
600729.SH,重庆百货,A股,..\data\a_share\600729.SH.csv
300376.SZ,易事特,A股,..\data\a_share\300376.SZ.csv
601916.SH,浙商银行,A股,..\data\a_share\601916.SH.csv
002486.SZ,嘉麟杰,A股,..\data\a_share\002486.SZ.csv
603077.SH,和邦生物,A股,..\data\a_share\603077.SH.csv
600872.SH,中炬高新,A股,..\data\a_share\600872.SH.csv
600820.SH,隧道股份,A股,..\data\a_share\600820.SH.csv
002616.SZ,长青集团,A股,..\data\a_share\002616.SZ.csv
300377.SZ,赢时胜,A股,..\data\a_share\300377.SZ.csv
300134.SZ,大富科技,A股,..\data\a_share\300134.SZ.csv
601600.SH,中国铝业,A股,..\data\a_share\601600.SH.csv
300215.SZ,电科院,A股,..\data\a_share\300215.SZ.csv
002247.SZ,聚力文化,A股,..\data\a_share\002247.SZ.csv
688219.SH,会通股份,A股,..\data\a_share\688219.SH.csv
002122.SZ,ST汇洲,A股,..\data\a_share\002122.SZ.csv
001339.SZ,智微智能,A股,..\data\a_share\001339.SZ.csv
002926.SZ,华西证券,A股,..\data\a_share\002926.SZ.csv
300483.SZ,首华燃气,A股,..\data\a_share\300483.SZ.csv
601607.SH,上海医药,A股,..\data\a_share\601607.SH.csv
601628.SH,中国人寿,A股,..\data\a_share\601628.SH.csv
600621.SH,华鑫股份,A股,..\data\a_share\600621.SH.csv
002631.SZ,德尔未来,A股,..\data\a_share\002631.SZ.csv
300771.SZ,智莱科技,A股,..\data\a_share\300771.SZ.csv
301397.SZ,溯联股份,A股,..\data\a_share\301397.SZ.csv
600757.SH,长江传媒,A股,..\data\a_share\600757.SH.csv
688577.SH,浙海德曼,A股,..\data\a_share\688577.SH.csv
600360.SH,*ST华微,A股,..\data\a_share\600360.SH.csv
688170.SH,德龙激光,A股,..\data\a_share\688170.SH.csv
002521.SZ,齐峰新材,A股,..\data\a_share\002521.SZ.csv
603559.SH,ST通脉,A股,..\data\a_share\603559.SH.csv
301269.SZ,华大九天,A股,..\data\a_share\301269.SZ.csv
600505.SH,西昌电力,A股,..\data\a_share\600505.SH.csv
600612.SH,老凤祥,A股,..\data\a_share\600612.SH.csv
603201.SH,常润股份,A股,..\data\a_share\603201.SH.csv
301071.SZ,力量钻石,A股,..\data\a_share\301071.SZ.csv
601200.SH,上海环境,A股,..\data\a_share\601200.SH.csv
603416.SH,信捷电气,A股,..\data\a_share\603416.SH.csv
601827.SH,三峰环境,A股,..\data\a_share\601827.SH.csv
300085.SZ,银之杰,A股,..\data\a_share\300085.SZ.csv
920045.SH,蘅东光,A股,..\data\a_share\920045.SH.csv
601860.SH,紫金银行,A股,..\data\a_share\601860.SH.csv
600886.SH,国投电力,A股,..\data\a_share\600886.SH.csv
603391.SH,力聚热能,A股,..\data\a_share\603391.SH.csv
002588.SZ,史丹利,A股,..\data\a_share\002588.SZ.csv
600750.SH,华润江中,A股,..\data\a_share\600750.SH.csv
002957.SZ,科瑞技术,A股,..\data\a_share\002957.SZ.csv
002938.SZ,鹏鼎控股,A股,..\data\a_share\002938.SZ.csv
600238.SH,*ST椰岛,A股,..\data\a_share\600238.SH.csv
300062.SZ,中能电气,A股,..\data\a_share\300062.SZ.csv
002267.SZ,陕天然气,A股,..\data\a_share\002267.SZ.csv
300531.SZ,优博讯,A股,..\data\a_share\300531.SZ.csv
301519.SZ,舜禹股份,A股,..\data\a_share\301519.SZ.csv
601198.SH,东兴证券,A股,..\data\a_share\601198.SH.csv
688029.SH,南微医学,A股,..\data\a_share\688029.SH.csv
002568.SZ,百润股份,A股,..\data\a_share\002568.SZ.csv
000712.SZ,锦龙股份,A股,..\data\a_share\000712.SZ.csv
601390.SH,中国中铁,A股,..\data\a_share\601390.SH.csv
688631.SH,莱斯信息,A股,..\data\a_share\688631.SH.csv
600021.SH,上海电力,A股,..\data\a_share\600021.SH.csv
920263.SH,中航泰达,A股,..\data\a_share\920263.SH.csv
688680.SH,海优新材,A股,..\data\a_share\688680.SH.csv
600056.SH,中国医药,A股,..\data\a_share\600056.SH.csv
002461.SZ,珠江啤酒,A股,..\data\a_share\002461.SZ.csv
688110.SH,东芯股份,A股,..\data\a_share\688110.SH.csv
688478.SH,晶升股份,A股,..\data\a_share\688478.SH.csv
301238.SZ,瑞泰新材,A股,..\data\a_share\301238.SZ.csv
601778.SH,晶科科技,A股,..\data\a_share\601778.SH.csv
001269.SZ,欧晶科技,A股,..\data\a_share\001269.SZ.csv
688221.SH,前沿生物-U,A股,..\data\a_share\688221.SH.csv
300198.SZ,*ST纳川,A股,..\data\a_share\300198.SZ.csv
603817.SH,海峡环保,A股,..\data\a_share\603817.SH.csv
603939.SH,益丰药房,A股,..\data\a_share\603939.SH.csv
600171.SH,上海贝岭,A股,..\data\a_share\600171.SH.csv
301231.SZ,荣信文化,A股,..\data\a_share\301231.SZ.csv
601990.SH,南京证券,A股,..\data\a_share\601990.SH.csv
002795.SZ,永和智控,A股,..\data\a_share\002795.SZ.csv
688531.SH,日联科技,A股,..\data\a_share\688531.SH.csv
603203.SH,快克智能,A股,..\data\a_share\603203.SH.csv
002625.SZ,光启技术,A股,..\data\a_share\002625.SZ.csv
603330.SH,天洋新材,A股,..\data\a_share\603330.SH.csv
603511.SH,爱慕股份,A股,..\data\a_share\603511.SH.csv
000728.SZ,国元证券,A股,..\data\a_share\000728.SZ.csv
301528.SZ,多浦乐,A股,..\data\a_share\301528.SZ.csv
688535.SH,华海诚科,A股,..\data\a_share\688535.SH.csv
600025.SH,华能水电,A股,..\data\a_share\600025.SH.csv
605208.SH,永茂泰,A股,..\data\a_share\605208.SH.csv
300647.SZ,超频三,A股,..\data\a_share\300647.SZ.csv
300203.SZ,聚光科技,A股,..\data\a_share\300203.SZ.csv
301446.SZ,福事特,A股,..\data\a_share\301446.SZ.csv
688248.SH,南网科技,A股,..\data\a_share\688248.SH.csv
603339.SH,四方科技,A股,..\data\a_share\603339.SH.csv
601360.SH,三六零,A股,..\data\a_share\601360.SH.csv
600446.SH,金证股份,A股,..\data\a_share\600446.SH.csv
300327.SZ,中颖电子,A股,..\data\a_share\300327.SZ.csv
600741.SH,华域汽车,A股,..\data\a_share\600741.SH.csv
600210.SH,紫江企业,A股,..\data\a_share\600210.SH.csv
000628.SZ,高新发展,A股,..\data\a_share\000628.SZ.csv
000025.SZ,特  力Ａ,A股,..\data\a_share\000025.SZ.csv
002594.SZ,比亚迪,A股,..\data\a_share\002594.SZ.csv
600109.SH,国金证券,A股,..\data\a_share\600109.SH.csv
002410.SZ,广联达,A股,..\data\a_share\002410.SZ.csv
002839.SZ,张家港行,A股,..\data\a_share\002839.SZ.csv
688244.SH,永信至诚,A股,..\data\a_share\688244.SH.csv
603999.SH,读者传媒,A股,..\data\a_share\603999.SH.csv
002248.SZ,华东数控,A股,..\data\a_share\002248.SZ.csv
603215.SH,比依股份,A股,..\data\a_share\603215.SH.csv
300778.SZ,新城市,A股,..\data\a_share\300778.SZ.csv
688068.SH,热景生物,A股,..\data\a_share\688068.SH.csv
002909.SZ,集泰股份,A股,..\data\a_share\002909.SZ.csv
002195.SZ,岩山科技,A股,..\data\a_share\002195.SZ.csv
603225.SH,新凤鸣,A股,..\data\a_share\603225.SH.csv
002945.SZ,华林证券,A股,..\data\a_share\002945.SZ.csv
601158.SH,重庆水务,A股,..\data\a_share\601158.SH.csv
001219.SZ,青岛食品,A股,..\data\a_share\001219.SZ.csv
300287.SZ,飞利信,A股,..\data\a_share\300287.SZ.csv
000913.SZ,钱江摩托,A股,..\data\a_share\000913.SZ.csv
688599.SH,天合光能,A股,..\data\a_share\688599.SH.csv
603160.SH,汇顶科技,A股,..\data\a_share\603160.SH.csv
300802.SZ,矩子科技,A股,..\data\a_share\300802.SZ.csv
002606.SZ,大连电瓷,A股,..\data\a_share\002606.SZ.csv
002128.SZ,电投能源,A股,..\data\a_share\002128.SZ.csv
920227.SH,美登科技,A股,..\data\a_share\920227.SH.csv
603170.SH,宝立食品,A股,..\data\a_share\603170.SH.csv
300796.SZ,贝斯美,A股,..\data\a_share\300796.SZ.csv
002558.SZ,巨人网络,A股,..\data\a_share\002558.SZ.csv
300792.SZ,壹网壹创,A股,..\data\a_share\300792.SZ.csv
000723.SZ,美锦能源,A股,..\data\a_share\000723.SZ.csv
600163.SH,中闽能源,A股,..\data\a_share\600163.SH.csv
002054.SZ,德美化工,A股,..\data\a_share\002054.SZ.csv
600231.SH,凌钢股份,A股,..\data\a_share\600231.SH.csv
002826.SZ,易明医药,A股,..\data\a_share\002826.SZ.csv
688766.SH,普冉股份,A股,..\data\a_share\688766.SH.csv
300220.SZ,金运激光,A股,..\data\a_share\300220.SZ.csv
600369.SH,西南证券,A股,..\data\a_share\600369.SH.csv
600149.SH,廊坊发展,A股,..\data\a_share\600149.SH.csv
603889.SH,新澳股份,A股,..\data\a_share\603889.SH.csv
600496.SH,精工钢构,A股,..\data\a_share\600496.SH.csv
688595.SH,芯海科技,A股,..\data\a_share\688595.SH.csv
002746.SZ,仙坛股份,A股,..\data\a_share\002746.SZ.csv
002044.SZ,美年健康,A股,..\data\a_share\002044.SZ.csv
300443.SZ,金雷股份,A股,..\data\a_share\300443.SZ.csv
002845.SZ,同兴达,A股,..\data\a_share\002845.SZ.csv
002103.SZ,广博股份,A股,..\data\a_share\002103.SZ.csv
002937.SZ,兴瑞科技,A股,..\data\a_share\002937.SZ.csv
000543.SZ,皖能电力,A股,..\data\a_share\000543.SZ.csv
688576.SH,西山科技,A股,..\data\a_share\688576.SH.csv
300182.SZ,捷成股份,A股,..\data\a_share\300182.SZ.csv
600864.SH,哈投股份,A股,..\data\a_share\600864.SH.csv
920957.SH,汉维科技,A股,..\data\a_share\920957.SH.csv
002099.SZ,海翔药业,A股,..\data\a_share\002099.SZ.csv
600425.SH,青松建化,A股,..\data\a_share\600425.SH.csv
600256.SH,广汇能源,A股,..\data\a_share\600256.SH.csv
605399.SH,晨光新材,A股,..\data\a_share\605399.SH.csv
002449.SZ,国星光电,A股,..\data\a_share\002449.SZ.csv
002838.SZ,道恩股份,A股,..\data\a_share\002838.SZ.csv
000809.SZ,和展能源,A股,..\data\a_share\000809.SZ.csv
301198.SZ,喜悦智行,A股,..\data\a_share\301198.SZ.csv
688197.SH,首药控股-U,A股,..\data\a_share\688197.SH.csv
001301.SZ,尚太科技,A股,..\data\a_share\001301.SZ.csv
600517.SH,国网英大,A股,..\data\a_share\600517.SH.csv
603858.SH,步长制药,A股,..\data\a_share\603858.SH.csv
002745.SZ,木林森,A股,..\data\a_share\002745.SZ.csv
603978.SH,深圳新星,A股,..\data\a_share\603978.SH.csv
301121.SZ,紫建电子,A股,..\data\a_share\301121.SZ.csv
002056.SZ,横店东磁,A股,..\data\a_share\002056.SZ.csv
688392.SH,骄成超声,A股,..\data\a_share\688392.SH.csv
000858.SZ,五 粮 液,A股,..\data\a_share\000858.SZ.csv
002792.SZ,通宇通讯,A股,..\data\a_share\002792.SZ.csv
300458.SZ,全志科技,A股,..\data\a_share\300458.SZ.csv
688020.SH,方邦股份,A股,..\data\a_share\688020.SH.csv
300057.SZ,万顺新材,A股,..\data\a_share\300057.SZ.csv
603113.SH,金能科技,A股,..\data\a_share\603113.SH.csv
600511.SH,国药股份,A股,..\data\a_share\600511.SH.csv
600645.SH,中源协和,A股,..\data\a_share\600645.SH.csv
605168.SH,三人行,A股,..\data\a_share\605168.SH.csv
601702.SH,华峰铝业,A股,..\data\a_share\601702.SH.csv
600516.SH,方大炭素,A股,..\data\a_share\600516.SH.csv
605300.SH,佳禾食品,A股,..\data\a_share\605300.SH.csv
601162.SH,天风证券,A股,..\data\a_share\601162.SH.csv
688455.SH,科捷智能,A股,..\data\a_share\688455.SH.csv
601059.SH,信达证券,A股,..\data\a_share\601059.SH.csv
601009.SH,南京银行,A股,..\data\a_share\601009.SH.csv
300994.SZ,久祺股份,A股,..\data\a_share\300994.SZ.csv
301139.SZ,元道通信,A股,..\data\a_share\301139.SZ.csv
002180.SZ,奔图科技,A股,..\data\a_share\002180.SZ.csv
301099.SZ,雅创电子,A股,..\data\a_share\301099.SZ.csv
600460.SH,士兰微,A股,..\data\a_share\600460.SH.csv
002393.SZ,力生制药,A股,..\data\a_share\002393.SZ.csv
688639.SH,华恒生物,A股,..\data\a_share\688639.SH.csv
600217.SH,中再资环,A股,..\data\a_share\600217.SH.csv
603086.SH,先达股份,A股,..\data\a_share\603086.SH.csv
605198.SH,安德利,A股,..\data\a_share\605198.SH.csv
300812.SZ,易天股份,A股,..\data\a_share\300812.SZ.csv
600502.SH,安徽建工,A股,..\data\a_share\600502.SH.csv
688591.SH,泰凌微,A股,..\data\a_share\688591.SH.csv
300485.SZ,赛升药业,A股,..\data\a_share\300485.SZ.csv
300610.SZ,晨化股份,A股,..\data\a_share\300610.SZ.csv
002736.SZ,国信证券,A股,..\data\a_share\002736.SZ.csv
301039.SZ,中集车辆,A股,..\data\a_share\301039.SZ.csv
603173.SH,福斯达,A股,..\data\a_share\603173.SH.csv
688065.SH,凯赛生物,A股,..\data\a_share\688065.SH.csv
300394.SZ,天孚通信,A股,..\data\a_share\300394.SZ.csv
601963.SH,重庆银行,A股,..\data\a_share\601963.SH.csv
300991.SZ,创益通,A股,..\data\a_share\300991.SZ.csv
300890.SZ,翔丰华,A股,..\data\a_share\300890.SZ.csv
002430.SZ,杭氧股份,A股,..\data\a_share\002430.SZ.csv
920592.SH,华信永道,A股,..\data\a_share\920592.SH.csv
000063.SZ,中兴通讯,A股,..\data\a_share\000063.SZ.csv
601137.SH,博威合金,A股,..\data\a_share\601137.SH.csv
000686.SZ,东北证券,A股,..\data\a_share\000686.SZ.csv
300105.SZ,龙源技术,A股,..\data\a_share\300105.SZ.csv
688548.SH,广钢气体,A股,..\data\a_share\688548.SH.csv
688265.SH,南模生物,A股,..\data\a_share\688265.SH.csv
601800.SH,中国交建,A股,..\data\a_share\601800.SH.csv
002966.SZ,苏州银行,A股,..\data\a_share\002966.SZ.csv
603733.SH,仙鹤股份,A股,..\data\a_share\603733.SH.csv
600373.SH,中文传媒,A股,..\data\a_share\600373.SH.csv
688049.SH,炬芯科技,A股,..\data\a_share\688049.SH.csv
600315.SH,上海家化,A股,..\data\a_share\600315.SH.csv
688326.SH,经纬恒润-W,A股,..\data\a_share\688326.SH.csv
600508.SH,上海能源,A股,..\data\a_share\600508.SH.csv
002508.SZ,老板电器,A股,..\data\a_share\002508.SZ.csv
601888.SH,中国中免,A股,..\data\a_share\601888.SH.csv
000056.SZ,*ST皇庭,A股,..\data\a_share\000056.SZ.csv
688512.SH,慧智微-U,A股,..\data\a_share\688512.SH.csv
600619.SH,海立股份,A股,..\data\a_share\600619.SH.csv
600847.SH,万里股份,A股,..\data\a_share\600847.SH.csv
601336.SH,新华保险,A股,..\data\a_share\601336.SH.csv
600060.SH,海信视像,A股,..\data\a_share\600060.SH.csv
301025.SZ,读客文化,A股,..\data\a_share\301025.SZ.csv
002370.SZ,亚太药业,A股,..\data\a_share\002370.SZ.csv
600735.SH,ST新华锦,A股,..\data\a_share\600735.SH.csv
600267.SH,海正药业,A股,..\data\a_share\600267.SH.csv
002300.SZ,太阳电缆,A股,..\data\a_share\002300.SZ.csv
301336.SZ,趣睡科技,A股,..\data\a_share\301336.SZ.csv
002457.SZ,青龙管业,A股,..\data\a_share\002457.SZ.csv
688575.SH,亚辉龙,A股,..\data\a_share\688575.SH.csv
301218.SZ,华是科技,A股,..\data\a_share\301218.SZ.csv
603363.SH,傲农生物,A股,..\data\a_share\603363.SH.csv
000831.SZ,中国稀土,A股,..\data\a_share\000831.SZ.csv
002468.SZ,申通快递,A股,..\data\a_share\002468.SZ.csv
002787.SZ,华源控股,A股,..\data\a_share\002787.SZ.csv
300713.SZ,英可瑞,A股,..\data\a_share\300713.SZ.csv
600999.SH,招商证券,A股,..\data\a_share\600999.SH.csv
603737.SH,三棵树,A股,..\data\a_share\603737.SH.csv
300263.SZ,隆华科技,A股,..\data\a_share\300263.SZ.csv
301222.SZ,浙江恒威,A股,..\data\a_share\301222.SZ.csv
600881.SH,亚泰集团,A股,..\data\a_share\600881.SH.csv
000001.SZ,平安银行,A股,..\data\a_share\000001.SZ.csv
688425.SH,铁建重工,A股,..\data\a_share\688425.SH.csv
002064.SZ,华峰化学,A股,..\data\a_share\002064.SZ.csv
002216.SZ,三全食品,A股,..\data\a_share\002216.SZ.csv
603191.SH,望变电气,A股,..\data\a_share\603191.SH.csv
600807.SH,济高发展,A股,..\data\a_share\600807.SH.csv
002884.SZ,凌霄泵业,A股,..\data\a_share\002884.SZ.csv
688357.SH,建龙微纳,A股,..\data\a_share\688357.SH.csv
300953.SZ,震裕科技,A股,..\data\a_share\300953.SZ.csv
002589.SZ,瑞康医药,A股,..\data\a_share\002589.SZ.csv
000966.SZ,长源电力,A股,..\data\a_share\000966.SZ.csv
002991.SZ,甘源食品,A股,..\data\a_share\002991.SZ.csv
603389.SH,*ST亚振,A股,..\data\a_share\603389.SH.csv
000623.SZ,吉林敖东,A股,..\data\a_share\000623.SZ.csv
300588.SZ,熙菱信息,A股,..\data\a_share\300588.SZ.csv
688615.SH,合合信息,A股,..\data\a_share\688615.SH.csv
601121.SH,宝地矿业,A股,..\data\a_share\601121.SH.csv
601369.SH,陕鼓动力,A股,..\data\a_share\601369.SH.csv
003013.SZ,地铁设计,A股,..\data\a_share\003013.SZ.csv
603190.SH,亚通精工,A股,..\data\a_share\603190.SH.csv
301322.SZ,绿通科技,A股,..\data\a_share\301322.SZ.csv
002797.SZ,第一创业,A股,..\data\a_share\002797.SZ.csv
603693.SH,江苏新能,A股,..\data\a_share\603693.SH.csv
300873.SZ,海晨股份,A股,..\data\a_share\300873.SZ.csv
603381.SH,永臻股份,A股,..\data\a_share\603381.SH.csv
600236.SH,桂冠电力,A股,..\data\a_share\600236.SH.csv
601136.SH,首创证券,A股,..\data\a_share\601136.SH.csv
600125.SH,铁龙物流,A股,..\data\a_share\600125.SH.csv
002637.SZ,赞宇科技,A股,..\data\a_share\002637.SZ.csv
601377.SH,兴业证券,A股,..\data\a_share\601377.SH.csv
601921.SH,浙版传媒,A股,..\data\a_share\601921.SH.csv
300624.SZ,万兴科技,A股,..\data\a_share\300624.SZ.csv
002345.SZ,潮宏基,A股,..\data\a_share\002345.SZ.csv
300877.SZ,金春股份,A股,..\data\a_share\300877.SZ.csv
300915.SZ,海融科技,A股,..\data\a_share\300915.SZ.csv
000987.SZ,越秀资本,A股,..\data\a_share\000987.SZ.csv
002971.SZ,和远气体,A股,..\data\a_share\002971.SZ.csv
002860.SZ,星帅尔,A股,..\data\a_share\002860.SZ.csv
002506.SZ,协鑫集成,A股,..\data\a_share\002506.SZ.csv
603527.SH,众源新材,A股,..\data\a_share\603527.SH.csv
300259.SZ,新天科技,A股,..\data\a_share\300259.SZ.csv
603123.SH,翠微股份,A股,..\data\a_share\603123.SH.csv
300286.SZ,安科瑞,A股,..\data\a_share\300286.SZ.csv
300360.SZ,炬华科技,A股,..\data\a_share\300360.SZ.csv
301590.SZ,优优绿能,A股,..\data\a_share\301590.SZ.csv
000868.SZ,安凯客车,A股,..\data\a_share\000868.SZ.csv
600689.SH,上海三毛,A股,..\data\a_share\600689.SH.csv
600839.SH,四川长虹,A股,..\data\a_share\600839.SH.csv
600835.SH,上海机电,A股,..\data\a_share\600835.SH.csv
688330.SH,宏力达,A股,..\data\a_share\688330.SH.csv
300322.SZ,硕贝德,A股,..\data\a_share\300322.SZ.csv
000685.SZ,中山公用,A股,..\data\a_share\000685.SZ.csv
002867.SZ,周大生,A股,..\data\a_share\002867.SZ.csv
600388.SH,龙净环保,A股,..\data\a_share\600388.SH.csv
300468.SZ,四方精创,A股,..\data\a_share\300468.SZ.csv
301015.SZ,百洋医药,A股,..\data\a_share\301015.SZ.csv
603279.SH,景津装备,A股,..\data\a_share\603279.SH.csv
002761.SZ,浙江建投,A股,..\data\a_share\002761.SZ.csv
002304.SZ,洋河股份,A股,..\data\a_share\002304.SZ.csv
603186.SH,华正新材,A股,..\data\a_share\603186.SH.csv
000830.SZ,鲁西化工,A股,..\data\a_share\000830.SZ.csv
600356.SH,恒丰纸业,A股,..\data\a_share\600356.SH.csv
002541.SZ,鸿路钢构,A股,..\data\a_share\002541.SZ.csv
600817.SH,宇通重工,A股,..\data\a_share\600817.SH.csv
301308.SZ,江波龙,A股,..\data\a_share\301308.SZ.csv
002438.SZ,江苏神通,A股,..\data\a_share\002438.SZ.csv
601128.SH,常熟银行,A股,..\data\a_share\601128.SH.csv
688369.SH,致远互联,A股,..\data\a_share\688369.SH.csv
605196.SH,华通线缆,A股,..\data\a_share\605196.SH.csv
600098.SH,广州发展,A股,..\data\a_share\600098.SH.csv
603788.SH,宁波高发,A股,..\data\a_share\603788.SH.csv
002467.SZ,二六三,A股,..\data\a_share\002467.SZ.csv
603393.SH,新天然气,A股,..\data\a_share\603393.SH.csv
002479.SZ,富春环保,A股,..\data\a_share\002479.SZ.csv
002846.SZ,英联股份,A股,..\data\a_share\002846.SZ.csv
603090.SH,宏盛股份,A股,..\data\a_share\603090.SH.csv
000600.SZ,建投能源,A股,..\data\a_share\000600.SZ.csv
688292.SH,浩瀚深度,A股,..\data\a_share\688292.SH.csv
301209.SZ,联合化学,A股,..\data\a_share\301209.SZ.csv
920125.SH,鸿仕达,A股,..\data\a_share\920125.SH.csv
603888.SH,新华网,A股,..\data\a_share\603888.SH.csv
601878.SH,浙商证券,A股,..\data\a_share\601878.SH.csv
688300.SH,联瑞新材,A股,..\data\a_share\688300.SH.csv
300292.SZ,吴通控股,A股,..\data\a_share\300292.SZ.csv
002567.SZ,唐人神,A股,..\data\a_share\002567.SZ.csv
601696.SH,中银证券,A股,..\data\a_share\601696.SH.csv
603043.SH,广州酒家,A股,..\data\a_share\603043.SH.csv
301018.SZ,申菱环境,A股,..\data\a_share\301018.SZ.csv
600618.SH,氯碱化工,A股,..\data\a_share\600618.SH.csv
688367.SH,工大高科,A股,..\data\a_share\688367.SH.csv
300124.SZ,汇川技术,A股,..\data\a_share\300124.SZ.csv
601908.SH,京运通,A股,..\data\a_share\601908.SH.csv
000967.SZ,盈峰环境,A股,..\data\a_share\000967.SZ.csv
603998.SH,方盛制药,A股,..\data\a_share\603998.SH.csv
002701.SZ,奥瑞金,A股,..\data\a_share\002701.SZ.csv
301053.SZ,远信工业,A股,..\data\a_share\301053.SZ.csv
688208.SH,道通科技,A股,..\data\a_share\688208.SH.csv
603668.SH,天马科技,A股,..\data\a_share\603668.SH.csv
605499.SH,东鹏饮料,A股,..\data\a_share\605499.SH.csv
300584.SZ,海辰药业,A股,..\data\a_share\300584.SZ.csv
601388.SH,怡球资源,A股,..\data\a_share\601388.SH.csv
600020.SH,中原高速,A股,..\data\a_share\600020.SH.csv
600740.SH,山西焦化,A股,..\data\a_share\600740.SH.csv
600063.SH,皖维高新,A股,..\data\a_share\600063.SH.csv
600682.SH,南京新百,A股,..\data\a_share\600682.SH.csv
300428.SZ,立中集团,A股,..\data\a_share\300428.SZ.csv
300882.SZ,万胜智能,A股,..\data\a_share\300882.SZ.csv
301162.SZ,国能日新,A股,..\data\a_share\301162.SZ.csv
301266.SZ,宇邦新材,A股,..\data\a_share\301266.SZ.csv
002911.SZ,佛燃能源,A股,..\data\a_share\002911.SZ.csv
300781.SZ,因赛集团,A股,..\data\a_share\300781.SZ.csv
301310.SZ,鑫宏业,A股,..\data\a_share\301310.SZ.csv
605066.SH,天正电气,A股,..\data\a_share\605066.SH.csv
000625.SZ,长安汽车,A股,..\data\a_share\000625.SZ.csv
688238.SH,和元生物,A股,..\data\a_share\688238.SH.csv
920021.SH,流金科技,A股,..\data\a_share\920021.SH.csv
603312.SH,西典新能,A股,..\data\a_share\603312.SH.csv
600405.SH,动力源,A股,..\data\a_share\600405.SH.csv
688181.SH,八亿时空,A股,..\data\a_share\688181.SH.csv
688237.SH,超卓航科,A股,..\data\a_share\688237.SH.csv
688356.SH,键凯科技,A股,..\data\a_share\688356.SH.csv
002262.SZ,恩华药业,A股,..\data\a_share\002262.SZ.csv
300041.SZ,回天新材,A股,..\data\a_share\300041.SZ.csv
300493.SZ,润欣科技,A股,..\data\a_share\300493.SZ.csv
601066.SH,中信建投,A股,..\data\a_share\601066.SH.csv
002442.SZ,龙星科技,A股,..\data\a_share\002442.SZ.csv
300071.SZ,福石控股,A股,..\data\a_share\300071.SZ.csv
300408.SZ,三环集团,A股,..\data\a_share\300408.SZ.csv
601678.SH,滨化股份,A股,..\data\a_share\601678.SH.csv
600661.SH,昂立教育,A股,..\data\a_share\600661.SH.csv
601877.SH,正泰电器,A股,..\data\a_share\601877.SH.csv
600573.SH,惠泉啤酒,A股,..\data\a_share\600573.SH.csv
300275.SZ,梅安森,A股,..\data\a_share\300275.SZ.csv
601665.SH,齐鲁银行,A股,..\data\a_share\601665.SH.csv
600821.SH,金开新能,A股,..\data\a_share\600821.SH.csv
301052.SZ,果麦文化,A股,..\data\a_share\301052.SZ.csv
002414.SZ,高德红外,A股,..\data\a_share\002414.SZ.csv
300881.SZ,盛德鑫泰,A股,..\data\a_share\300881.SZ.csv
600352.SH,浙江龙盛,A股,..\data\a_share\600352.SH.csv
601368.SH,绿城水务,A股,..\data\a_share\601368.SH.csv
601211.SH,国泰海通,A股,..\data\a_share\601211.SH.csv
600585.SH,海螺水泥,A股,..\data\a_share\600585.SH.csv
601099.SH,太平洋,A股,..\data\a_share\601099.SH.csv
002258.SZ,利尔化学,A股,..\data\a_share\002258.SZ.csv
002654.SZ,万润科技,A股,..\data\a_share\002654.SZ.csv
300206.SZ,理邦仪器,A股,..\data\a_share\300206.SZ.csv
301077.SZ,星华新材,A股,..\data\a_share\301077.SZ.csv
603883.SH,老百姓,A股,..\data\a_share\603883.SH.csv
688613.SH,奥精医疗,A股,..\data\a_share\688613.SH.csv
920914.SH,远航精密,A股,..\data\a_share\920914.SH.csv
603680.SH,今创集团,A股,..\data\a_share\603680.SH.csv
600285.SH,羚锐制药,A股,..\data\a_share\600285.SH.csv
688230.SH,芯导科技,A股,..\data\a_share\688230.SH.csv
600079.SH,ST人福,A股,..\data\a_share\600079.SH.csv
301262.SZ,海看股份,A股,..\data\a_share\301262.SZ.csv
000925.SZ,众合科技,A股,..\data\a_share\000925.SZ.csv
000682.SZ,东方电子,A股,..\data\a_share\000682.SZ.csv
601999.SH,出版传媒,A股,..\data\a_share\601999.SH.csv
600241.SH,时代万恒,A股,..\data\a_share\600241.SH.csv
920699.SH,海达尔,A股,..\data\a_share\920699.SH.csv
603379.SH,三美股份,A股,..\data\a_share\603379.SH.csv
000958.SZ,电投产融,A股,..\data\a_share\000958.SZ.csv
600928.SH,西安银行,A股,..\data\a_share\600928.SH.csv
920405.SH,海希通讯,A股,..\data\a_share\920405.SH.csv
603496.SH,恒为科技,A股,..\data\a_share\603496.SH.csv
688113.SH,联测科技,A股,..\data\a_share\688113.SH.csv
001207.SZ,联科科技,A股,..\data\a_share\001207.SZ.csv
002556.SZ,辉隆股份,A股,..\data\a_share\002556.SZ.csv
301362.SZ,民爆光电,A股,..\data\a_share\301362.SZ.csv
600844.SH,金煤科技,A股,..\data\a_share\600844.SH.csv
603260.SH,合盛硅业,A股,..\data\a_share\603260.SH.csv
002130.SZ,沃尔核材,A股,..\data\a_share\002130.SZ.csv
601616.SH,广电电气,A股,..\data\a_share\601616.SH.csv
301068.SZ,大地海洋,A股,..\data\a_share\301068.SZ.csv
002102.SZ,ST能特,A股,..\data\a_share\002102.SZ.csv
688573.SH,信宇人,A股,..\data\a_share\688573.SH.csv
920924.SH,广脉科技,A股,..\data\a_share\920924.SH.csv
605162.SH,新中港,A股,..\data\a_share\605162.SH.csv
688617.SH,惠泰医疗,A股,..\data\a_share\688617.SH.csv
300409.SZ,道氏技术,A股,..\data\a_share\300409.SZ.csv
601881.SH,中国银河,A股,..\data\a_share\601881.SH.csv
688310.SH,迈得医疗,A股,..\data\a_share\688310.SH.csv
600248.SH,陕建股份,A股,..\data\a_share\600248.SH.csv
600876.SH,凯盛新能,A股,..\data\a_share\600876.SH.csv
600288.SH,大恒科技,A股,..\data\a_share\600288.SH.csv
603989.SH,艾华集团,A股,..\data\a_share\603989.SH.csv
300803.SZ,指南针,A股,..\data\a_share\300803.SZ.csv
300266.SZ,兴源环境,A股,..\data\a_share\300266.SZ.csv
601500.SH,通用股份,A股,..\data\a_share\601500.SH.csv
600006.SH,东风股份,A股,..\data\a_share\600006.SH.csv
002712.SZ,思美传媒,A股,..\data\a_share\002712.SZ.csv
002557.SZ,洽洽食品,A股,..\data\a_share\002557.SZ.csv
000513.SZ,丽珠集团,A股,..\data\a_share\000513.SZ.csv
000959.SZ,首钢股份,A股,..\data\a_share\000959.SZ.csv
600507.SH,方大特钢,A股,..\data\a_share\600507.SH.csv
920247.SH,华密新材,A股,..\data\a_share\920247.SH.csv
002785.SZ,万里石,A股,..\data\a_share\002785.SZ.csv
002988.SZ,豪美新材,A股,..\data\a_share\002988.SZ.csv
600926.SH,杭州银行,A股,..\data\a_share\600926.SH.csv
603105.SH,芯能科技,A股,..\data\a_share\603105.SH.csv
600177.SH,雅戈尔,A股,..\data\a_share\600177.SH.csv
600123.SH,兰花科创,A股,..\data\a_share\600123.SH.csv
300454.SZ,深信服,A股,..\data\a_share\300454.SZ.csv
688027.SH,国盾量子,A股,..\data\a_share\688027.SH.csv
688621.SH,阳光诺和,A股,..\data\a_share\688621.SH.csv
001233.SZ,海安集团,A股,..\data\a_share\001233.SZ.csv
688772.SH,珠海冠宇,A股,..\data\a_share\688772.SH.csv
601088.SH,中国神华,A股,..\data\a_share\601088.SH.csv
300218.SZ,安利股份,A股,..\data\a_share\300218.SZ.csv
600563.SH,法拉电子,A股,..\data\a_share\600563.SH.csv
603515.SH,欧普照明,A股,..\data\a_share\603515.SH.csv
000876.SZ,新 希 望,A股,..\data\a_share\000876.SZ.csv
002154.SZ,报 喜 鸟,A股,..\data\a_share\002154.SZ.csv
688188.SH,柏楚电子,A股,..\data\a_share\688188.SH.csv
600644.SH,乐山电力,A股,..\data\a_share\600644.SH.csv
300932.SZ,三友联众,A股,..\data\a_share\300932.SZ.csv
600539.SH,狮头股份,A股,..\data\a_share\600539.SH.csv
301155.SZ,海力风电,A股,..\data\a_share\301155.SZ.csv
002748.SZ,世龙实业,A股,..\data\a_share\002748.SZ.csv
600320.SH,振华重工,A股,..\data\a_share\600320.SH.csv
300909.SZ,汇创达,A股,..\data\a_share\300909.SZ.csv
603112.SH,华翔股份,A股,..\data\a_share\603112.SH.csv
301316.SZ,慧博云通,A股,..\data\a_share\301316.SZ.csv
300648.SZ,星云股份,A股,..\data\a_share\300648.SZ.csv
002354.SZ,天娱数科,A股,..\data\a_share\002354.SZ.csv
920870.SH,恒进感应,A股,..\data\a_share\920870.SH.csv
601579.SH,会稽山,A股,..\data\a_share\601579.SH.csv
600096.SH,云天化,A股,..\data\a_share\600096.SH.csv
300091.SZ,*ST金灵,A股,..\data\a_share\300091.SZ.csv
300092.SZ,科新机电,A股,..\data\a_share\300092.SZ.csv
601900.SH,南方传媒,A股,..\data\a_share\601900.SH.csv
600686.SH,金龙汽车,A股,..\data\a_share\600686.SH.csv
601038.SH,一拖股份,A股,..\data\a_share\601038.SH.csv
603171.SH,税友股份,A股,..\data\a_share\603171.SH.csv
600028.SH,中国石化,A股,..\data\a_share\600028.SH.csv
300005.SZ,探路者,A股,..\data\a_share\300005.SZ.csv
000725.SZ,京东方Ａ,A股,..\data\a_share\000725.SZ.csv
603607.SH,京华激光,A股,..\data\a_share\603607.SH.csv
600874.SH,创业环保,A股,..\data\a_share\600874.SH.csv
000661.SZ,长春高新,A股,..\data\a_share\000661.SZ.csv
600520.SH,三佳科技,A股,..\data\a_share\600520.SH.csv
603185.SH,弘元绿能,A股,..\data\a_share\603185.SH.csv
300228.SZ,富瑞特装,A股,..\data\a_share\300228.SZ.csv
601789.SH,宁波建工,A股,..\data\a_share\601789.SH.csv
002090.SZ,金智科技,A股,..\data\a_share\002090.SZ.csv
601002.SH,晋亿实业,A股,..\data\a_share\601002.SH.csv
002916.SZ,深南电路,A股,..\data\a_share\002916.SZ.csv
003002.SZ,壶化股份,A股,..\data\a_share\003002.SZ.csv
603217.SH,元利科技,A股,..\data\a_share\603217.SH.csv
000049.SZ,德赛电池,A股,..\data\a_share\000049.SZ.csv
605258.SH,协和电子,A股,..\data\a_share\605258.SH.csv
002922.SZ,伊戈尔,A股,..\data\a_share\002922.SZ.csv
002339.SZ,积成电子,A股,..\data\a_share\002339.SZ.csv
603948.SH,建业股份,A股,..\data\a_share\603948.SH.csv
600289.SH,ST信通,A股,..\data\a_share\600289.SH.csv
300242.SZ,佳云科技,A股,..\data\a_share\300242.SZ.csv
000776.SZ,广发证券,A股,..\data\a_share\000776.SZ.csv
603163.SH,圣晖集成,A股,..\data\a_share\603163.SH.csv
002120.SZ,韵达股份,A股,..\data\a_share\002120.SZ.csv
688508.SH,芯朋微,A股,..\data\a_share\688508.SH.csv
002585.SZ,双星新材,A股,..\data\a_share\002585.SZ.csv
603039.SH,泛微网络,A股,..\data\a_share\603039.SH.csv
300650.SZ,太龙股份,A股,..\data\a_share\300650.SZ.csv
002559.SZ,亚威股份,A股,..\data\a_share\002559.SZ.csv
300043.SZ,星辉娱乐,A股,..\data\a_share\300043.SZ.csv
601330.SH,绿色动力,A股,..\data\a_share\601330.SH.csv
603726.SH,朗迪集团,A股,..\data\a_share\603726.SH.csv
301333.SZ,诺思格,A股,..\data\a_share\301333.SZ.csv
301092.SZ,争光股份,A股,..\data\a_share\301092.SZ.csv
600111.SH,北方稀土,A股,..\data\a_share\600111.SH.csv
600323.SH,瀚蓝环境,A股,..\data\a_share\600323.SH.csv
600763.SH,通策医疗,A股,..\data\a_share\600763.SH.csv
688098.SH,申联生物,A股,..\data\a_share\688098.SH.csv
920190.SH,雷神科技,A股,..\data\a_share\920190.SH.csv
300773.SZ,拉卡拉,A股,..\data\a_share\300773.SZ.csv
300285.SZ,国瓷材料,A股,..\data\a_share\300285.SZ.csv
300692.SZ,中赋科技,A股,..\data\a_share\300692.SZ.csv
601766.SH,中国中车,A股,..\data\a_share\601766.SH.csv
300382.SZ,斯莱克,A股,..\data\a_share\300382.SZ.csv
603088.SH,宁波精达,A股,..\data\a_share\603088.SH.csv
600666.SH,奥瑞德,A股,..\data\a_share\600666.SH.csv
002015.SZ,协鑫能科,A股,..\data\a_share\002015.SZ.csv
002749.SZ,国光股份,A股,..\data\a_share\002749.SZ.csv
600955.SH,维远股份,A股,..\data\a_share\600955.SH.csv
600030.SH,中信证券,A股,..\data\a_share\600030.SH.csv
003006.SZ,百亚股份,A股,..\data\a_share\003006.SZ.csv
002760.SZ,凤形股份,A股,..\data\a_share\002760.SZ.csv
600774.SH,汉商集团,A股,..\data\a_share\600774.SH.csv
002236.SZ,大华股份,A股,..\data\a_share\002236.SZ.csv
688183.SH,生益电子,A股,..\data\a_share\688183.SH.csv
600486.SH,扬农化工,A股,..\data\a_share\600486.SH.csv
300192.SZ,科德教育,A股,..\data\a_share\300192.SZ.csv
688819.SH,天能股份,A股,..\data\a_share\688819.SH.csv
601225.SH,陕西煤业,A股,..\data\a_share\601225.SH.csv
300827.SZ,上能电气,A股,..\data\a_share\300827.SZ.csv
601096.SH,宏盛华源,A股,..\data\a_share\601096.SH.csv
600873.SH,梅花生物,A股,..\data\a_share\600873.SH.csv
000408.SZ,藏格矿业,A股,..\data\a_share\000408.SZ.csv
603005.SH,晶方科技,A股,..\data\a_share\603005.SH.csv
600624.SH,ST复华,A股,..\data\a_share\600624.SH.csv
600478.SH,科力远,A股,..\data\a_share\600478.SH.csv
688627.SH,精智达,A股,..\data\a_share\688627.SH.csv
001258.SZ,立新能源,A股,..\data\a_share\001258.SZ.csv
002441.SZ,众业达,A股,..\data\a_share\002441.SZ.csv
002119.SZ,康强电子,A股,..\data\a_share\002119.SZ.csv
688111.SH,金山办公,A股,..\data\a_share\688111.SH.csv
001280.SZ,中国铀业,A股,..\data\a_share\001280.SZ.csv
300487.SZ,蓝晓科技,A股,..\data\a_share\300487.SZ.csv
002533.SZ,金杯电工,A股,..\data\a_share\002533.SZ.csv
600975.SH,新五丰,A股,..\data\a_share\600975.SH.csv
600010.SH,包钢股份,A股,..\data\a_share\600010.SH.csv
603306.SH,华懋科技,A股,..\data\a_share\603306.SH.csv
603325.SH,博隆技术,A股,..\data\a_share\603325.SH.csv
300328.SZ,宜安科技,A股,..\data\a_share\300328.SZ.csv
603229.SH,奥翔药业,A股,..\data\a_share\603229.SH.csv
603501.SH,豪威集团,A股,..\data\a_share\603501.SH.csv
300491.SZ,通合科技,A股,..\data\a_share\300491.SZ.csv
300033.SZ,同花顺,A股,..\data\a_share\300033.SZ.csv
601156.SH,东航物流,A股,..\data\a_share\601156.SH.csv
301500.SZ,飞南资源,A股,..\data\a_share\301500.SZ.csv
002292.SZ,奥飞娱乐,A股,..\data\a_share\002292.SZ.csv
300813.SZ,泰林生物,A股,..\data\a_share\300813.SZ.csv
688318.SH,财富趋势,A股,..\data\a_share\688318.SH.csv
688209.SH,英集芯,A股,..\data\a_share\688209.SH.csv
601601.SH,中国太保,A股,..\data\a_share\601601.SH.csv
301382.SZ,蜂助手,A股,..\data\a_share\301382.SZ.csv
001289.SZ,龙源电力,A股,..\data\a_share\001289.SZ.csv
300846.SZ,首都在线,A股,..\data\a_share\300846.SZ.csv
688689.SH,银河微电,A股,..\data\a_share\688689.SH.csv
002584.SZ,西陇科学,A股,..\data\a_share\002584.SZ.csv
688620.SH,安凯微,A股,..\data\a_share\688620.SH.csv
688332.SH,中科蓝讯,A股,..\data\a_share\688332.SH.csv
002458.SZ,益生股份,A股,..\data\a_share\002458.SZ.csv
300032.SZ,金龙机电,A股,..\data\a_share\300032.SZ.csv
688349.SH,三一重能,A股,..\data\a_share\688349.SH.csv
600328.SH,中盐化工,A股,..\data\a_share\600328.SH.csv
688236.SH,春立医疗,A股,..\data\a_share\688236.SH.csv
603269.SH,海鸥股份,A股,..\data\a_share\603269.SH.csv
000537.SZ,绿发电力,A股,..\data\a_share\000537.SZ.csv
301518.SZ,长华化学,A股,..\data\a_share\301518.SZ.csv
300686.SZ,智动力,A股,..\data\a_share\300686.SZ.csv
600361.SH,创新新材,A股,..\data\a_share\600361.SH.csv
600602.SH,云赛智联,A股,..\data\a_share\600602.SH.csv
002897.SZ,意华股份,A股,..\data\a_share\002897.SZ.csv
603324.SH,盛剑科技,A股,..\data\a_share\603324.SH.csv
300016.SZ,北陆药业,A股,..\data\a_share\300016.SZ.csv
605099.SH,共创草坪,A股,..\data\a_share\605099.SH.csv
000510.SZ,新金路,A股,..\data\a_share\000510.SZ.csv
601688.SH,华泰证券,A股,..\data\a_share\601688.SH.csv
002415.SZ,海康威视,A股,..\data\a_share\002415.SZ.csv
000729.SZ,燕京啤酒,A股,..\data\a_share\000729.SZ.csv
002422.SZ,科伦药业,A股,..\data\a_share\002422.SZ.csv
603198.SH,迎驾贡酒,A股,..\data\a_share\603198.SH.csv
601012.SH,隆基绿能,A股,..\data\a_share\601012.SH.csv
300059.SZ,东方财富,A股,..\data\a_share\300059.SZ.csv
300903.SZ,科翔股份,A股,..\data\a_share\300903.SZ.csv
603568.SH,伟明环保,A股,..\data\a_share\603568.SH.csv
605116.SH,奥锐特,A股,..\data\a_share\605116.SH.csv
688518.SH,联赢激光,A股,..\data\a_share\688518.SH.csv
002338.SZ,奥普光电,A股,..\data\a_share\002338.SZ.csv
300712.SZ,永福股份,A股,..\data\a_share\300712.SZ.csv
002602.SZ,世纪华通,A股,..\data\a_share\002602.SZ.csv
603360.SH,百傲化学,A股,..\data\a_share\603360.SH.csv
603200.SH,上海洗霸,A股,..\data\a_share\603200.SH.csv
688062.SH,迈威生物-U,A股,..\data\a_share\688062.SH.csv
002843.SZ,泰嘉股份,A股,..\data\a_share\002843.SZ.csv
601187.SH,厦门银行,A股,..\data\a_share\601187.SH.csv
002698.SZ,博实股份,A股,..\data\a_share\002698.SZ.csv
605028.SH,世茂能源,A股,..\data\a_share\605028.SH.csv
301456.SZ,盘古智能,A股,..\data\a_share\301456.SZ.csv
301045.SZ,天禄科技,A股,..\data\a_share\301045.SZ.csv
002692.SZ,远程股份,A股,..\data\a_share\002692.SZ.csv
600667.SH,太极实业,A股,..\data\a_share\600667.SH.csv
300140.SZ,节能环境,A股,..\data\a_share\300140.SZ.csv
600867.SH,通化东宝,A股,..\data\a_share\600867.SH.csv
300738.SZ,奥飞数据,A股,..\data\a_share\300738.SZ.csv
300612.SZ,宣亚国际,A股,..\data\a_share\300612.SZ.csv
688215.SH,瑞晟智能,A股,..\data\a_share\688215.SH.csv
000895.SZ,双汇发展,A股,..\data\a_share\000895.SZ.csv
301239.SZ,普瑞眼科,A股,..\data\a_share\301239.SZ.csv
300277.SZ,汽轮科技,A股,..\data\a_share\300277.SZ.csv
688475.SH,萤石网络,A股,..\data\a_share\688475.SH.csv
603345.SH,安井食品,A股,..\data\a_share\603345.SH.csv
002832.SZ,比音勒芬,A股,..\data\a_share\002832.SZ.csv
002545.SZ,东方铁塔,A股,..\data\a_share\002545.SZ.csv
601666.SH,平煤股份,A股,..\data\a_share\601666.SH.csv
688303.SH,大全能源,A股,..\data\a_share\688303.SH.csv
600551.SH,时代出版,A股,..\data\a_share\600551.SH.csv
301109.SZ,军信股份,A股,..\data\a_share\301109.SZ.csv
301388.SZ,欣灵电气,A股,..\data\a_share\301388.SZ.csv
002310.SZ,东方新能,A股,..\data\a_share\002310.SZ.csv
002080.SZ,中材科技,A股,..\data\a_share\002080.SZ.csv
688156.SH,路德科技,A股,..\data\a_share\688156.SH.csv
688612.SH,威迈斯,A股,..\data\a_share\688612.SH.csv
688039.SH,当虹科技,A股,..\data\a_share\688039.SH.csv
002150.SZ,正泰电源,A股,..\data\a_share\002150.SZ.csv
300293.SZ,蓝英装备,A股,..\data\a_share\300293.SZ.csv
600409.SH,三友化工,A股,..\data\a_share\600409.SH.csv
603690.SH,至纯科技,A股,..\data\a_share\603690.SH.csv
002595.SZ,豪迈科技,A股,..\data\a_share\002595.SZ.csv
300480.SZ,光力科技,A股,..\data\a_share\300480.SZ.csv
603979.SH,金诚信,A股,..\data\a_share\603979.SH.csv
600595.SH,中孚实业,A股,..\data\a_share\600595.SH.csv
000683.SZ,博源化工,A股,..\data\a_share\000683.SZ.csv
300474.SZ,景嘉微,A股,..\data\a_share\300474.SZ.csv
601677.SH,明泰铝业,A股,..\data\a_share\601677.SH.csv
002436.SZ,兴森科技,A股,..\data\a_share\002436.SZ.csv
600895.SH,张江高科,A股,..\data\a_share\600895.SH.csv
002142.SZ,宁波银行,A股,..\data\a_share\002142.SZ.csv
300801.SZ,泰和科技,A股,..\data\a_share\300801.SZ.csv
688702.SH,盛科通信-U,A股,..\data\a_share\688702.SH.csv
920185.SH,贝特瑞,A股,..\data\a_share\920185.SH.csv
688258.SH,卓易信息,A股,..\data\a_share\688258.SH.csv
000417.SZ,合百集团,A股,..\data\a_share\000417.SZ.csv
002714.SZ,牧原股份,A股,..\data\a_share\002714.SZ.csv
002416.SZ,爱施德,A股,..\data\a_share\002416.SZ.csv
600468.SH,百利电气,A股,..\data\a_share\600468.SH.csv
601222.SH,林洋能源,A股,..\data\a_share\601222.SH.csv
301248.SZ,杰创智能,A股,..\data\a_share\301248.SZ.csv
002309.SZ,中利集团,A股,..\data\a_share\002309.SZ.csv
002643.SZ,万润股份,A股,..\data\a_share\002643.SZ.csv
300511.SZ,雪榕生物,A股,..\data\a_share\300511.SZ.csv
601231.SH,环旭电子,A股,..\data\a_share\601231.SH.csv
300498.SZ,温氏股份,A股,..\data\a_share\300498.SZ.csv
603663.SH,三祥新材,A股,..\data\a_share\603663.SH.csv
688117.SH,圣诺生物,A股,..\data\a_share\688117.SH.csv
003010.SZ,若羽臣,A股,..\data\a_share\003010.SZ.csv
000983.SZ,山西焦煤,A股,..\data\a_share\000983.SZ.csv
300590.SZ,移为通信,A股,..\data\a_share\300590.SZ.csv
688059.SH,华锐精密,A股,..\data\a_share\688059.SH.csv
605090.SH,九丰能源,A股,..\data\a_share\605090.SH.csv
002358.SZ,森源电气,A股,..\data\a_share\002358.SZ.csv
688789.SH,宏华数科,A股,..\data\a_share\688789.SH.csv
603815.SH,交建股份,A股,..\data\a_share\603815.SH.csv
688720.SH,艾森股份,A股,..\data\a_share\688720.SH.csv
301087.SZ,可孚医疗,A股,..\data\a_share\301087.SZ.csv
600726.SH,华电能源,A股,..\data\a_share\600726.SH.csv
688228.SH,开普云,A股,..\data\a_share\688228.SH.csv
300927.SZ,江天化学,A股,..\data\a_share\300927.SZ.csv
301049.SZ,超越科技,A股,..\data\a_share\301049.SZ.csv
002112.SZ,三变科技,A股,..\data\a_share\002112.SZ.csv
603196.SH,璞源材料,A股,..\data\a_share\603196.SH.csv
002515.SZ,金字火腿,A股,..\data\a_share\002515.SZ.csv
000037.SZ,深南电A,A股,..\data\a_share\000037.SZ.csv
603717.SH,天域生物,A股,..\data\a_share\603717.SH.csv
688293.SH,奥浦迈,A股,..\data\a_share\688293.SH.csv
002955.SZ,鸿合科技,A股,..\data\a_share\002955.SZ.csv
300331.SZ,苏大维格,A股,..\data\a_share\300331.SZ.csv
601857.SH,中国石油,A股,..\data\a_share\601857.SH.csv
603687.SH,大胜达,A股,..\data\a_share\603687.SH.csv
688338.SH,赛科希德,A股,..\data\a_share\688338.SH.csv
002335.SZ,科华数据,A股,..\data\a_share\002335.SZ.csv
688598.SH,金博股份,A股,..\data\a_share\688598.SH.csv
002380.SZ,科远智慧,A股,..\data\a_share\002380.SZ.csv
002083.SZ,孚日股份,A股,..\data\a_share\002083.SZ.csv
688268.SH,华特气体,A股,..\data\a_share\688268.SH.csv
688325.SH,赛微微电,A股,..\data\a_share\688325.SH.csv
688520.SH,神州细胞,A股,..\data\a_share\688520.SH.csv
002706.SZ,良信股份,A股,..\data\a_share\002706.SZ.csv
688187.SH,时代电气,A股,..\data\a_share\688187.SH.csv
001359.SZ,平安电工,A股,..\data\a_share\001359.SZ.csv
920037.SH,DR广信科,A股,..\data\a_share\920037.SH.csv
600406.SH,国电南瑞,A股,..\data\a_share\600406.SH.csv
001286.SZ,陕西能源,A股,..\data\a_share\001286.SZ.csv
688377.SH,迪威尔,A股,..\data\a_share\688377.SH.csv
688777.SH,中控技术,A股,..\data\a_share\688777.SH.csv
002375.SZ,亚厦股份,A股,..\data\a_share\002375.SZ.csv
002741.SZ,光华科技,A股,..\data\a_share\002741.SZ.csv
600888.SH,新疆众和,A股,..\data\a_share\600888.SH.csv
002882.SZ,金龙羽,A股,..\data\a_share\002882.SZ.csv
688199.SH,久日新材,A股,..\data\a_share\688199.SH.csv
002149.SZ,西部材料,A股,..\data\a_share\002149.SZ.csv
600226.SH,亨通股份,A股,..\data\a_share\600226.SH.csv
601138.SH,工业富联,A股,..\data\a_share\601138.SH.csv
300061.SZ,旗天科技,A股,..\data\a_share\300061.SZ.csv
300883.SZ,龙利得,A股,..\data\a_share\300883.SZ.csv
603126.SH,中材节能,A股,..\data\a_share\603126.SH.csv
300139.SZ,晓程科技,A股,..\data\a_share\300139.SZ.csv
002453.SZ,华软科技,A股,..\data\a_share\002453.SZ.csv
300537.SZ,广信材料,A股,..\data\a_share\300537.SZ.csv
601108.SH,财通证券,A股,..\data\a_share\601108.SH.csv
000690.SZ,宝新能源,A股,..\data\a_share\000690.SZ.csv
000528.SZ,柳    工,A股,..\data\a_share\000528.SZ.csv
000722.SZ,湖南发展,A股,..\data\a_share\000722.SZ.csv
603288.SH,海天味业,A股,..\data\a_share\603288.SH.csv
002870.SZ,香山股份,A股,..\data\a_share\002870.SZ.csv
300602.SZ,飞荣达,A股,..\data\a_share\300602.SZ.csv
002532.SZ,天山铝业,A股,..\data\a_share\002532.SZ.csv
600309.SH,万华化学,A股,..\data\a_share\600309.SH.csv
603155.SH,新亚强,A股,..\data\a_share\603155.SH.csv
600986.SH,浙文互联,A股,..\data\a_share\600986.SH.csv
002993.SZ,奥海科技,A股,..\data\a_share\002993.SZ.csv
002989.SZ,中天精装,A股,..\data\a_share\002989.SZ.csv
603612.SH,索通发展,A股,..\data\a_share\603612.SH.csv
002185.SZ,华天科技,A股,..\data\a_share\002185.SZ.csv
600810.SH,神马股份,A股,..\data\a_share\600810.SH.csv
603477.SH,巨星农牧,A股,..\data\a_share\603477.SH.csv
300565.SZ,科信技术,A股,..\data\a_share\300565.SZ.csv
000783.SZ,长江证券,A股,..\data\a_share\000783.SZ.csv
300093.SZ,*ST金刚,A股,..\data\a_share\300093.SZ.csv
301638.SZ,南网数字,A股,..\data\a_share\301638.SZ.csv
001283.SZ,豪鹏科技,A股,..\data\a_share\001283.SZ.csv
301090.SZ,华润材料,A股,..\data\a_share\301090.SZ.csv
920237.SH,力佳科技,A股,..\data\a_share\920237.SH.csv
002773.SZ,康弘药业,A股,..\data\a_share\002773.SZ.csv
603823.SH,百合花,A股,..\data\a_share\603823.SH.csv
000962.SZ,东方钽业,A股,..\data\a_share\000962.SZ.csv
600758.SH,辽宁能源,A股,..\data\a_share\600758.SH.csv
301516.SZ,中远通,A股,..\data\a_share\301516.SZ.csv
920223.SH,荣亿精密,A股,..\data\a_share\920223.SH.csv
300205.SZ,*ST天喻,A股,..\data\a_share\300205.SZ.csv
688108.SH,赛诺医疗,A股,..\data\a_share\688108.SH.csv
300185.SZ,通裕重工,A股,..\data\a_share\300185.SZ.csv
002534.SZ,西子洁能,A股,..\data\a_share\002534.SZ.csv
300426.SZ,华智数媒,A股,..\data\a_share\300426.SZ.csv
000035.SZ,中国天楹,A股,..\data\a_share\000035.SZ.csv
300766.SZ,每日互动,A股,..\data\a_share\300766.SZ.csv
600851.SH,海欣股份,A股,..\data\a_share\600851.SH.csv
603551.SH,奥普科技,A股,..\data\a_share\603551.SH.csv
603997.SH,继峰股份,A股,..\data\a_share\603997.SH.csv
688484.SH,南芯科技,A股,..\data\a_share\688484.SH.csv
300661.SZ,圣邦股份,A股,..\data\a_share\300661.SZ.csv
600809.SH,山西汾酒,A股,..\data\a_share\600809.SH.csv
000786.SZ,北新建材,A股,..\data\a_share\000786.SZ.csv
920249.SH,利尔达,A股,..\data\a_share\920249.SH.csv
603985.SH,恒润股份,A股,..\data\a_share\603985.SH.csv
000681.SZ,视觉中国,A股,..\data\a_share\000681.SZ.csv
002038.SZ,双鹭药业,A股,..\data\a_share\002038.SZ.csv
600415.SH,小商品城,A股,..\data\a_share\600415.SH.csv
603893.SH,瑞芯微,A股,..\data\a_share\603893.SH.csv
601077.SH,渝农商行,A股,..\data\a_share\601077.SH.csv
300541.SZ,先进数通,A股,..\data\a_share\300541.SZ.csv
300174.SZ,元力股份,A股,..\data\a_share\300174.SZ.csv
000568.SZ,泸州老窖,A股,..\data\a_share\000568.SZ.csv
601577.SH,长沙银行,A股,..\data\a_share\601577.SH.csv
300841.SZ,康华生物,A股,..\data\a_share\300841.SZ.csv
300980.SZ,祥源新材,A股,..\data\a_share\300980.SZ.csv
301012.SZ,扬电科技,A股,..\data\a_share\301012.SZ.csv
603766.SH,隆鑫通用,A股,..\data\a_share\603766.SH.csv
300398.SZ,飞凯材料,A股,..\data\a_share\300398.SZ.csv
600438.SH,通威股份,A股,..\data\a_share\600438.SH.csv
301393.SZ,昊帆生物,A股,..\data\a_share\301393.SZ.csv
300200.SZ,高盟新材,A股,..\data\a_share\300200.SZ.csv
688628.SH,优利德,A股,..\data\a_share\688628.SH.csv
603390.SH,通达电气,A股,..\data\a_share\603390.SH.csv
002967.SZ,广电计量,A股,..\data\a_share\002967.SZ.csv
600510.SH,黑牡丹,A股,..\data\a_share\600510.SH.csv
600780.SH,通宝能源,A股,..\data\a_share\600780.SH.csv
603585.SH,苏利股份,A股,..\data\a_share\603585.SH.csv
002299.SZ,圣农发展,A股,..\data\a_share\002299.SZ.csv
600392.SH,盛和资源,A股,..\data\a_share\600392.SH.csv
300073.SZ,当升科技,A股,..\data\a_share\300073.SZ.csv
002418.SZ,康盛股份,A股,..\data\a_share\002418.SZ.csv
600537.SH,*ST亿晶,A股,..\data\a_share\600537.SH.csv
002027.SZ,分众传媒,A股,..\data\a_share\002027.SZ.csv
601969.SH,海南矿业,A股,..\data\a_share\601969.SH.csv
688348.SH,昱能科技,A股,..\data\a_share\688348.SH.csv
688646.SH,ST逸飞,A股,..\data\a_share\688646.SH.csv
301345.SZ,涛涛车业,A股,..\data\a_share\301345.SZ.csv
002424.SZ,ST百灵,A股,..\data\a_share\002424.SZ.csv
603129.SH,春风动力,A股,..\data\a_share\603129.SH.csv
600629.SH,华建集团,A股,..\data\a_share\600629.SH.csv
300683.SZ,海特生物,A股,..\data\a_share\300683.SZ.csv
002822.SZ,ST中装,A股,..\data\a_share\002822.SZ.csv
600841.SH,动力新科,A股,..\data\a_share\600841.SH.csv
600261.SH,阳光照明,A股,..\data\a_share\600261.SH.csv
688488.SH,艾迪药业,A股,..\data\a_share\688488.SH.csv
300786.SZ,国林科技,A股,..\data\a_share\300786.SZ.csv
603398.SH,*ST沐邦,A股,..\data\a_share\603398.SH.csv
603876.SH,鼎胜新材,A股,..\data\a_share\603876.SH.csv
600160.SH,巨化股份,A股,..\data\a_share\600160.SH.csv
301123.SZ,奕东电子,A股,..\data\a_share\301123.SZ.csv
000420.SZ,吉林化纤,A股,..\data\a_share\000420.SZ.csv
600032.SH,浙江新能,A股,..\data\a_share\600032.SH.csv
002992.SZ,宝明科技,A股,..\data\a_share\002992.SZ.csv
300121.SZ,阳谷华泰,A股,..\data\a_share\300121.SZ.csv
000060.SZ,中金岭南,A股,..\data\a_share\000060.SZ.csv
002895.SZ,川恒股份,A股,..\data\a_share\002895.SZ.csv
301577.SZ,美信科技,A股,..\data\a_share\301577.SZ.csv
688327.SH,云从科技-UW,A股,..\data\a_share\688327.SH.csv
301630.SZ,同宇新材,A股,..\data\a_share\301630.SZ.csv
000531.SZ,穗恒运Ａ,A股,..\data\a_share\000531.SZ.csv
600276.SH,恒瑞医药,A股,..\data\a_share\600276.SH.csv
688560.SH,明冠新材,A股,..\data\a_share\688560.SH.csv
000639.SZ,ST西王,A股,..\data\a_share\000639.SZ.csv
300499.SZ,高澜股份,A股,..\data\a_share\300499.SZ.csv
301120.SZ,新特电气,A股,..\data\a_share\301120.SZ.csv
688368.SH,晶丰明源,A股,..\data\a_share\688368.SH.csv
000021.SZ,深科技,A股,..\data\a_share\000021.SZ.csv
688411.SH,海博思创,A股,..\data\a_share\688411.SH.csv
603193.SH,润本股份,A股,..\data\a_share\603193.SH.csv
300184.SZ,力源信息,A股,..\data\a_share\300184.SZ.csv
002272.SZ,川润股份,A股,..\data\a_share\002272.SZ.csv
603898.SH,好莱客,A股,..\data\a_share\603898.SH.csv
603153.SH,上海建科,A股,..\data\a_share\603153.SH.csv
301662.SZ,宏工科技,A股,..\data\a_share\301662.SZ.csv
301256.SZ,华融化学,A股,..\data\a_share\301256.SZ.csv
688733.SH,壹石通,A股,..\data\a_share\688733.SH.csv
688301.SH,奕瑞科技,A股,..\data\a_share\688301.SH.csv
300593.SZ,新雷能,A股,..\data\a_share\300593.SZ.csv
301548.SZ,崇德科技,A股,..\data\a_share\301548.SZ.csv
300201.SZ,海伦哲,A股,..\data\a_share\300201.SZ.csv
300207.SZ,欣旺达,A股,..\data\a_share\300207.SZ.csv
688567.SH,孚能科技,A股,..\data\a_share\688567.SH.csv
688115.SH,思林杰,A股,..\data\a_share\688115.SH.csv
600426.SH,华鲁恒升,A股,..\data\a_share\600426.SH.csv
002935.SZ,天奥电子,A股,..\data\a_share\002935.SZ.csv
688147.SH,微导纳米,A股,..\data\a_share\688147.SH.csv
920171.SH,志晟信息,A股,..\data\a_share\920171.SH.csv
605507.SH,国邦医药,A股,..\data\a_share\605507.SH.csv
603871.SH,嘉友国际,A股,..\data\a_share\603871.SH.csv
600989.SH,宝丰能源,A股,..\data\a_share\600989.SH.csv
000670.SZ,盈方微,A股,..\data\a_share\000670.SZ.csv
603156.SH,养元饮品,A股,..\data\a_share\603156.SH.csv
605366.SH,宏柏新材,A股,..\data\a_share\605366.SH.csv
000596.SZ,古井贡酒,A股,..\data\a_share\000596.SZ.csv
600482.SH,中国动力,A股,..\data\a_share\600482.SH.csv
301152.SZ,天力锂能,A股,..\data\a_share\301152.SZ.csv
002948.SZ,青岛银行,A股,..\data\a_share\002948.SZ.csv
301372.SZ,科净源,A股,..\data\a_share\301372.SZ.csv
688351.SH,微电生理,A股,..\data\a_share\688351.SH.csv
601611.SH,中国核建,A股,..\data\a_share\601611.SH.csv
688133.SH,泰坦科技,A股,..\data\a_share\688133.SH.csv
603138.SH,海量数据,A股,..\data\a_share\603138.SH.csv
688161.SH,威高骨科,A股,..\data\a_share\688161.SH.csv
300165.SZ,天瑞仪器,A股,..\data\a_share\300165.SZ.csv
300162.SZ,雷曼光电,A股,..\data\a_share\300162.SZ.csv
301378.SZ,通达海,A股,..\data\a_share\301378.SZ.csv
920252.SH,天宏锂电,A股,..\data\a_share\920252.SH.csv
002092.SZ,中泰化学,A股,..\data\a_share\002092.SZ.csv
002348.SZ,高乐股份,A股,..\data\a_share\002348.SZ.csv
301617.SZ,博苑股份,A股,..\data\a_share\301617.SZ.csv
603556.SH,海兴电力,A股,..\data\a_share\603556.SH.csv
600590.SH,泰豪科技,A股,..\data\a_share\600590.SH.csv
688177.SH,百奥泰,A股,..\data\a_share\688177.SH.csv
601179.SH,中国西电,A股,..\data\a_share\601179.SH.csv
300035.SZ,中科电气,A股,..\data\a_share\300035.SZ.csv
688419.SH,耐科装备,A股,..\data\a_share\688419.SH.csv
600549.SH,厦门钨业,A股,..\data\a_share\600549.SH.csv
600212.SH,绿能慧充,A股,..\data\a_share\600212.SH.csv
600884.SH,杉杉股份,A股,..\data\a_share\600884.SH.csv
600707.SH,彩虹股份,A股,..\data\a_share\600707.SH.csv
002648.SZ,卫星化学,A股,..\data\a_share\002648.SZ.csv
001266.SZ,宏英智能,A股,..\data\a_share\001266.SZ.csv
920010.SH,凯添燃气,A股,..\data\a_share\920010.SH.csv
603682.SH,锦和商管,A股,..\data\a_share\603682.SH.csv
605298.SH,必得科技,A股,..\data\a_share\605298.SH.csv
688063.SH,派能科技,A股,..\data\a_share\688063.SH.csv
688205.SH,德科立,A股,..\data\a_share\688205.SH.csv
600785.SH,新华百货,A股,..\data\a_share\600785.SH.csv
688499.SH,利元亨,A股,..\data\a_share\688499.SH.csv
601016.SH,节能风电,A股,..\data\a_share\601016.SH.csv
002455.SZ,百川股份,A股,..\data\a_share\002455.SZ.csv
688112.SH,鼎阳科技,A股,..\data\a_share\688112.SH.csv
301489.SZ,思泉新材,A股,..\data\a_share\301489.SZ.csv
300921.SZ,南凌科技,A股,..\data\a_share\300921.SZ.csv
002408.SZ,齐翔腾达,A股,..\data\a_share\002408.SZ.csv
002158.SZ,汉钟精机,A股,..\data\a_share\002158.SZ.csv
300304.SZ,云意电气,A股,..\data\a_share\300304.SZ.csv
002210.SZ,飞马国际,A股,..\data\a_share\002210.SZ.csv
605155.SH,西大门,A股,..\data\a_share\605155.SH.csv
688709.SH,成都华微,A股,..\data\a_share\688709.SH.csv
300587.SZ,天铁科技,A股,..\data\a_share\300587.SZ.csv
300383.SZ,光环新网,A股,..\data\a_share\300383.SZ.csv
300457.SZ,赢合科技,A股,..\data\a_share\300457.SZ.csv
688373.SH,盟科药业-U,A股,..\data\a_share\688373.SH.csv
002498.SZ,汉缆股份,A股,..\data\a_share\002498.SZ.csv
300658.SZ,延江股份,A股,..\data\a_share\300658.SZ.csv
300227.SZ,光韵达,A股,..\data\a_share\300227.SZ.csv
600268.SH,国电南自,A股,..\data\a_share\600268.SH.csv
603798.SH,康普顿,A股,..\data\a_share\603798.SH.csv
688503.SH,聚和材料,A股,..\data\a_share\688503.SH.csv
301259.SZ,艾布鲁,A股,..\data\a_share\301259.SZ.csv
601669.SH,中国电建,A股,..\data\a_share\601669.SH.csv
002633.SZ,申科股份,A股,..\data\a_share\002633.SZ.csv
300785.SZ,值得买,A股,..\data\a_share\300785.SZ.csv
300001.SZ,特锐德,A股,..\data\a_share\300001.SZ.csv
000100.SZ,TCL科技,A股,..\data\a_share\000100.SZ.csv
688435.SH,英方软件,A股,..\data\a_share\688435.SH.csv
600930.SH,华电新能,A股,..\data\a_share\600930.SH.csv
600348.SH,华阳股份,A股,..\data\a_share\600348.SH.csv
688116.SH,天奈科技,A股,..\data\a_share\688116.SH.csv
300214.SZ,日科化学,A股,..\data\a_share\300214.SZ.csv
002868.SZ,*ST绿康,A股,..\data\a_share\002868.SZ.csv
000829.SZ,天音控股,A股,..\data\a_share\000829.SZ.csv
300022.SZ,吉峰科技,A股,..\data\a_share\300022.SZ.csv
603038.SH,华立股份,A股,..\data\a_share\603038.SH.csv
002952.SZ,亚世光电,A股,..\data\a_share\002952.SZ.csv
002891.SZ,中宠股份,A股,..\data\a_share\002891.SZ.csv
300842.SZ,帝科股份,A股,..\data\a_share\300842.SZ.csv
002124.SZ,天邦食品,A股,..\data\a_share\002124.SZ.csv
002311.SZ,海大集团,A股,..\data\a_share\002311.SZ.csv
000807.SZ,云铝股份,A股,..\data\a_share\000807.SZ.csv
600166.SH,福田汽车,A股,..\data\a_share\600166.SH.csv
300418.SZ,昆仑万维,A股,..\data\a_share\300418.SZ.csv
300363.SZ,博腾股份,A股,..\data\a_share\300363.SZ.csv
002824.SZ,和胜股份,A股,..\data\a_share\002824.SZ.csv
300432.SZ,富临精工,A股,..\data\a_share\300432.SZ.csv
600568.SH,ST中珠,A股,..\data\a_share\600568.SH.csv
000990.SZ,诚志股份,A股,..\data\a_share\000990.SZ.csv
688136.SH,科兴制药,A股,..\data\a_share\688136.SH.csv
688625.SH,呈和科技,A股,..\data\a_share\688625.SH.csv
601001.SH,晋控煤业,A股,..\data\a_share\601001.SH.csv
301327.SZ,华宝新能,A股,..\data\a_share\301327.SZ.csv
002946.SZ,新乳业,A股,..\data\a_share\002946.SZ.csv
688578.SH,艾力斯,A股,..\data\a_share\688578.SH.csv
603127.SH,昭衍新药,A股,..\data\a_share\603127.SH.csv
920425.SH,乐创技术,A股,..\data\a_share\920425.SH.csv
001332.SZ,锡装股份,A股,..\data\a_share\001332.SZ.csv
688045.SH,必易微,A股,..\data\a_share\688045.SH.csv
300012.SZ,华测检测,A股,..\data\a_share\300012.SZ.csv
300725.SZ,药石科技,A股,..\data\a_share\300725.SZ.csv
000695.SZ,滨海能源,A股,..\data\a_share\000695.SZ.csv
600410.SH,华胜天成,A股,..\data\a_share\600410.SH.csv
600433.SH,冠豪高新,A股,..\data\a_share\600433.SH.csv
688213.SH,思特威-W,A股,..\data\a_share\688213.SH.csv
600110.SH,诺德股份,A股,..\data\a_share\600110.SH.csv
002484.SZ,江海股份,A股,..\data\a_share\002484.SZ.csv
002215.SZ,诺 普 信,A股,..\data\a_share\002215.SZ.csv
002136.SZ,安 纳 达,A股,..\data\a_share\002136.SZ.csv
688726.SH,拉普拉斯,A股,..\data\a_share\688726.SH.csv
300254.SZ,仟源医药,A股,..\data\a_share\300254.SZ.csv
688312.SH,燕麦科技,A股,..\data\a_share\688312.SH.csv
000778.SZ,新兴铸管,A股,..\data\a_share\000778.SZ.csv
301110.SZ,青木科技,A股,..\data\a_share\301110.SZ.csv
300761.SZ,立华股份,A股,..\data\a_share\300761.SZ.csv
688137.SH,近岸蛋白,A股,..\data\a_share\688137.SH.csv
688502.SH,茂莱光学,A股,..\data\a_share\688502.SH.csv
002181.SZ,粤 传 媒,A股,..\data\a_share\002181.SZ.csv
300606.SZ,金太阳,A股,..\data\a_share\300606.SZ.csv
605117.SH,德业股份,A股,..\data\a_share\605117.SH.csv
002217.SZ,合力泰,A股,..\data\a_share\002217.SZ.csv
002107.SZ,沃华医药,A股,..\data\a_share\002107.SZ.csv
002950.SZ,奥美医疗,A股,..\data\a_share\002950.SZ.csv
688610.SH,埃科光电,A股,..\data\a_share\688610.SH.csv
300657.SZ,弘信电子,A股,..\data\a_share\300657.SZ.csv
300975.SZ,商络电子,A股,..\data\a_share\300975.SZ.csv
688101.SH,三达膜,A股,..\data\a_share\688101.SH.csv
600227.SH,赤天化,A股,..\data\a_share\600227.SH.csv
688173.SH,希荻微,A股,..\data\a_share\688173.SH.csv
300866.SZ,安克创新,A股,..\data\a_share\300866.SZ.csv
300604.SZ,长川科技,A股,..\data\a_share\300604.SZ.csv
603308.SH,应流股份,A股,..\data\a_share\603308.SH.csv
000957.SZ,中通客车,A股,..\data\a_share\000957.SZ.csv
002371.SZ,北方华创,A股,..\data\a_share\002371.SZ.csv
603606.SH,东方电缆,A股,..\data\a_share\603606.SH.csv
603520.SH,司太立,A股,..\data\a_share\603520.SH.csv
603861.SH,白云电器,A股,..\data\a_share\603861.SH.csv
002437.SZ,誉衡药业,A股,..\data\a_share\002437.SZ.csv
001298.SZ,好上好,A股,..\data\a_share\001298.SZ.csv
300048.SZ,合康新能,A股,..\data\a_share\300048.SZ.csv
002049.SZ,紫光国微,A股,..\data\a_share\002049.SZ.csv
001896.SZ,豫能控股,A股,..\data\a_share\001896.SZ.csv
603067.SH,振华股份,A股,..\data\a_share\603067.SH.csv
603317.SH,天味食品,A股,..\data\a_share\603317.SH.csv
600985.SH,淮北矿业,A股,..\data\a_share\600985.SH.csv
300502.SZ,新易盛,A股,..\data\a_share\300502.SZ.csv
600979.SH,广安爱众,A股,..\data\a_share\600979.SH.csv
002025.SZ,航天电器,A股,..\data\a_share\002025.SZ.csv
603076.SH,乐惠国际,A股,..\data\a_share\603076.SH.csv
002125.SZ,湘潭电化,A股,..\data\a_share\002125.SZ.csv
603115.SH,海星股份,A股,..\data\a_share\603115.SH.csv
600382.SH,广东明珠,A股,..\data\a_share\600382.SH.csv
600031.SH,三一重工,A股,..\data\a_share\600031.SH.csv
603887.SH,城地香江,A股,..\data\a_share\603887.SH.csv
688006.SH,杭可科技,A股,..\data\a_share\688006.SH.csv
300113.SZ,顺网科技,A股,..\data\a_share\300113.SZ.csv
300051.SZ,琏升科技,A股,..\data\a_share\300051.SZ.csv
603588.SH,高能环境,A股,..\data\a_share\603588.SH.csv
600089.SH,特变电工,A股,..\data\a_share\600089.SH.csv
603271.SH,永杰新材,A股,..\data\a_share\603271.SH.csv
301265.SZ,华新科技,A股,..\data\a_share\301265.SZ.csv
002518.SZ,科士达,A股,..\data\a_share\002518.SZ.csv
300618.SZ,寒锐钴业,A股,..\data\a_share\300618.SZ.csv
600586.SH,金晶科技,A股,..\data\a_share\600586.SH.csv
688380.SH,中微半导,A股,..\data\a_share\688380.SH.csv
688206.SH,概伦电子,A股,..\data\a_share\688206.SH.csv
688234.SH,天岳先进,A股,..\data\a_share\688234.SH.csv
300040.SZ,九洲集团,A股,..\data\a_share\300040.SZ.csv
002487.SZ,大金重工,A股,..\data\a_share\002487.SZ.csv
301299.SZ,卓创资讯,A股,..\data\a_share\301299.SZ.csv
002582.SZ,好想你,A股,..\data\a_share\002582.SZ.csv
688660.SH,电气风电,A股,..\data\a_share\688660.SH.csv
300769.SZ,德方纳米,A股,..\data\a_share\300769.SZ.csv
603283.SH,赛腾股份,A股,..\data\a_share\603283.SH.csv
600995.SH,南网储能,A股,..\data\a_share\600995.SH.csv
000792.SZ,盐湖股份,A股,..\data\a_share\000792.SZ.csv
002400.SZ,省广集团,A股,..\data\a_share\002400.SZ.csv
002810.SZ,山东赫达,A股,..\data\a_share\002810.SZ.csv
601117.SH,中国化学,A股,..\data\a_share\601117.SH.csv
000620.SZ,盈新发展,A股,..\data\a_share\000620.SZ.csv
300617.SZ,安靠智电,A股,..\data\a_share\300617.SZ.csv
688385.SH,复旦微电,A股,..\data\a_share\688385.SH.csv
300964.SZ,本川智能,A股,..\data\a_share\300964.SZ.csv
301389.SZ,隆扬电子,A股,..\data\a_share\301389.SZ.csv
002723.SZ,小崧股份,A股,..\data\a_share\002723.SZ.csv
301230.SZ,泓博医药,A股,..\data\a_share\301230.SZ.csv
920225.SH,利通科技,A股,..\data\a_share\920225.SH.csv
301502.SZ,华阳智能,A股,..\data\a_share\301502.SZ.csv
002734.SZ,利民股份,A股,..\data\a_share\002734.SZ.csv
002157.SZ,正邦科技,A股,..\data\a_share\002157.SZ.csv
000612.SZ,焦作万方,A股,..\data\a_share\000612.SZ.csv
688249.SH,晶合集成,A股,..\data\a_share\688249.SH.csv
301150.SZ,中一科技,A股,..\data\a_share\301150.SZ.csv
688078.SH,龙软科技,A股,..\data\a_share\688078.SH.csv
688106.SH,金宏气体,A股,..\data\a_share\688106.SH.csv
300727.SZ,润禾材料,A股,..\data\a_share\300727.SZ.csv
688403.SH,汇成股份,A股,..\data\a_share\688403.SH.csv
600958.SH,东方证券,A股,..\data\a_share\600958.SH.csv
002789.SZ,*ST建艺,A股,..\data\a_share\002789.SZ.csv
300373.SZ,扬杰科技,A股,..\data\a_share\300373.SZ.csv
000833.SZ,粤桂股份,A股,..\data\a_share\000833.SZ.csv
688138.SH,清溢光电,A股,..\data\a_share\688138.SH.csv
002990.SZ,盛视科技,A股,..\data\a_share\002990.SZ.csv
603101.SH,汇嘉时代,A股,..\data\a_share\603101.SH.csv
688120.SH,华海清科,A股,..\data\a_share\688120.SH.csv
688321.SH,微芯生物,A股,..\data\a_share\688321.SH.csv
000672.SZ,上峰水泥,A股,..\data\a_share\000672.SZ.csv
605056.SH,咸亨国际,A股,..\data\a_share\605056.SH.csv
002940.SZ,昂利康,A股,..\data\a_share\002940.SZ.csv
601699.SH,潞安环能,A股,..\data\a_share\601699.SH.csv
000933.SZ,神火股份,A股,..\data\a_share\000933.SZ.csv
603272.SH,*ST联翔,A股,..\data\a_share\603272.SH.csv
601101.SH,昊华能源,A股,..\data\a_share\601101.SH.csv
002176.SZ,江特电机,A股,..\data\a_share\002176.SZ.csv
600885.SH,宏发股份,A股,..\data\a_share\600885.SH.csv
600233.SH,圆通速递,A股,..\data\a_share\600233.SH.csv
920139.SH,华岭股份,A股,..\data\a_share\920139.SH.csv
600722.SH,金牛化工,A股,..\data\a_share\600722.SH.csv
688253.SH,英诺特,A股,..\data\a_share\688253.SH.csv
000402.SZ,金 融 街,A股,..\data\a_share\000402.SZ.csv
688559.SH,海目星,A股,..\data\a_share\688559.SH.csv
002246.SZ,北化股份,A股,..\data\a_share\002246.SZ.csv
600550.SH,保变电气,A股,..\data\a_share\600550.SH.csv
688176.SH,亚虹医药-U,A股,..\data\a_share\688176.SH.csv
002074.SZ,国轩高科,A股,..\data\a_share\002074.SZ.csv
688381.SH,帝奥微,A股,..\data\a_share\688381.SH.csv
688603.SH,天承科技,A股,..\data\a_share\688603.SH.csv
300577.SZ,开润股份,A股,..\data\a_share\300577.SZ.csv
300655.SZ,晶瑞电材,A股,..\data\a_share\300655.SZ.csv
300798.SZ,锦鸡股份,A股,..\data\a_share\300798.SZ.csv
603929.SH,亚翔集成,A股,..\data\a_share\603929.SH.csv
688131.SH,皓元医药,A股,..\data\a_share\688131.SH.csv
300576.SZ,容大感光,A股,..\data\a_share\300576.SZ.csv
000928.SZ,中钢国际,A股,..\data\a_share\000928.SZ.csv
688262.SH,国芯科技,A股,..\data\a_share\688262.SH.csv
601233.SH,桐昆股份,A股,..\data\a_share\601233.SH.csv
603533.SH,掌阅科技,A股,..\data\a_share\603533.SH.csv
600801.SH,华新建材,A股,..\data\a_share\600801.SH.csv
688308.SH,欧科亿,A股,..\data\a_share\688308.SH.csv
603586.SH,金麒麟,A股,..\data\a_share\603586.SH.csv
000539.SZ,粤电力Ａ,A股,..\data\a_share\000539.SZ.csv
603019.SH,中科曙光,A股,..\data\a_share\603019.SH.csv
688428.SH,诺诚健华,A股,..\data\a_share\688428.SH.csv
002364.SZ,中恒电气,A股,..\data\a_share\002364.SZ.csv
688046.SH,药康生物,A股,..\data\a_share\688046.SH.csv
600191.SH,华资实业,A股,..\data\a_share\600191.SH.csv
000951.SZ,中国重汽,A股,..\data\a_share\000951.SZ.csv
601898.SH,中煤能源,A股,..\data\a_share\601898.SH.csv
300547.SZ,川环科技,A股,..\data\a_share\300547.SZ.csv
002947.SZ,恒铭达,A股,..\data\a_share\002947.SZ.csv
603650.SH,彤程新材,A股,..\data\a_share\603650.SH.csv
300959.SZ,线上线下,A股,..\data\a_share\300959.SZ.csv
000762.SZ,西藏矿业,A股,..\data\a_share\000762.SZ.csv
300223.SZ,北京君正,A股,..\data\a_share\300223.SZ.csv
600299.SH,安迪苏,A股,..\data\a_share\600299.SH.csv
605296.SH,神农集团,A股,..\data\a_share\605296.SH.csv
688408.SH,中信博,A股,..\data\a_share\688408.SH.csv
301587.SZ,中瑞股份,A股,..\data\a_share\301587.SZ.csv
603365.SH,水星家纺,A股,..\data\a_share\603365.SH.csv
300972.SZ,万辰集团,A股,..\data\a_share\300972.SZ.csv
688583.SH,思看科技,A股,..\data\a_share\688583.SH.csv
300199.SZ,翰宇药业,A股,..\data\a_share\300199.SZ.csv
002245.SZ,蔚蓝锂芯,A股,..\data\a_share\002245.SZ.csv
300204.SZ,舒泰神,A股,..\data\a_share\300204.SZ.csv
603222.SH,济民健康,A股,..\data\a_share\603222.SH.csv
300782.SZ,卓胜微,A股,..\data\a_share\300782.SZ.csv
002859.SZ,洁美科技,A股,..\data\a_share\002859.SZ.csv
300210.SZ,森远股份,A股,..\data\a_share\300210.SZ.csv
600251.SH,冠农股份,A股,..\data\a_share\600251.SH.csv
000803.SZ,山高环能,A股,..\data\a_share\000803.SZ.csv
920493.SH,并行科技,A股,..\data\a_share\920493.SH.csv
688018.SH,乐鑫科技,A股,..\data\a_share\688018.SH.csv
688796.SH,百奥赛图,A股,..\data\a_share\688796.SH.csv
002394.SZ,联发股份,A股,..\data\a_share\002394.SZ.csv
688069.SH,德林海,A股,..\data\a_share\688069.SH.csv
300848.SZ,美瑞新材,A股,..\data\a_share\300848.SZ.csv
688323.SH,瑞华泰,A股,..\data\a_share\688323.SH.csv
300871.SZ,回盛生物,A股,..\data\a_share\300871.SZ.csv
300631.SZ,久吾高科,A股,..\data\a_share\300631.SZ.csv
300014.SZ,亿纬锂能,A股,..\data\a_share\300014.SZ.csv
600312.SH,平高电气,A股,..\data\a_share\600312.SH.csv
603683.SH,晶华新材,A股,..\data\a_share\603683.SH.csv
300870.SZ,欧陆通,A股,..\data\a_share\300870.SZ.csv
002853.SZ,皮阿诺,A股,..\data\a_share\002853.SZ.csv
603061.SH,金海通,A股,..\data\a_share\603061.SH.csv
688235.SH,百济神州,A股,..\data\a_share\688235.SH.csv
301557.SZ,常友科技,A股,..\data\a_share\301557.SZ.csv
002072.SZ,凯瑞德,A股,..\data\a_share\002072.SZ.csv
300490.SZ,华自科技,A股,..\data\a_share\300490.SZ.csv
688345.SH,博力威,A股,..\data\a_share\688345.SH.csv
002956.SZ,西麦食品,A股,..\data\a_share\002956.SZ.csv
601567.SH,三星电气,A股,..\data\a_share\601567.SH.csv
002432.SZ,九安医疗,A股,..\data\a_share\002432.SZ.csv
603175.SH,超颖电子,A股,..\data\a_share\603175.SH.csv
300450.SZ,先导智能,A股,..\data\a_share\300450.SZ.csv
603095.SH,越剑智能,A股,..\data\a_share\603095.SH.csv
688141.SH,杰华特,A股,..\data\a_share\688141.SH.csv
688336.SH,三生国健,A股,..\data\a_share\688336.SH.csv
002378.SZ,章源钨业,A股,..\data\a_share\002378.SZ.csv
688721.SH,龙图光罩,A股,..\data\a_share\688721.SH.csv
605589.SH,圣泉集团,A股,..\data\a_share\605589.SH.csv
688601.SH,力芯微,A股,..\data\a_share\688601.SH.csv
688166.SH,博瑞医药,A股,..\data\a_share\688166.SH.csv
000767.SZ,晋控电力,A股,..\data\a_share\000767.SZ.csv
688180.SH,君实生物-U,A股,..\data\a_share\688180.SH.csv
301246.SZ,宏源药业,A股,..\data\a_share\301246.SZ.csv
300677.SZ,英科医疗,A股,..\data\a_share\300677.SZ.csv
002039.SZ,黔源电力,A股,..\data\a_share\002039.SZ.csv
600499.SH,科达制造,A股,..\data\a_share\600499.SH.csv
688125.SH,安达智能,A股,..\data\a_share\688125.SH.csv
688003.SH,天准科技,A股,..\data\a_share\688003.SH.csv
000892.SZ,欢瑞世纪,A股,..\data\a_share\000892.SZ.csv
688158.SH,优刻得-W,A股,..\data\a_share\688158.SH.csv
688155.SH,先惠技术,A股,..\data\a_share\688155.SH.csv
300558.SZ,贝达药业,A股,..\data\a_share\300558.SZ.csv
603931.SH,格林达,A股,..\data\a_share\603931.SH.csv
300811.SZ,铂科新材,A股,..\data\a_share\300811.SZ.csv
300586.SZ,美联新材,A股,..\data\a_share\300586.SZ.csv
300410.SZ,正业科技,A股,..\data\a_share\300410.SZ.csv
300559.SZ,佳发教育,A股,..\data\a_share\300559.SZ.csv
600113.SH,浙江东日,A股,..\data\a_share\600113.SH.csv
688266.SH,泽璟制药-U,A股,..\data\a_share\688266.SH.csv
688699.SH,明微电子,A股,..\data\a_share\688699.SH.csv
000893.SZ,亚钾国际,A股,..\data\a_share\000893.SZ.csv
002353.SZ,杰瑞股份,A股,..\data\a_share\002353.SZ.csv
002901.SZ,大博医疗,A股,..\data\a_share\002901.SZ.csv
600295.SH,鄂尔多斯,A股,..\data\a_share\600295.SH.csv
688536.SH,思瑞浦,A股,..\data\a_share\688536.SH.csv
688343.SH,云天励飞-U,A股,..\data\a_share\688343.SH.csv
603777.SH,来伊份,A股,..\data\a_share\603777.SH.csv
300097.SZ,智云股份,A股,..\data\a_share\300097.SZ.csv
688376.SH,美埃科技,A股,..\data\a_share\688376.SH.csv
301468.SZ,博盈特焊,A股,..\data\a_share\301468.SZ.csv
688390.SH,固德威,A股,..\data\a_share\688390.SH.csv
300260.SZ,新莱应材,A股,..\data\a_share\300260.SZ.csv
688700.SH,东威科技,A股,..\data\a_share\688700.SH.csv
601218.SH,XD吉鑫科,A股,..\data\a_share\601218.SH.csv
000553.SZ,安道麦A,A股,..\data\a_share\000553.SZ.csv
000880.SZ,潍柴重机,A股,..\data\a_share\000880.SZ.csv
600773.SH,西藏城投,A股,..\data\a_share\600773.SH.csv
002549.SZ,凯美特气,A股,..\data\a_share\002549.SZ.csv
600546.SH,山煤国际,A股,..\data\a_share\600546.SH.csv
000039.SZ,中集集团,A股,..\data\a_share\000039.SZ.csv
000065.SZ,北方国际,A股,..\data\a_share\000065.SZ.csv
300364.SZ,中文在线,A股,..\data\a_share\300364.SZ.csv
000550.SZ,江铃汽车,A股,..\data\a_share\000550.SZ.csv
001309.SZ,德明利,A股,..\data\a_share\001309.SZ.csv
002733.SZ,雄韬股份,A股,..\data\a_share\002733.SZ.csv
300346.SZ,南大光电,A股,..\data\a_share\300346.SZ.csv
300759.SZ,康龙化成,A股,..\data\a_share\300759.SZ.csv
301149.SZ,隆华新材,A股,..\data\a_share\301149.SZ.csv
300706.SZ,阿石创,A股,..\data\a_share\300706.SZ.csv
688073.SH,毕得医药,A股,..\data\a_share\688073.SH.csv
603016.SH,新宏泰,A股,..\data\a_share\603016.SH.csv
688123.SH,聚辰股份,A股,..\data\a_share\688123.SH.csv
600719.SH,大连热电,A股,..\data\a_share\600719.SH.csv
920802.SH,保丽洁,A股,..\data\a_share\920802.SH.csv
000766.SZ,通化金马,A股,..\data\a_share\000766.SZ.csv
688365.SH,光云科技,A股,..\data\a_share\688365.SH.csv
600668.SH,尖峰集团,A股,..\data\a_share\600668.SH.csv
688525.SH,佰维存储,A股,..\data\a_share\688525.SH.csv
301526.SZ,国际复材,A股,..\data\a_share\301526.SZ.csv
300222.SZ,科大智能,A股,..\data\a_share\300222.SZ.csv
688800.SH,瑞可达,A股,..\data\a_share\688800.SH.csv
600513.SH,联环药业,A股,..\data\a_share\600513.SH.csv
688148.SH,芳源股份,A股,..\data\a_share\688148.SH.csv
300058.SZ,蓝色光标,A股,..\data\a_share\300058.SZ.csv
688410.SH,山外山,A股,..\data\a_share\688410.SH.csv
301200.SZ,大族数控,A股,..\data\a_share\301200.SZ.csv
002636.SZ,金安国纪,A股,..\data\a_share\002636.SZ.csv
301307.SZ,美利信,A股,..\data\a_share\301307.SZ.csv
688362.SH,甬矽电子,A股,..\data\a_share\688362.SH.csv
688295.SH,中复神鹰,A股,..\data\a_share\688295.SH.csv
688551.SH,科威尔,A股,..\data\a_share\688551.SH.csv
300721.SZ,怡达股份,A股,..\data\a_share\300721.SZ.csv
603799.SH,华友钴业,A股,..\data\a_share\603799.SH.csv
300750.SZ,宁德时代,A股,..\data\a_share\300750.SZ.csv
600970.SH,中材国际,A股,..\data\a_share\600970.SH.csv
002560.SZ,通达股份,A股,..\data\a_share\002560.SZ.csv
603729.SH,ST龙韵,A股,..\data\a_share\603729.SH.csv
002156.SZ,通富微电,A股,..\data\a_share\002156.SZ.csv
301373.SZ,凌玮科技,A股,..\data\a_share\301373.SZ.csv
600869.SH,远东股份,A股,..\data\a_share\600869.SH.csv
605599.SH,菜百股份,A股,..\data\a_share\605599.SH.csv
002290.SZ,禾盛新材,A股,..\data\a_share\002290.SZ.csv
000949.SZ,新乡化纤,A股,..\data\a_share\000949.SZ.csv
002581.SZ,*ST未名,A股,..\data\a_share\002581.SZ.csv
688257.SH,新锐股份,A股,..\data\a_share\688257.SH.csv
301031.SZ,中熔电气,A股,..\data\a_share\301031.SZ.csv
300456.SZ,赛微电子,A股,..\data\a_share\300456.SZ.csv
688498.SH,源杰科技,A股,..\data\a_share\688498.SH.csv
603599.SH,广信股份,A股,..\data\a_share\603599.SH.csv
688717.SH,艾罗能源,A股,..\data\a_share\688717.SH.csv
000034.SZ,神州数码,A股,..\data\a_share\000034.SZ.csv
688200.SH,华峰测控,A股,..\data\a_share\688200.SH.csv
688172.SH,燕东微,A股,..\data\a_share\688172.SH.csv
300651.SZ,金陵体育,A股,..\data\a_share\300651.SZ.csv
002326.SZ,永太科技,A股,..\data\a_share\002326.SZ.csv
301396.SZ,宏景科技,A股,..\data\a_share\301396.SZ.csv
300329.SZ,海伦钢琴,A股,..\data\a_share\300329.SZ.csv
600527.SH,江南高纤,A股,..\data\a_share\600527.SH.csv
301035.SZ,润丰股份,A股,..\data\a_share\301035.SZ.csv
600525.SH,ST长园,A股,..\data\a_share\600525.SH.csv
688361.SH,中科飞测,A股,..\data\a_share\688361.SH.csv
002478.SZ,常宝股份,A股,..\data\a_share\002478.SZ.csv
300843.SZ,胜蓝股份,A股,..\data\a_share\300843.SZ.csv
603057.SH,紫燕食品,A股,..\data\a_share\603057.SH.csv
300720.SZ,海川智能,A股,..\data\a_share\300720.SZ.csv
920204.SH,沪江材料,A股,..\data\a_share\920204.SH.csv
688072.SH,拓荆科技,A股,..\data\a_share\688072.SH.csv
000680.SZ,山推股份,A股,..\data\a_share\000680.SZ.csv
600239.SH,ST云城,A股,..\data\a_share\600239.SH.csv
000157.SZ,中联重科,A股,..\data\a_share\000157.SZ.csv
002208.SZ,合肥城建,A股,..\data\a_share\002208.SZ.csv
301040.SZ,中环海陆,A股,..\data\a_share\301040.SZ.csv
002240.SZ,盛新锂能,A股,..\data\a_share\002240.SZ.csv
603285.SH,键邦股份,A股,..\data\a_share\603285.SH.csv
002100.SZ,天康生物,A股,..\data\a_share\002100.SZ.csv
002409.SZ,雅克科技,A股,..\data\a_share\002409.SZ.csv
300567.SZ,精测电子,A股,..\data\a_share\300567.SZ.csv
002759.SZ,天际股份,A股,..\data\a_share\002759.SZ.csv
002821.SZ,凯莱英,A股,..\data\a_share\002821.SZ.csv
000533.SZ,顺钠股份,A股,..\data\a_share\000533.SZ.csv
688633.SH,星球石墨,A股,..\data\a_share\688633.SH.csv
002042.SZ,华孚时尚,A股,..\data\a_share\002042.SZ.csv
603078.SH,江化微,A股,..\data\a_share\603078.SH.csv
300153.SZ,科泰电源,A股,..\data\a_share\300153.SZ.csv
003018.SZ,金富科技,A股,..\data\a_share\003018.SZ.csv
688679.SH,通源环境,A股,..\data\a_share\688679.SH.csv
301148.SZ,嘉戎技术,A股,..\data\a_share\301148.SZ.csv
688779.SH,五矿新能,A股,..\data\a_share\688779.SH.csv
301611.SZ,珂玛科技,A股,..\data\a_share\301611.SZ.csv
300788.SZ,中信出版,A股,..\data\a_share\300788.SZ.csv
002460.SZ,赣锋锂业,A股,..\data\a_share\002460.SZ.csv
688519.SH,南亚新材,A股,..\data\a_share\688519.SH.csv
300444.SZ,双杰电气,A股,..\data\a_share\300444.SZ.csv
300042.SZ,朗科科技,A股,..\data\a_share\300042.SZ.csv
300347.SZ,泰格医药,A股,..\data\a_share\300347.SZ.csv
000066.SZ,中国长城,A股,..\data\a_share\000066.SZ.csv
301421.SZ,波长光电,A股,..\data\a_share\301421.SZ.csv
688019.SH,安集科技,A股,..\data\a_share\688019.SH.csv
300267.SZ,尔康制药,A股,..\data\a_share\300267.SZ.csv
688012.SH,中微公司,A股,..\data\a_share\688012.SH.csv
002466.SZ,天齐锂业,A股,..\data\a_share\002466.SZ.csv
000425.SZ,徐工机械,A股,..\data\a_share\000425.SZ.csv
688629.SH,华丰科技,A股,..\data\a_share\688629.SH.csv
600378.SH,昊华科技,A股,..\data\a_share\600378.SH.csv
688506.SH,百利天恒,A股,..\data\a_share\688506.SH.csv
000155.SZ,川能动力,A股,..\data\a_share\000155.SZ.csv
688226.SH,威腾电气,A股,..\data\a_share\688226.SH.csv
688813.SH,泰金新能,A股,..\data\a_share\688813.SH.csv
688388.SH,嘉元科技,A股,..\data\a_share\688388.SH.csv
688227.SH,品高股份,A股,..\data\a_share\688227.SH.csv
002756.SZ,永兴材料,A股,..\data\a_share\002756.SZ.csv
688409.SH,富创精密,A股,..\data\a_share\688409.SH.csv
688401.SH,路维光电,A股,..\data\a_share\688401.SH.csv
301606.SZ,绿联科技,A股,..\data\a_share\301606.SZ.csv
688353.SH,华盛锂电,A股,..\data\a_share\688353.SH.csv
688981.SH,中芯国际,A股,..\data\a_share\688981.SH.csv
301291.SZ,明阳电气,A股,..\data\a_share\301291.SZ.csv
300068.SZ,ST南都,A股,..\data\a_share\300068.SZ.csv
603259.SH,药明康德,A股,..\data\a_share\603259.SH.csv
600770.SH,综艺股份,A股,..\data\a_share\600770.SH.csv
002842.SZ,翔鹭钨业,A股,..\data\a_share\002842.SZ.csv
600744.SH,华银电力,A股,..\data\a_share\600744.SH.csv
002115.SZ,三维通信,A股,..\data\a_share\002115.SZ.csv
603557.SH,*ST起步,A股,..\data\a_share\603557.SH.csv
001389.SZ,广合科技,A股,..\data\a_share\001389.SZ.csv
688676.SH,XD金盘科,A股,..\data\a_share\688676.SH.csv
301486.SZ,致尚科技,A股,..\data\a_share\301486.SZ.csv
300723.SZ,一品红,A股,..\data\a_share\300723.SZ.csv
003022.SZ,联泓新科,A股,..\data\a_share\003022.SZ.csv
002028.SZ,思源电气,A股,..\data\a_share\002028.SZ.csv
300919.SZ,中伟新材,A股,..\data\a_share\300919.SZ.csv
300236.SZ,上海新阳,A股,..\data\a_share\300236.SZ.csv
688347.SH,华虹公司,A股,..\data\a_share\688347.SH.csv
300133.SZ,华策影视,A股,..\data\a_share\300133.SZ.csv
300243.SZ,瑞丰高材,A股,..\data\a_share\300243.SZ.csv
300821.SZ,东岳硅材,A股,..\data\a_share\300821.SZ.csv
301182.SZ,凯旺科技,A股,..\data\a_share\301182.SZ.csv
688037.SH,芯源微,A股,..\data\a_share\688037.SH.csv
300436.SZ,广生堂,A股,..\data\a_share\300436.SZ.csv
603026.SH,石大胜华,A股,..\data\a_share\603026.SH.csv
000657.SZ,中钨高新,A股,..\data\a_share\000657.SZ.csv
300475.SZ,香农芯创,A股,..\data\a_share\300475.SZ.csv
688275.SH,万润新能,A股,..\data\a_share\688275.SH.csv
920181.SH,赛英电子,A股,..\data\a_share\920181.SH.csv
300067.SZ,安诺其,A股,..\data\a_share\300067.SZ.csv
300082.SZ,奥克股份,A股,..\data\a_share\300082.SZ.csv
002575.SZ,群兴玩具,A股,..\data\a_share\002575.SZ.csv
600338.SH,西藏珠峰,A股,..\data\a_share\600338.SH.csv
688710.SH,益诺思,A股,..\data\a_share\688710.SH.csv
301070.SZ,开勒股份,A股,..\data\a_share\301070.SZ.csv
688192.SH,迪哲医药-U,A股,..\data\a_share\688192.SH.csv
688450.SH,光格科技,A股,..\data\a_share\688450.SH.csv
920809.SH,安达科技,A股,..\data\a_share\920809.SH.csv
603281.SH,江瀚新材,A股,..\data\a_share\603281.SH.csv
603986.SH,兆易创新,A股,..\data\a_share\603986.SH.csv
300013.SZ,新宁物流,A股,..\data\a_share\300013.SZ.csv
688337.SH,普源精电,A股,..\data\a_share\688337.SH.csv
605268.SH,王力安防,A股,..\data\a_share\605268.SH.csv
001317.SZ,三羊马,A股,..\data\a_share\001317.SZ.csv
603699.SH,纽威股份,A股,..\data\a_share\603699.SH.csv
603906.SH,龙蟠科技,A股,..\data\a_share\603906.SH.csv
688331.SH,荣昌生物,A股,..\data\a_share\688331.SH.csv
688607.SH,康众医疗,A股,..\data\a_share\688607.SH.csv
605305.SH,中际联合,A股,..\data\a_share\605305.SH.csv
688521.SH,芯原股份,A股,..\data\a_share\688521.SH.csv
002812.SZ,恩捷股份,A股,..\data\a_share\002812.SZ.csv
002081.SZ,金 螳 螂,A股,..\data\a_share\002081.SZ.csv
002431.SZ,ST棕榈,A股,..\data\a_share\002431.SZ.csv
301667.SZ,纳百川,A股,..\data\a_share\301667.SZ.csv
600370.SH,*ST三房,A股,..\data\a_share\600370.SH.csv
600053.SH,*ST九鼎,A股,..\data\a_share\600053.SH.csv
000703.SZ,恒逸石化,A股,..\data\a_share\000703.SZ.csv
600187.SH,*ST国中,A股,..\data\a_share\600187.SH.csv
000973.SZ,佛塑科技,A股,..\data\a_share\000973.SZ.csv
688372.SH,伟测科技,A股,..\data\a_share\688372.SH.csv
688778.SH,厦钨新能,A股,..\data\a_share\688778.SH.csv
603359.SH,*ST东珠,A股,..\data\a_share\603359.SH.csv
000078.SZ,ST海王,A股,..\data\a_share\000078.SZ.csv
603378.SH,*ST亚士,A股,..\data\a_share\603378.SH.csv
002514.SZ,*ST宝馨,A股,..\data\a_share\002514.SZ.csv
300438.SZ,鹏辉能源,A股,..\data\a_share\300438.SZ.csv
601718.SH,ST际华,A股,..\data\a_share\601718.SH.csv
002198.SZ,ST嘉应,A股,..\data\a_share\002198.SZ.csv
002109.SZ,ST兴化,A股,..\data\a_share\002109.SZ.csv
000677.SZ,ST海龙,A股,..\data\a_share\000677.SZ.csv
600965.SH,*ST福成,A股,..\data\a_share\600965.SH.csv
600080.SH,ST金花,A股,..\data\a_share\600080.SH.csv
600180.SH,*ST瑞茂,A股,..\data\a_share\600180.SH.csv
000010.SZ,*ST美丽,A股,..\data\a_share\000010.SZ.csv
603659.SH,璞泰来,A股,..\data\a_share\603659.SH.csv
600759.SH,ST洲际,A股,..\data\a_share\600759.SH.csv
002261.SZ,拓维信息,A股,..\data\a_share\002261.SZ.csv
600818.SH,ST中路,A股,..\data\a_share\600818.SH.csv
600302.SH,ST标准,A股,..\data\a_share\600302.SH.csv
002667.SZ,*ST威领,A股,..\data\a_share\002667.SZ.csv
600491.SH,ST龙元,A股,..\data\a_share\600491.SH.csv
600745.SH,*ST闻泰,A股,..\data\a_share\600745.SH.csv
002193.SZ,ST如意,A股,..\data\a_share\002193.SZ.csv
603922.SH,ST金鸿顺,A股,..\data\a_share\603922.SH.csv
600678.SH,ST金顶,A股,..\data\a_share\600678.SH.csv
301498.SZ,乖宝宠物,A股,..\data\a_share\301498.SZ.csv
002082.SZ,ST万邦,A股,..\data\a_share\002082.SZ.csv
002653.SZ,海思科,A股,..\data\a_share\002653.SZ.csv
300037.SZ,新宙邦,A股,..\data\a_share\300037.SZ.csv
002726.SZ,ST龙大,A股,..\data\a_share\002726.SZ.csv
603008.SH,ST喜临门,A股,..\data\a_share\603008.SH.csv
688630.SH,芯碁微装,A股,..\data\a_share\688630.SH.csv
688691.SH,灿芯股份,A股,..\data\a_share\688691.SH.csv
000062.SZ,深圳华强,A股,..\data\a_share\000062.SZ.csv
300497.SZ,富祥药业,A股,..\data\a_share\300497.SZ.csv
600340.SH,*ST华幸,A股,..\data\a_share\600340.SH.csv
002501.SZ,*ST利源,A股,..\data\a_share\002501.SZ.csv
688047.SH,龙芯中科,A股,..\data\a_share\688047.SH.csv
000688.SZ,国城矿业,A股,..\data\a_share\000688.SZ.csv
002323.SZ,*ST雅博,A股,..\data\a_share\002323.SZ.csv
688593.SH,新相微,A股,..\data\a_share\688593.SH.csv
688041.SH,海光信息,A股,..\data\a_share\688041.SH.csv
688795.SH,摩尔线程-U,A股,..\data\a_share\688795.SH.csv
301292.SZ,海科新源,A股,..\data\a_share\301292.SZ.csv
688087.SH,英科再生,A股,..\data\a_share\688087.SH.csv
000338.SZ,潍柴动力,A股,..\data\a_share\000338.SZ.csv
688256.SH,DR寒武纪,A股,..\data\a_share\688256.SH.csv
002294.SZ,信立泰,A股,..\data\a_share\002294.SZ.csv
600623.SH,华谊集团,A股,..\data\a_share\600623.SH.csv
600186.SH,莲花控股,A股,..\data\a_share\600186.SH.csv
002192.SZ,融捷股份,A股,..\data\a_share\002192.SZ.csv
301297.SZ,富乐德,A股,..\data\a_share\301297.SZ.csv
688809.SH,强一股份,A股,..\data\a_share\688809.SH.csv
001203.SZ,大中矿业,A股,..\data\a_share\001203.SZ.csv
301408.SZ,华人健康,A股,..\data\a_share\301408.SZ.csv
600875.SH,东方电气,A股,..\data\a_share\600875.SH.csv
301128.SZ,强瑞技术,A股,..\data\a_share\301128.SZ.csv
600379.SH,宝光股份,A股,..\data\a_share\600379.SH.csv
601636.SH,旗滨集团,A股,..\data\a_share\601636.SH.csv
000890.SZ,法尔胜,A股,..\data\a_share\000890.SZ.csv
300054.SZ,鼎龙股份,A股,..\data\a_share\300054.SZ.csv
002407.SZ,多氟多,A股,..\data\a_share\002407.SZ.csv
600673.SH,东阳光,A股,..\data\a_share\600673.SH.csv
300390.SZ,天华新能,A股,..\data\a_share\300390.SZ.csv
002709.SZ,天赐材料,A股,..\data\a_share\002709.SZ.csv
688802.SH,沐曦股份-U,A股,..\data\a_share\688802.SH.csv
688222.SH,成都先导,A股,..\data\a_share\688222.SH.csv
300666.SZ,江丰电子,A股,..\data\a_share\300666.SZ.csv
003026.SZ,中晶科技,A股,..\data\a_share\003026.SZ.csv
603507.SH,振江股份,A股,..\data\a_share\603507.SH.csv
000534.SZ,万泽股份,A股,..\data\a_share\000534.SZ.csv
301599.SZ,C理奇,A股,..\data\a_share\301599.SZ.csv
688530.SH,欧莱新材,A股,..\data\a_share\688530.SH.csv
301358.SZ,湖南裕能,A股,..\data\a_share\301358.SZ.csv
601339.SH,百隆东方,A股,..\data\a_share\601339.SH.csv
002140.SZ,东华科技,A股,..\data\a_share\002140.SZ.csv
603318.SH,水发燃气,A股,..\data\a_share\603318.SH.csv
002283.SZ,天润工业,A股,..\data\a_share\002283.SZ.csv
605158.SH,华达新材,A股,..\data\a_share\605158.SH.csv
000020.SZ,深华发Ａ,A股,..\data\a_share\000020.SZ.csv
300807.SZ,天迈科技,A股,..\data\a_share\300807.SZ.csv
300352.SZ,ST信源,A股,..\data\a_share\300352.SZ.csv
300430.SZ,*ST益通,A股,..\data\a_share\300430.SZ.csv
920200.SH,振宏股份,A股,..\data\a_share\920200.SH.csv
920680.SH,广道退,A股,..\data\a_share\920680.SH.csv
920305.SH,*ST云创,A股,..\data\a_share\920305.SH.csv
920178.SH,锐翔智能,A股,..\data\a_share\920178.SH.csv
920096.SH,嘉晨智能,A股,..\data\a_share\920096.SH.csv
833994.SZ,翰博高新,A股,..\data\a_share\833994.SZ.csv
833874.SZ,泰祥股份,A股,..\data\a_share\833874.SZ.csv
832317.SZ,观典防务,A股,..\data\a_share\832317.SZ.csv
810014.SZ,莱特定转,A股,..\data\a_share\810014.SZ.csv
810013.SZ,万通定转,A股,..\data\a_share\810013.SZ.csv
810011.SZ,优机定转,A股,..\data\a_share\810011.SZ.csv
688635.SH,长进光子,A股,..\data\a_share\688635.SH.csv
688555.SH,退市泽达,A股,..\data\a_share\688555.SH.csv
688086.SH,退市紫晶,A股,..\data\a_share\688086.SH.csv
605081.SH,*ST太和,A股,..\data\a_share\605081.SH.csv
603996.SH,退市中新,A股,..\data\a_share\603996.SH.csv
603963.SH,*ST大药,A股,..\data\a_share\603963.SH.csv
603779.SH,威龙股份,A股,..\data\a_share\603779.SH.csv
603603.SH,退市博天,A股,..\data\a_share\603603.SH.csv
603555.SH,ST贵人,A股,..\data\a_share\603555.SH.csv
603435.SH,嘉德利,A股,..\data\a_share\603435.SH.csv
603407.SH,长裕集团,A股,..\data\a_share\603407.SH.csv
603388.SH,*ST元成,A股,..\data\a_share\603388.SH.csv
603157.SH,退市拉夏,A股,..\data\a_share\603157.SH.csv
603133.SH,退市碳元,A股,..\data\a_share\603133.SH.csv
603056.SH,德邦股份,A股,..\data\a_share\603056.SH.csv
603003.SH,退市龙宇,A股,..\data\a_share\603003.SH.csv
601989.SH,中国重工,A股,..\data\a_share\601989.SH.csv
601558.SH,退市锐电,A股,..\data\a_share\601558.SH.csv
601299.SH,中国北车,A股,..\data\a_share\601299.SH.csv
601268.SH,*ST二重,A股,..\data\a_share\601268.SH.csv
601258.SH,*ST庞大,A股,..\data\a_share\601258.SH.csv
601028.SH,玉龙股份,A股,..\data\a_share\601028.SH.csv
601010.SH,ST文峰,A股,..\data\a_share\601010.SH.csv
600991.SH,广汽长丰,A股,..\data\a_share\600991.SH.csv
600978.SH,*ST宜生,A股,..\data\a_share\600978.SH.csv
600899.SH,*ST信联,A股,..\data\a_share\600899.SH.csv
600898.SH,*ST美讯,A股,..\data\a_share\600898.SH.csv
600896.SH,退市海医,A股,..\data\a_share\600896.SH.csv
600891.SH,退市秋林,A股,..\data\a_share\600891.SH.csv
600890.SH,退市中房,A股,..\data\a_share\600890.SH.csv
600878.SH,*ST北科,A股,..\data\a_share\600878.SH.csv
600870.SH,退市厦华,A股,..\data\a_share\600870.SH.csv
600856.SH,退市中天,A股,..\data\a_share\600856.SH.csv
600852.SH,*ST中川,A股,..\data\a_share\600852.SH.csv
600849.SH,上药转换,A股,..\data\a_share\600849.SH.csv
600842.SH,中西药业,A股,..\data\a_share\600842.SH.csv
600840.SH,新湖创业,A股,..\data\a_share\600840.SH.csv
600837.SH,海通证券,A股,..\data\a_share\600837.SH.csv
600836.SH,*ST易连,A股,..\data\a_share\600836.SH.csv
600832.SH,东方明珠,A股,..\data\a_share\600832.SH.csv
600823.SH,*ST世茂,A股,..\data\a_share\600823.SH.csv
600813.SH,ST鞍一工,A股,..\data\a_share\600813.SH.csv
600811.SH,*ST东方,A股,..\data\a_share\600811.SH.csv
600806.SH,退市昆机,A股,..\data\a_share\600806.SH.csv
600804.SH,退市鹏博,A股,..\data\a_share\600804.SH.csv
600799.SH,*ST龙科,A股,..\data\a_share\600799.SH.csv
600788.SH,*ST达曼,A股,..\data\a_share\600788.SH.csv
600786.SH,东方锅炉,A股,..\data\a_share\600786.SH.csv
600781.SH,退市辅仁,A股,..\data\a_share\600781.SH.csv
600772.SH,S*ST龙昌,A股,..\data\a_share\600772.SH.csv
600767.SH,退市运盛,A股,..\data\a_share\600767.SH.csv
600766.SH,退市园城,A股,..\data\a_share\600766.SH.csv
600762.SH,S*ST金荔,A股,..\data\a_share\600762.SH.csv
600752.SH,*ST哈慈,A股,..\data\a_share\600752.SH.csv
600747.SH,退市大控,A股,..\data\a_share\600747.SH.csv
600723.SH,首商股份,A股,..\data\a_share\600723.SH.csv
600709.SH,ST生态,A股,..\data\a_share\600709.SH.csv
600705.SH,中航产融,A股,..\data\a_share\600705.SH.csv
600701.SH,退市工新,A股,..\data\a_share\600701.SH.csv
600700.SH,*ST数码,A股,..\data\a_share\600700.SH.csv
600696.SH,*ST岩石,A股,..\data\a_share\600696.SH.csv
600695.SH,退市绿庭,A股,..\data\a_share\600695.SH.csv
600687.SH,退市刚泰,A股,..\data\a_share\600687.SH.csv
600680.SH,*ST上普,A股,..\data\a_share\600680.SH.csv
600677.SH,*ST航通,A股,..\data\a_share\600677.SH.csv
600672.SH,*ST华圣,A股,..\data\a_share\600672.SH.csv
600670.SH,*ST斯达,A股,..\data\a_share\600670.SH.csv
600669.SH,*ST鞍成,A股,..\data\a_share\600669.SH.csv
600659.SH,*ST花雕,A股,..\data\a_share\600659.SH.csv
600656.SH,退市博元,A股,..\data\a_share\600656.SH.csv
600652.SH,退市游久,A股,..\data\a_share\600652.SH.csv
600647.SH,退市同达,A股,..\data\a_share\600647.SH.csv
600646.SH,ST国嘉,A股,..\data\a_share\600646.SH.csv
600636.SH,*ST国化,A股,..\data\a_share\600636.SH.csv
600634.SH,退市富控,A股,..\data\a_share\600634.SH.csv
600632.SH,华联商厦,A股,..\data\a_share\600632.SH.csv
600631.SH,百联股份,A股,..\data\a_share\600631.SH.csv
600627.SH,上电股份,A股,..\data\a_share\600627.SH.csv
600625.SH,PT水仙,A股,..\data\a_share\600625.SH.csv
600614.SH,退市鹏起,A股,..\data\a_share\600614.SH.csv
600608.SH,*ST沪科,A股,..\data\a_share\600608.SH.csv
600607.SH,上实医药,A股,..\data\a_share\600607.SH.csv
600599.SH,*ST熊猫,A股,..\data\a_share\600599.SH.csv
600591.SH,*ST上航,A股,..\data\a_share\600591.SH.csv
600565.SH,ST迪马,A股,..\data\a_share\600565.SH.csv
600555.SH,退市海创,A股,..\data\a_share\600555.SH.csv
600553.SH,太行水泥,A股,..\data\a_share\600553.SH.csv
600532.SH,退市未来,A股,..\data\a_share\600532.SH.csv
600485.SH,*ST信威,A股,..\data\a_share\600485.SH.csv
600472.SH,包头铝业,A股,..\data\a_share\600472.SH.csv
600466.SH,*ST蓝光,A股,..\data\a_share\600466.SH.csv
600462.SH,退市九有,A股,..\data\a_share\600462.SH.csv
600432.SH,退市吉恩,A股,..\data\a_share\600432.SH.csv
600421.SH,*ST华嵘,A股,..\data\a_share\600421.SH.csv
600401.SH,退市海润,A股,..\data\a_share\600401.SH.csv
600393.SH,ST粤泰,A股,..\data\a_share\600393.SH.csv
600387.SH,退市海越,A股,..\data\a_share\600387.SH.csv
600385.SH,退市金泰,A股,..\data\a_share\600385.SH.csv
600357.SH,承德钒钛,A股,..\data\a_share\600357.SH.csv
600355.SH,*ST精伦,A股,..\data\a_share\600355.SH.csv
600321.SH,正源股份,A股,..\data\a_share\600321.SH.csv
600317.SH,营口港,A股,..\data\a_share\600317.SH.csv
600311.SH,*ST荣华,A股,..\data\a_share\600311.SH.csv
600306.SH,退市商城,A股,..\data\a_share\600306.SH.csv
600297.SH,广汇汽车,A股,..\data\a_share\600297.SH.csv
600296.SH,S兰铝,A股,..\data\a_share\600296.SH.csv
600291.SH,退市西水,A股,..\data\a_share\600291.SH.csv
600290.SH,*ST华仪,A股,..\data\a_share\600290.SH.csv
600286.SH,S*ST国瓷,A股,..\data\a_share\600286.SH.csv
600277.SH,ST亿利,A股,..\data\a_share\600277.SH.csv
600275.SH,退市昌鱼,A股,..\data\a_share\600275.SH.csv
600270.SH,外运发展,A股,..\data\a_share\600270.SH.csv
600263.SH,路桥建设,A股,..\data\a_share\600263.SH.csv
600260.SH,*ST凯乐,A股,..\data\a_share\600260.SH.csv
600253.SH,天方药业,A股,..\data\a_share\600253.SH.csv
600247.SH,*ST成城,A股,..\data\a_share\600247.SH.csv
600242.SH,退市中昌,A股,..\data\a_share\600242.SH.csv
600240.SH,退市华业,A股,..\data\a_share\600240.SH.csv
600225.SH,退市卓朗,A股,..\data\a_share\600225.SH.csv
600220.SH,ST阳光,A股,..\data\a_share\600220.SH.csv
600213.SH,*ST亚星,A股,..\data\a_share\600213.SH.csv
600209.SH,退市罗顿,A股,..\data\a_share\600209.SH.csv
600205.SH,S山东铝,A股,..\data\a_share\600205.SH.csv
600200.SH,退市苏吴,A股,..\data\a_share\600200.SH.csv
600193.SH,*ST创兴,A股,..\data\a_share\600193.SH.csv
600190.SH,退市锦港,A股,..\data\a_share\600190.SH.csv
600181.SH,S*ST云大,A股,..\data\a_share\600181.SH.csv
600175.SH,退市美都,A股,..\data\a_share\600175.SH.csv
600146.SH,退市环球,A股,..\data\a_share\600146.SH.csv
600145.SH,退市新亿,A股,..\data\a_share\600145.SH.csv
600139.SH,*ST西源,A股,..\data\a_share\600139.SH.csv
600122.SH,*ST宏图,A股,..\data\a_share\600122.SH.csv
600112.SH,*ST天成,A股,..\data\a_share\600112.SH.csv
600102.SH,莱钢股份,A股,..\data\a_share\600102.SH.csv
600093.SH,退市易见,A股,..\data\a_share\600093.SH.csv
600092.SH,S*ST精密,A股,..\data\a_share\600092.SH.csv
600091.SH,退市明科,A股,..\data\a_share\600091.SH.csv
600090.SH,退市济堂,A股,..\data\a_share\600090.SH.csv
600087.SH,退市长油,A股,..\data\a_share\600087.SH.csv
600086.SH,退市金钰,A股,..\data\a_share\600086.SH.csv
600083.SH,*ST博信,A股,..\data\a_share\600083.SH.csv
600077.SH,*ST宋都,A股,..\data\a_share\600077.SH.csv
600074.SH,退市保千,A股,..\data\a_share\600074.SH.csv
600070.SH,*ST富润,A股,..\data\a_share\600070.SH.csv
600069.SH,退市银鸽,A股,..\data\a_share\600069.SH.csv
600068.SH,葛洲坝,A股,..\data\a_share\600068.SH.csv
600065.SH,*ST联谊,A股,..\data\a_share\600065.SH.csv
600005.SH,武钢股份,A股,..\data\a_share\600005.SH.csv
600003.SH,ST东北高,A股,..\data\a_share\600003.SH.csv
600002.SH,齐鲁石化,A股,..\data\a_share\600002.SH.csv
600001.SH,邯郸钢铁,A股,..\data\a_share\600001.SH.csv
301531.SZ,春光集团,A股,..\data\a_share\301531.SZ.csv
300965.SZ,恒宇信通,A股,..\data\a_share\300965.SZ.csv
300799.SZ,左江退,A股,..\data\a_share\300799.SZ.csv
300742.SZ,越博退,A股,..\data\a_share\300742.SZ.csv
300630.SZ,普利退,A股,..\data\a_share\300630.SZ.csv
300526.SZ,中潜退,A股,..\data\a_share\300526.SZ.csv
300495.SZ,*ST美尚,A股,..\data\a_share\300495.SZ.csv
300431.SZ,暴风退,A股,..\data\a_share\300431.SZ.csv
300392.SZ,腾信退,A股,..\data\a_share\300392.SZ.csv
300391.SZ,长药退,A股,..\data\a_share\300391.SZ.csv
300379.SZ,东通退,A股,..\data\a_share\300379.SZ.csv
300372.SZ,欣泰退,A股,..\data\a_share\300372.SZ.csv
300367.SZ,网力退,A股,..\data\a_share\300367.SZ.csv
300362.SZ,天翔退,A股,..\data\a_share\300362.SZ.csv
300356.SZ,光一退,A股,..\data\a_share\300356.SZ.csv
300344.SZ,立方退,A股,..\data\a_share\300344.SZ.csv
300336.SZ,新文退,A股,..\data\a_share\300336.SZ.csv
300330.SZ,计通退,A股,..\data\a_share\300330.SZ.csv
300325.SZ,德威退,A股,..\data\a_share\300325.SZ.csv
300312.SZ,邦讯退,A股,..\data\a_share\300312.SZ.csv
300309.SZ,吉艾退,A股,..\data\a_share\300309.SZ.csv
300297.SZ,蓝盾退,A股,..\data\a_share\300297.SZ.csv
300282.SZ,三盛退,A股,..\data\a_share\300282.SZ.csv
300280.SZ,紫天退,A股,..\data\a_share\300280.SZ.csv
300273.SZ,和佳退,A股,..\data\a_share\300273.SZ.csv
300262.SZ,*ST巴安,A股,..\data\a_share\300262.SZ.csv
300216.SZ,千山退,A股,..\data\a_share\300216.SZ.csv
300208.SZ,中程退,A股,..\data\a_share\300208.SZ.csv
300202.SZ,聚龙退,A股,..\data\a_share\300202.SZ.csv
300186.SZ,大华农,A股,..\data\a_share\300186.SZ.csv
300178.SZ,腾邦退,A股,..\data\a_share\300178.SZ.csv
300156.SZ,神雾退,A股,..\data\a_share\300156.SZ.csv
300117.SZ,*ST嘉寓,A股,..\data\a_share\300117.SZ.csv
300116.SZ,*ST保力,A股,..\data\a_share\300116.SZ.csv
300108.SZ,*ST吉药,A股,..\data\a_share\300108.SZ.csv
300104.SZ,乐视退,A股,..\data\a_share\300104.SZ.csv
300090.SZ,盛运退,A股,..\data\a_share\300090.SZ.csv
300089.SZ,文化退,A股,..\data\a_share\300089.SZ.csv
300069.SZ,金利华电,A股,..\data\a_share\300069.SZ.csv
300064.SZ,金刚退,A股,..\data\a_share\300064.SZ.csv
300038.SZ,数知退,A股,..\data\a_share\300038.SZ.csv
300029.SZ,*ST天龙,A股,..\data\a_share\300029.SZ.csv
300028.SZ,金亚退,A股,..\data\a_share\300028.SZ.csv
300023.SZ,宝德退,A股,..\data\a_share\300023.SZ.csv
002898.SZ,*ST赛隆,A股,..\data\a_share\002898.SZ.csv
002808.SZ,*ST恒久,A股,..\data\a_share\002808.SZ.csv
002781.SZ,奇信退,A股,..\data\a_share\002781.SZ.csv
002776.SZ,*ST柏龙,A股,..\data\a_share\002776.SZ.csv
002770.SZ,科迪退,A股,..\data\a_share\002770.SZ.csv
002751.SZ,易尚退,A股,..\data\a_share\002751.SZ.csv
002750.SZ,龙津退,A股,..\data\a_share\002750.SZ.csv
002740.SZ,*ST爱迪,A股,..\data\a_share\002740.SZ.csv
002731.SZ,ST萃华,A股,..\data\a_share\002731.SZ.csv
002711.SZ,欧浦退,A股,..\data\a_share\002711.SZ.csv
002699.SZ,*ST美盛,A股,..\data\a_share\002699.SZ.csv
002684.SZ,猛狮退,A股,..\data\a_share\002684.SZ.csv
002680.SZ,长生退,A股,..\data\a_share\002680.SZ.csv
002665.SZ,ST航高,A股,..\data\a_share\002665.SZ.csv
002621.SZ,*ST美吉,A股,..\data\a_share\002621.SZ.csv
002619.SZ,*ST艾格,A股,..\data\a_share\002619.SZ.csv
002618.SZ,丹邦退,A股,..\data\a_share\002618.SZ.csv
002610.SZ,ST爱康,A股,..\data\a_share\002610.SZ.csv
002604.SZ,龙力退,A股,..\data\a_share\002604.SZ.csv
002509.SZ,天茂退,A股,..\data\a_share\002509.SZ.csv
002505.SZ,鹏都农牧,A股,..\data\a_share\002505.SZ.csv
002504.SZ,*ST弘高,A股,..\data\a_share\002504.SZ.csv
002503.SZ,*ST搜特,A股,..\data\a_share\002503.SZ.csv
002502.SZ,ST鼎龙,A股,..\data\a_share\002502.SZ.csv
002499.SZ,科林退,A股,..\data\a_share\002499.SZ.csv
002477.SZ,雏鹰退,A股,..\data\a_share\002477.SZ.csv
002473.SZ,圣莱退,A股,..\data\a_share\002473.SZ.csv
002464.SZ,众应退,A股,..\data\a_share\002464.SZ.csv
002450.SZ,康得退,A股,..\data\a_share\002450.SZ.csv
002447.SZ,晨鑫退,A股,..\data\a_share\002447.SZ.csv
002435.SZ,ST长康,A股,..\data\a_share\002435.SZ.csv
002433.SZ,太安退,A股,..\data\a_share\002433.SZ.csv
002417.SZ,深南退,A股,..\data\a_share\002417.SZ.csv
002411.SZ,必康退,A股,..\data\a_share\002411.SZ.csv
002359.SZ,北讯退,A股,..\data\a_share\002359.SZ.csv
002341.SZ,ST新纶,A股,..\data\a_share\002341.SZ.csv
002336.SZ,人乐退,A股,..\data\a_share\002336.SZ.csv
002325.SZ,*ST洪涛,A股,..\data\a_share\002325.SZ.csv
002308.SZ,*ST威创,A股,..\data\a_share\002308.SZ.csv
002288.SZ,*ST超华,A股,..\data\a_share\002288.SZ.csv
002280.SZ,ST联络,A股,..\data\a_share\002280.SZ.csv
002260.SZ,德奥退,A股,..\data\a_share\002260.SZ.csv
002231.SZ,*ST奥维,A股,..\data\a_share\002231.SZ.csv
002220.SZ,天宝退,A股,..\data\a_share\002220.SZ.csv
002168.SZ,*ST惠程,A股,..\data\a_share\002168.SZ.csv
002147.SZ,新光退,A股,..\data\a_share\002147.SZ.csv
002143.SZ,印纪退,A股,..\data\a_share\002143.SZ.csv
002118.SZ,*ST紫鑫,A股,..\data\a_share\002118.SZ.csv
002113.SZ,*ST天润,A股,..\data\a_share\002113.SZ.csv
002089.SZ,新海退,A股,..\data\a_share\002089.SZ.csv
002087.SZ,新纺退,A股,..\data\a_share\002087.SZ.csv
002071.SZ,长城退,A股,..\data\a_share\002071.SZ.csv
002070.SZ,众和退,A股,..\data\a_share\002070.SZ.csv
002018.SZ,华信退,A股,..\data\a_share\002018.SZ.csv
002013.SZ,中航机电,A股,..\data\a_share\002013.SZ.csv
002002.SZ,ST鸿达,A股,..\data\a_share\002002.SZ.csv
001393.SZ,维通利,A股,..\data\a_share\001393.SZ.csv
001365.SZ,天海电子,A股,..\data\a_share\001365.SZ.csv
001237.SZ,惠康科技,A股,..\data\a_share\001237.SZ.csv
000996.SZ,中期退,A股,..\data\a_share\000996.SZ.csv
000982.SZ,中银绒业,A股,..\data\a_share\000982.SZ.csv
000979.SZ,中弘退,A股,..\data\a_share\000979.SZ.csv
000976.SZ,*ST华铁,A股,..\data\a_share\000976.SZ.csv
000971.SZ,*ST高升,A股,..\data\a_share\000971.SZ.csv
000961.SZ,ST中南,A股,..\data\a_share\000961.SZ.csv
000956.SZ,中原油气,A股,..\data\a_share\000956.SZ.csv
000939.SZ,凯迪退,A股,..\data\a_share\000939.SZ.csv
000918.SZ,*ST嘉凯,A股,..\data\a_share\000918.SZ.csv
000916.SZ,华北高速,A股,..\data\a_share\000916.SZ.csv
000866.SZ,扬子石化,A股,..\data\a_share\000866.SZ.csv
000861.SZ,海印股份,A股,..\data\a_share\000861.SZ.csv
000851.SZ,*ST高鸿,A股,..\data\a_share\000851.SZ.csv
000836.SZ,ST富通,A股,..\data\a_share\000836.SZ.csv
000835.SZ,长动退,A股,..\data\a_share\000835.SZ.csv
000832.SZ,*ST龙涤,A股,..\data\a_share\000832.SZ.csv
000827.SZ,*ST长兴,A股,..\data\a_share\000827.SZ.csv
000817.SZ,辽河油田,A股,..\data\a_share\000817.SZ.csv
000806.SZ,银河退,A股,..\data\a_share\000806.SZ.csv
000805.SZ,*ST炎黄,A股,..\data\a_share\000805.SZ.csv
000787.SZ,*ST创智,A股,..\data\a_share\000787.SZ.csv
000780.SZ,ST平能,A股,..\data\a_share\000780.SZ.csv
000769.SZ,*ST大菲,A股,..\data\a_share\000769.SZ.csv
000765.SZ,*ST华信,A股,..\data\a_share\000765.SZ.csv
000763.SZ,锦州石化,A股,..\data\a_share\000763.SZ.csv
000760.SZ,斯太退,A股,..\data\a_share\000760.SZ.csv
000748.SZ,长城信息,A股,..\data\a_share\000748.SZ.csv
000732.SZ,ST泰禾,A股,..\data\a_share\000732.SZ.csv
000730.SZ,*ST环保,A股,..\data\a_share\000730.SZ.csv
000699.SZ,S*ST佳纸,A股,..\data\a_share\000699.SZ.csv
000693.SZ,华泽退,A股,..\data\a_share\000693.SZ.csv
000689.SZ,ST宏业,A股,..\data\a_share\000689.SZ.csv
000687.SZ,华讯退,A股,..\data\a_share\000687.SZ.csv
000675.SZ,ST银山,A股,..\data\a_share\000675.SZ.csv
000673.SZ,当代退,A股,..\data\a_share\000673.SZ.csv
000671.SZ,ST阳光城,A股,..\data\a_share\000671.SZ.csv
000667.SZ,ST美置,A股,..\data\a_share\000667.SZ.csv
000666.SZ,经纬纺机,A股,..\data\a_share\000666.SZ.csv
000662.SZ,天夏退,A股,..\data\a_share\000662.SZ.csv
000660.SZ,*ST南华,A股,..\data\a_share\000660.SZ.csv
000658.SZ,ST海洋,A股,..\data\a_share\000658.SZ.csv
000653.SZ,ST九州,A股,..\data\a_share\000653.SZ.csv
000638.SZ,*ST万方,A股,..\data\a_share\000638.SZ.csv
000627.SZ,*ST天茂,A股,..\data\a_share\000627.SZ.csv
000622.SZ,恒立退,A股,..\data\a_share\000622.SZ.csv
000621.SZ,*ST比特,A股,..\data\a_share\000621.SZ.csv
000618.SZ,吉林化工,A股,..\data\a_share\000618.SZ.csv
000616.SZ,*ST海投,A股,..\data\a_share\000616.SZ.csv
000613.SZ,东海A退,A股,..\data\a_share\000613.SZ.csv
000611.SZ,天首退,A股,..\data\a_share\000611.SZ.csv
000606.SZ,顺利退,A股,..\data\a_share\000606.SZ.csv
000602.SZ,金马集团,A股,..\data\a_share\000602.SZ.csv
000594.SZ,国恒退,A股,..\data\a_share\000594.SZ.csv
000588.SZ,PT粤金曼,A股,..\data\a_share\000588.SZ.csv
000587.SZ,*ST金洲,A股,..\data\a_share\000587.SZ.csv
000585.SZ,东电退,A股,..\data\a_share\000585.SZ.csv
000584.SZ,工智退,A股,..\data\a_share\000584.SZ.csv
000583.SZ,S*ST托普,A股,..\data\a_share\000583.SZ.csv
000578.SZ,盐湖集团,A股,..\data\a_share\000578.SZ.csv
000569.SZ,长城股份,A股,..\data\a_share\000569.SZ.csv
000562.SZ,宏源证券,A股,..\data\a_share\000562.SZ.csv
000556.SZ,PT南洋,A股,..\data\a_share\000556.SZ.csv
000549.SZ,S湘火炬,A股,..\data\a_share\000549.SZ.csv
000542.SZ,TCL通讯,A股,..\data\a_share\000542.SZ.csv
000540.SZ,*ST中天,A股,..\data\a_share\000540.SZ.csv
000535.SZ,*ST猴王,A股,..\data\a_share\000535.SZ.csv
000527.SZ,美的电器,A股,..\data\a_share\000527.SZ.csv
000522.SZ,白云山A,A股,..\data\a_share\000522.SZ.csv
000515.SZ,攀渝钛业,A股,..\data\a_share\000515.SZ.csv
000511.SZ,烯碳退,A股,..\data\a_share\000511.SZ.csv
000508.SZ,琼民源A,A股,..\data\a_share\000508.SZ.csv
000502.SZ,绿景退,A股,..\data\a_share\000502.SZ.csv
000418.SZ,小天鹅A,A股,..\data\a_share\000418.SZ.csv
000416.SZ,*ST民控,A股,..\data\a_share\000416.SZ.csv
000413.SZ,ST旭电,A股,..\data\a_share\000413.SZ.csv
000412.SZ,ST五环,A股,..\data\a_share\000412.SZ.csv
000406.SZ,石油大明,A股,..\data\a_share\000406.SZ.csv
000405.SZ,ST鑫光,A股,..\data\a_share\000405.SZ.csv
000150.SZ,*ST宜康,A股,..\data\a_share\000150.SZ.csv
000047.SZ,ST中侨,A股,..\data\a_share\000047.SZ.csv
000046.SZ,*ST泛海,A股,..\data\a_share\000046.SZ.csv
000040.SZ,*ST旭蓝,A股,..\data\a_share\000040.SZ.csv
000038.SZ,大通退,A股,..\data\a_share\000038.SZ.csv
000033.SZ,新都退,A股,..\data\a_share\000033.SZ.csv
000024.SZ,招商地产,A股,..\data\a_share\000024.SZ.csv
000023.SZ,*ST深天,A股,..\data\a_share\000023.SZ.csv
000018.SZ,神城A退,A股,..\data\a_share\000018.SZ.csv
000015.SZ,PT中浩A,A股,..\data\a_share\000015.SZ.csv
000013.SZ,*ST石化A,A股,..\data\a_share\000013.SZ.csv
000005.SZ,ST星源,A股,..\data\a_share\000005.SZ.csv
000004.SZ,*ST国华,A股,..\data\a_share\000004.SZ.csv
000003.SZ,PT金田A,A股,..\data\a_share\000003.SZ.csv
